,leiden,cell_type
AAACAGCCAAATATCC-1,7,NK cells
AAACAGCCAGGAACTG-1,4,T cells
AAACAGCCAGGCTTCG-1,0,Classical Monocytes
AAACCAACACCTGCTC-1,6,B cells
AAACCAACAGATTCAT-1,5,Cytotoxic lymphocytes
AAACCAACAGTTGCGT-1,2,Naive T cells
AAACCAACATAACGGG-1,1,Naive/CD4 T cells
AAACCAACATAGACCC-1,0,Classical Monocytes
AAACCGCGTGAGGTAG-1,6,B cells
AAACGCGCATACCCGG-1,4,T cells
AAACGGATCCTAGTAA-1,0,Classical Monocytes
AAACGTACAAATACCT-1,5,Cytotoxic lymphocytes
AAAGCACCACCCACCT-1,1,Naive/CD4 T cells
AAAGCTTGTGTGTGGT-1,0,Classical Monocytes
AAAGGACGTATTGTGG-1,7,NK cells
AAAGGACGTCATCCTG-1,0,Classical Monocytes
AAAGGACGTTAAGCCA-1,0,Classical Monocytes
AAAGGACGTTCACCAT-1,6,B cells
AAAGGAGCACAAACTT-1,1,Naive/CD4 T cells
AAAGGAGCATAGCTGC-1,0,Classical Monocytes
AAAGGCTCACCGTTCC-1,2,Naive T cells
AAAGGCTCACTTCACT-1,6,B cells
AAAGGTTAGCAAGGGT-1,4,T cells
AAAGGTTAGGGTGGAT-1,2,Naive T cells
AAATCCGGTTAGCGTA-1,5,Cytotoxic lymphocytes
AAATGCCTCCAGGAAA-1,0,Classical Monocytes
AAATGCCTCGCTAAAC-1,0,Classical Monocytes
AACAAAGGTAATGGAA-1,9,Rare/Unclear
AACAAGCCAGGTTCAC-1,0,Classical Monocytes
AACAGATAGAGGCTAA-1,1,Naive/CD4 T cells
AACAGATAGGGTCCAC-1,1,Naive/CD4 T cells
AACAGCAAGGAAGCTA-1,7,NK cells
AACAGGATCACTAGGT-1,1,Naive/CD4 T cells
AACAGGATCATCACTT-1,0,Classical Monocytes
AACAGGATCTACCTGC-1,7,NK cells
AACATAGCATAAAGCA-1,1,Naive/CD4 T cells
AACATCATCCGTTATT-1,0,Classical Monocytes
AACATCATCGAGGAAC-1,3,CD8 T cells
AACATCATCGGCTATG-1,6,B cells
AACCCGCAGTAACAGG-1,4,T cells
AACCCGCAGTCACTAA-1,1,Naive/CD4 T cells
AACCGGCTCCGTAAAC-1,4,T cells
AACCGGCTCGATCAGT-1,0,Classical Monocytes
AACCGGCTCGTTAGCG-1,3,CD8 T cells
AACCTCCTCCCTCACG-1,4,T cells
AACCTTAAGGTCTTGG-1,3,CD8 T cells
AACCTTGCAATAATCC-1,2,Naive T cells
AACCTTGCAGCCTGCA-1,0,Classical Monocytes
AACCTTGCAGGACCTT-1,8,Antigen-presenting cells
AACGACAAGGACCGCT-1,0,Classical Monocytes
AACGCCCAGTTTGAGC-1,6,B cells
AACGGTAAGCTGCACA-1,2,Naive T cells
AACTAGTGTAACCAGC-1,0,Classical Monocytes
AACTAGTGTCGTAATG-1,2,Naive T cells
AACTAGTGTGTTGCTT-1,2,Naive T cells
AACTCACAGCACTAAC-1,4,T cells
AACTCACAGCTAATTG-1,2,Naive T cells
AACTCACAGGAAGCAC-1,4,T cells
AACTCACAGGGCTAAA-1,0,Classical Monocytes
AACTGTTCAAGACTCC-1,0,Classical Monocytes
AACTGTTCAGCGCTTG-1,6,B cells
AACTTAGTCCATAATG-1,6,B cells
AACTTAGTCGCGCTAA-1,1,Naive/CD4 T cells
AAGAACAGTATTCGTC-1,6,B cells
AAGAATCAGGCTACAT-1,3,CD8 T cells
AAGACATAGTAAGGGC-1,0,Classical Monocytes
AAGACCAAGAGAGGAG-1,5,Cytotoxic lymphocytes
AAGACCAAGTTGTCTT-1,0,Classical Monocytes
AAGCAAGTCATTGCAA-1,2,Naive T cells
AAGCAAGTCGTTTCGC-1,0,Classical Monocytes
AAGCCTCCACAATGCC-1,3,CD8 T cells
AAGCCTCCACACTAAT-1,1,Naive/CD4 T cells
AAGCCTCCAGACAAAC-1,1,Naive/CD4 T cells
AAGCCTTAGGAATAAC-1,4,T cells
AAGCCTTAGGCTAAGA-1,0,Classical Monocytes
AAGCGAATCATGCCTC-1,4,T cells
AAGCGAGGTATCTGGA-1,6,B cells
AAGCGAGGTCGACTCC-1,3,CD8 T cells
AAGCGAGGTTACCGGG-1,6,B cells
AAGCGAGGTTGCACGG-1,0,Classical Monocytes
AAGCGCTGTATTGCAG-1,1,Naive/CD4 T cells
AAGCGTTTCATTGTCT-1,6,B cells
AAGCGTTTCCTGATTT-1,6,B cells
AAGCGTTTCGCACACA-1,8,Antigen-presenting cells
AAGCTAGAGATGGACA-1,1,Naive/CD4 T cells
AAGCTATGTTACTTGC-1,1,Naive/CD4 T cells
AAGCTATGTTTAACCC-1,6,B cells
AAGCTCCCAGCAATAA-1,6,B cells
AAGCTTGGTCGCAATA-1,2,Naive T cells
AAGGATCCAGTCTAGC-1,2,Naive T cells
AAGGATGTCTCATCAT-1,2,Naive T cells
AAGGATTAGTAGCGCC-1,0,Classical Monocytes
AAGGCCCTCTTGATGA-1,0,Classical Monocytes
AAGGTATAGTAGCGGG-1,5,Cytotoxic lymphocytes
AAGGTCAAGAATGACG-1,2,Naive T cells
AAGGTCAAGCACAGAA-1,3,CD8 T cells
AAGGTCAAGGTCCGTA-1,0,Classical Monocytes
AAGTAGCCACGGTTTA-1,0,Classical Monocytes
AAGTAGCCAGTTTGGC-1,2,Naive T cells
AAGTGAAGTATGTGGC-1,0,Classical Monocytes
AAGTGTTGTGAGACTC-1,0,Classical Monocytes
AAGTGTTGTGCTCCGT-1,1,Naive/CD4 T cells
AAGTGTTGTTGAGGTC-1,8,Antigen-presenting cells
AAGTGTTGTTTCGCCA-1,1,Naive/CD4 T cells
AAGTGTTGTTTGCAGA-1,0,Classical Monocytes
AAGTTACGTAGCTAGC-1,2,Naive T cells
AAGTTAGCACCTCAGG-1,0,Classical Monocytes
AAGTTAGCACTAAGAA-1,3,CD8 T cells
AAGTTTGTCAAGGACA-1,1,Naive/CD4 T cells
AAGTTTGTCCAATTAG-1,3,CD8 T cells
AAGTTTGTCTAAGTGC-1,5,Cytotoxic lymphocytes
AATACCGGTTCCATTA-1,5,Cytotoxic lymphocytes
AATAGAGGTATTCGTC-1,2,Naive T cells
AATAGAGGTGAGGTAG-1,0,Classical Monocytes
AATCAGGAGCGAAGTA-1,3,CD8 T cells
AATCATCCAATCCTGA-1,0,Classical Monocytes
AATCATGTCATTACTC-1,3,CD8 T cells
AATCCATCACCTCAGG-1,6,B cells
AATCCCTGTGCAATAT-1,3,CD8 T cells
AATCCCTGTTAGCCAA-1,3,CD8 T cells
AATCCTAAGATGGAGC-1,0,Classical Monocytes
AATCCTAAGCGGGCAA-1,0,Classical Monocytes
AATCCTAAGTTGGATC-1,2,Naive T cells
AATCGCCCACAGCCAT-1,3,CD8 T cells
AATCTCAAGCACTAGT-1,4,T cells
AATGAAGGTAGGTTAT-1,0,Classical Monocytes
AATGCAACAAGGTATA-1,3,CD8 T cells
AATGCAACACACTAAT-1,0,Classical Monocytes
AATGCAACACCACAAC-1,2,Naive T cells
AATGCATGTGTTTCAC-1,4,T cells
AATGCGCGTACCGGAT-1,0,Classical Monocytes
AATGGCGCAAGCCACT-1,5,Cytotoxic lymphocytes
AATGGCGCAGTCTATG-1,0,Classical Monocytes
AATGGCGCATCACTTC-1,2,Naive T cells
AATGGCGCATTAGCGC-1,3,CD8 T cells
AATGTCCAGGTAACGA-1,4,T cells
AATTACCCACCTGCCT-1,3,CD8 T cells
AATTAGGCATTTAAGC-1,4,T cells
AATTCGTCACTTAGGC-1,9,Rare/Unclear
AATTCGTCAGCAGGTA-1,2,Naive T cells
AATTCGTCAGGCTAAG-1,1,Naive/CD4 T cells
AATTGCCAGGGCTTTG-1,4,T cells
AATTGCCAGTACTGGT-1,1,Naive/CD4 T cells
AATTGGACATCGCTCC-1,5,Cytotoxic lymphocytes
AATTGGGAGCCAGGTC-1,0,Classical Monocytes
AATTGTGTCCATCAGG-1,0,Classical Monocytes
AATTTGGTCCCGAAGC-1,3,CD8 T cells
ACAAAGGTCCCTGTTA-1,1,Naive/CD4 T cells
ACAACACTCCTGAATA-1,6,B cells
ACAACAGAGGTCCTAG-1,1,Naive/CD4 T cells
ACACCTTGTACGTTTC-1,0,Classical Monocytes
ACACCTTGTCATCAAG-1,1,Naive/CD4 T cells
ACACCTTGTCCTAAGA-1,6,B cells
ACACGGACAGGCGATA-1,2,Naive T cells
ACACGGACATGGTTAT-1,3,CD8 T cells
ACACTAATCGCCTGTT-1,2,Naive T cells
ACACTAATCGTTAGCG-1,7,NK cells
ACACTTAAGCGCTCAA-1,0,Classical Monocytes
ACACTTGCACTATGGC-1,6,B cells
ACAGGAATCAAGCTAC-1,0,Classical Monocytes
ACAGGAATCAATGACC-1,4,T cells
ACAGGAATCAATGTCA-1,2,Naive T cells
ACAGGAATCCAGGTCA-1,4,T cells
ACAGGATCAAAGGCCA-1,1,Naive/CD4 T cells
ACAGGATCAAGCCAGA-1,1,Naive/CD4 T cells
ACAGGATCACCTGCCT-1,5,Cytotoxic lymphocytes
ACAGGCTGTCAATGTG-1,7,NK cells
ACATAGCTCATGACCG-1,2,Naive T cells
ACATAGCTCTAGCGTG-1,0,Classical Monocytes
ACATCAATCACAGCCA-1,8,Antigen-presenting cells
ACATCAATCTCAATTC-1,0,Classical Monocytes
ACATCATCACTATGGC-1,0,Classical Monocytes
ACATTGCAGGAATAAC-1,8,Antigen-presenting cells
ACATTGCAGGCACAGG-1,1,Naive/CD4 T cells
ACCAAACTCTTGGACG-1,4,T cells
ACCAAGCGTTGGCGTG-1,0,Classical Monocytes
ACCAATATCCCTGGTT-1,5,Cytotoxic lymphocytes
ACCAATATCTATGACA-1,1,Naive/CD4 T cells
ACCACACCAAGTAAGC-1,0,Classical Monocytes
ACCACATAGCTGCACA-1,1,Naive/CD4 T cells
ACCACATAGGCTAAGA-1,1,Naive/CD4 T cells
ACCACATAGTTATCCT-1,0,Classical Monocytes
ACCAGCTCATGTCAGC-1,0,Classical Monocytes
ACCAGCTCATGTGGGA-1,8,Antigen-presenting cells
ACCAGGCTCCAGCACA-1,5,Cytotoxic lymphocytes
ACCAGGCTCCGGAACC-1,0,Classical Monocytes
ACCAGGGAGCGCTCAA-1,3,CD8 T cells
ACCAGGGAGGCCAATT-1,1,Naive/CD4 T cells
ACCAGGGAGTAACAGG-1,2,Naive T cells
ACCATAATCGCAGGCT-1,5,Cytotoxic lymphocytes
ACCATAATCTGGTCCT-1,2,Naive T cells
ACCATAATCTTAGCGG-1,3,CD8 T cells
ACCATTAAGCAAGACA-1,3,CD8 T cells
ACCCAACCACCTGCTC-1,0,Classical Monocytes
ACCCAACCACTAGGTC-1,0,Classical Monocytes
ACCCAACCAGGTTCAC-1,0,Classical Monocytes
ACCCAGGGTACGATTG-1,4,T cells
ACCCAGGGTGAACAAA-1,8,Antigen-presenting cells
ACCCAGGGTGAATCGC-1,4,T cells
ACCCAGGGTGCTCCAC-1,3,CD8 T cells
ACCCAGGGTTATTGCC-1,9,Rare/Unclear
ACCCGCTGTTTAGCTC-1,3,CD8 T cells
ACCCGTAAGCAGCTAT-1,1,Naive/CD4 T cells
ACCGAAGCAAAGGCCA-1,1,Naive/CD4 T cells
ACCGAAGCACCTCGCT-1,5,Cytotoxic lymphocytes
ACCGAAGCAGCCAGTT-1,4,T cells
ACCGAAGCAGGCCAAA-1,3,CD8 T cells
ACCGAAGCAGTACCGT-1,1,Naive/CD4 T cells
ACCGCAATCATGTTTC-1,0,Classical Monocytes
ACCGGCTAGCCGCTAA-1,6,B cells
ACCGGTTCAAGGTAAC-1,6,B cells
ACCGGTTCACCTCAGG-1,2,Naive T cells
ACCTAAATCAATCATG-1,7,NK cells
ACCTAAATCCAGGAAA-1,1,Naive/CD4 T cells
ACCTAAATCCTAAGGT-1,2,Naive T cells
ACCTAAGGTGGAAGGC-1,4,T cells
ACCTAAGGTTCACCAT-1,0,Classical Monocytes
ACCTACCTCTAACCTT-1,7,NK cells
ACCTCACTCCCGAAGC-1,3,CD8 T cells
ACCTCACTCTAGCTTT-1,1,Naive/CD4 T cells
ACCTCACTCTTGCTAT-1,0,Classical Monocytes
ACCTGTTGTAGGTTAT-1,9,Rare/Unclear
ACCTGTTGTTAGGCGT-1,1,Naive/CD4 T cells
ACCTTCCAGGTGAGAC-1,3,CD8 T cells
ACCTTCCAGTAACGGA-1,1,Naive/CD4 T cells
ACCTTCCAGTCAATCA-1,2,Naive T cells
ACCTTGCTCAGCTAAC-1,1,Naive/CD4 T cells
ACCTTGCTCCCTGGTT-1,6,B cells
ACCTTGTGTGTTGCTT-1,7,NK cells
ACGAACAAGGCCTGGT-1,3,CD8 T cells
ACGAACAAGGTGCGGA-1,4,T cells
ACGAACAAGGTTAGCT-1,2,Naive T cells
ACGAATCTCGGGCCAT-1,7,NK cells
ACGACTTAGCCAGTAT-1,0,Classical Monocytes
ACGAGTAAGCACTAAC-1,4,T cells
ACGAGTAAGGATAAAC-1,0,Classical Monocytes
ACGATTCAGAACCTGT-1,0,Classical Monocytes
ACGATTCAGCATTTCT-1,0,Classical Monocytes
ACGCACGGTACGGGTT-1,7,NK cells
ACGCACGGTTAATGAC-1,0,Classical Monocytes
ACGCACGGTTACGCAA-1,1,Naive/CD4 T cells
ACGCCTAAGGAAGCTA-1,3,CD8 T cells
ACGCCTAAGGCGGGTA-1,7,NK cells
ACGCCTAAGTCTATGA-1,4,T cells
ACGCCTAAGTGAGGGT-1,3,CD8 T cells
ACGCCTTTCATTTGCT-1,5,Cytotoxic lymphocytes
ACGCTTGAGCTCATAA-1,0,Classical Monocytes
ACGCTTGAGGTCATTA-1,5,Cytotoxic lymphocytes
ACGGGAAGTCGCATAA-1,3,CD8 T cells
ACGGGAAGTTCGGTAA-1,6,B cells
ACGGGAAGTTTGAGGC-1,3,CD8 T cells
ACGGTACGTCGCATAA-1,1,Naive/CD4 T cells
ACGGTTAGTGCATCGG-1,2,Naive T cells
ACGGTTAGTGTGCAAC-1,3,CD8 T cells
ACGGTTTAGCCGCAGT-1,1,Naive/CD4 T cells
ACGTACCCAATGAAGC-1,1,Naive/CD4 T cells
ACGTCAAGTTAATGCG-1,8,Antigen-presenting cells
ACGTCCAAGCAGCTAT-1,0,Classical Monocytes
ACGTCCTTCAAAGGCA-1,0,Classical Monocytes
ACGTCCTTCCTAATTC-1,3,CD8 T cells
ACGTCCTTCGCTAGAT-1,5,Cytotoxic lymphocytes
ACTAAAGCACAGAAAC-1,0,Classical Monocytes
ACTAACCAGCACAGAA-1,0,Classical Monocytes
ACTAACGGTTACGCGG-1,1,Naive/CD4 T cells
ACTAACTCAAGGTGCA-1,2,Naive T cells
ACTAACTCAGAGGGAG-1,1,Naive/CD4 T cells
ACTAACTCAGGGAGGA-1,6,B cells
ACTAATCCAGGTATTT-1,1,Naive/CD4 T cells
ACTAGGCGTACTGAAT-1,1,Naive/CD4 T cells
ACTATCCGTAGGATTT-1,4,T cells
ACTATCCGTTCACTGT-1,1,Naive/CD4 T cells
ACTATGTCACCGGTAT-1,2,Naive T cells
ACTATGTCACCTACTT-1,1,Naive/CD4 T cells
ACTATGTCAGTTTGTG-1,4,T cells
ACTCAGTAGCTTAACA-1,2,Naive T cells
ACTCAGTAGGAAGCAC-1,7,NK cells
ACTCAGTAGGCATGTT-1,4,T cells
ACTCGCGCAAGGAATC-1,6,B cells
ACTCGCGCACCTACTT-1,0,Classical Monocytes
ACTCGCGCATAATCGT-1,4,T cells
ACTGAAACATAAAGCA-1,2,Naive T cells
ACTTACAAGGCATGAA-1,0,Classical Monocytes
ACTTACTTCAGGGCCT-1,4,T cells
ACTTACTTCATAGCCG-1,1,Naive/CD4 T cells
ACTTACTTCCTTCAAT-1,0,Classical Monocytes
ACTTACTTCTCCTCAA-1,0,Classical Monocytes
ACTTAGGGTAGGTTTG-1,3,CD8 T cells
ACTTAGGGTAGTAAGA-1,1,Naive/CD4 T cells
ACTTAGGGTAGTTGGC-1,1,Naive/CD4 T cells
ACTTATCTCAAGGACA-1,7,NK cells
ACTTATCTCTTACTCG-1,3,CD8 T cells
ACTTCGCTCCACCCTG-1,1,Naive/CD4 T cells
ACTTCGCTCGTAACGT-1,4,T cells
ACTTCGCTCTAAGGTC-1,2,Naive T cells
ACTTGAATCCAAGTTA-1,0,Classical Monocytes
ACTTGCACAACCTAAT-1,2,Naive T cells
ACTTGTCGTACCGTAA-1,5,Cytotoxic lymphocytes
AGAAACCCATAATGTC-1,5,Cytotoxic lymphocytes
AGAAAGGCAATTAGCT-1,6,B cells
AGAAAGGCATCCATCT-1,0,Classical Monocytes
AGAACAAGTAGCCTAA-1,1,Naive/CD4 T cells
AGAACAAGTCCTTCAG-1,2,Naive T cells
AGAACCAAGCCGGTAC-1,0,Classical Monocytes
AGAACCAAGTAAGAAC-1,2,Naive T cells
AGAACCGCACCTAATG-1,1,Naive/CD4 T cells
AGAAGGTGTAACGGGA-1,4,T cells
AGAAGGTGTCGCGCAA-1,0,Classical Monocytes
AGAATCTGTACTAAAC-1,6,B cells
AGAATCTGTCGCAAAC-1,5,Cytotoxic lymphocytes
AGACAATAGGCCTTAG-1,5,Cytotoxic lymphocytes
AGACCCGGTAAGCACC-1,0,Classical Monocytes
AGACTATGTATGGTGC-1,3,CD8 T cells
AGAGAAGCATAGCTGC-1,5,Cytotoxic lymphocytes
AGAGATTAGTCATGCG-1,0,Classical Monocytes
AGAGGAACACGAATCC-1,1,Naive/CD4 T cells
AGAGGAACACTTACAG-1,4,T cells
AGAGGAACAGCTTAAT-1,1,Naive/CD4 T cells
AGAGGATGTCAGGAAG-1,0,Classical Monocytes
AGAGGATGTTAACAGT-1,0,Classical Monocytes
AGATGAAGTAATAACC-1,1,Naive/CD4 T cells
AGATGAAGTACGTTTC-1,4,T cells
AGATGAAGTGTAACCA-1,0,Classical Monocytes
AGATGAAGTGTCCAAA-1,1,Naive/CD4 T cells
AGATGAAGTGTCCAGG-1,5,Cytotoxic lymphocytes
AGATGAAGTTGGTTCT-1,1,Naive/CD4 T cells
AGATGCTTCCGTCCAT-1,7,NK cells
AGATGCTTCCTGGTGA-1,2,Naive T cells
AGATGCTTCGTTCACC-1,0,Classical Monocytes
AGCAAATAGCCAGTAT-1,3,CD8 T cells
AGCAAATAGCTATATG-1,0,Classical Monocytes
AGCAAATAGGTGTTAC-1,3,CD8 T cells
AGCAATTGTAAAGCAA-1,4,T cells
AGCAATTGTCAATAGT-1,1,Naive/CD4 T cells
AGCAATTGTGGGTACT-1,1,Naive/CD4 T cells
AGCACAGCAAGGGTTG-1,2,Naive T cells
AGCACAGCATACTCCT-1,3,CD8 T cells
AGCACAGCATTCCTGT-1,2,Naive T cells
AGCACTTAGGAACACA-1,0,Classical Monocytes
AGCACTTAGTTAGCCG-1,1,Naive/CD4 T cells
AGCAGGTAGACTTACA-1,4,T cells
AGCATCCCAAATACCT-1,5,Cytotoxic lymphocytes
AGCATTTCAGTAAGTA-1,3,CD8 T cells
AGCCAGTGTAATGACT-1,8,Antigen-presenting cells
AGCCGCTAGTTATCCT-1,2,Naive T cells
AGCCGGTTCCGGAACC-1,2,Naive T cells
AGCCGGTTCCTTCTAG-1,6,B cells
AGCCGGTTCTGCAACG-1,2,Naive T cells
AGCCTAAGTGCTTACT-1,4,T cells
AGCCTAGTCGTCCTTA-1,9,Rare/Unclear
AGCCTAGTCTTTGACT-1,5,Cytotoxic lymphocytes
AGCCTGGGTAACCAGC-1,1,Naive/CD4 T cells
AGCCTGGGTAGCTGGT-1,0,Classical Monocytes
AGCCTGGGTTAGTTGG-1,3,CD8 T cells
AGCGATTTCGTTCACC-1,0,Classical Monocytes
AGCGATTTCTGCAACG-1,5,Cytotoxic lymphocytes
AGCGCCTAGCTTGCTC-1,0,Classical Monocytes
AGCGCTCAGGCTGGCT-1,0,Classical Monocytes
AGCGCTCAGGTCCTAG-1,5,Cytotoxic lymphocytes
AGCGGACCAATCGCAC-1,1,Naive/CD4 T cells
AGCGGACCAGCTTAGC-1,2,Naive T cells
AGCGGATAGTTACTTC-1,4,T cells
AGCGTGCTCTAATCTC-1,1,Naive/CD4 T cells
AGCTAAACATTGTGAT-1,0,Classical Monocytes
AGCTAAACATTGTGGC-1,2,Naive T cells
AGCTAACTCATGGTGT-1,1,Naive/CD4 T cells
AGCTACGTCCGCTAGA-1,2,Naive T cells
AGCTACGTCCGTAAAC-1,9,Rare/Unclear
AGCTAGTTCCGTTATT-1,4,T cells
AGCTATATCGCACAAT-1,0,Classical Monocytes
AGCTATATCGGCCAGT-1,0,Classical Monocytes
AGCTATATCGTCAAGT-1,1,Naive/CD4 T cells
AGCTGCTCATGAAATG-1,0,Classical Monocytes
AGCTTCCTCAATGAGG-1,0,Classical Monocytes
AGCTTGGTCAATGACC-1,0,Classical Monocytes
AGCTTGGTCTAATTGG-1,4,T cells
AGCTTTAAGTAGGATG-1,2,Naive T cells
AGGAAACGTCAAACTG-1,5,Cytotoxic lymphocytes
AGGAAACGTGGTTATG-1,0,Classical Monocytes
AGGAACGGTTGGTTCT-1,0,Classical Monocytes
AGGACTAAGCGATAAG-1,0,Classical Monocytes
AGGACTAAGGCGGATG-1,0,Classical Monocytes
AGGACTAAGTTGCCTC-1,4,T cells
AGGAGCTAGAACCTGT-1,0,Classical Monocytes
AGGAGCTAGATGGAGC-1,2,Naive T cells
AGGATCCGTCGTAAAT-1,1,Naive/CD4 T cells
AGGATCCGTTGTCCAT-1,5,Cytotoxic lymphocytes
AGGATGCAGATAACCC-1,1,Naive/CD4 T cells
AGGATGCAGGCTAATC-1,0,Classical Monocytes
AGGATGTCAAGCTTTG-1,3,CD8 T cells
AGGCAATCAATACTGT-1,2,Naive T cells
AGGCAATCATGAGTTT-1,1,Naive/CD4 T cells
AGGCAGGTCAGCAAGA-1,1,Naive/CD4 T cells
AGGCGGATCGCTAGTG-1,2,Naive T cells
AGGCTAAAGTAACTCA-1,2,Naive T cells
AGGCTAAAGTATTGTG-1,2,Naive T cells
AGGCTAAAGTCTATGA-1,1,Naive/CD4 T cells
AGGCTAGCACAATACT-1,6,B cells
AGGCTAGCACCTGTAA-1,3,CD8 T cells
AGGCTAGCACGTAATT-1,5,Cytotoxic lymphocytes
AGGCTAGCAGGCCAAA-1,3,CD8 T cells
AGGGCCTTCACGCATG-1,2,Naive T cells
AGGGCCTTCAGGAAGC-1,2,Naive T cells
AGGGCCTTCCGTGACA-1,0,Classical Monocytes
AGGGCTACAGAATGAC-1,0,Classical Monocytes
AGGGTTGCAACTGGCT-1,2,Naive T cells
AGGGTTGCATGAATAG-1,2,Naive T cells
AGGTAACCAGGCTAGA-1,1,Naive/CD4 T cells
AGGTACGCAGCCAGAA-1,8,Antigen-presenting cells
AGGTACGCATAAGCAA-1,5,Cytotoxic lymphocytes
AGGTATTGTGCTAGCG-1,7,NK cells
AGGTCAAAGGCAAGTA-1,4,T cells
AGGTCATTCAAACCGT-1,1,Naive/CD4 T cells
AGGTCATTCAAGCTAC-1,6,B cells
AGGTCATTCTTGCAAA-1,3,CD8 T cells
AGGTCCGGTAACCAGC-1,0,Classical Monocytes
AGGTCCGGTTAGCGTA-1,2,Naive T cells
AGGTCTTAGCAAGGGT-1,4,T cells
AGGTCTTAGCAGCTCA-1,5,Cytotoxic lymphocytes
AGGTCTTAGTGGACAA-1,4,T cells
AGGTGAATCTAATCTC-1,0,Classical Monocytes
AGGTGAGGTCATAACG-1,0,Classical Monocytes
AGGTTAACAGCAAGTG-1,6,B cells
AGGTTAACAGGTCCTG-1,3,CD8 T cells
AGGTTAACATGAGCAG-1,3,CD8 T cells
AGGTTAGAGTTCCCGT-1,1,Naive/CD4 T cells
AGGTTTATCACTCAAA-1,0,Classical Monocytes
AGGTTTATCTTAGTCT-1,0,Classical Monocytes
AGTAAACAGCAATAGG-1,4,T cells
AGTAAACAGCAGGTTT-1,0,Classical Monocytes
AGTAACACAGCTTAAT-1,0,Classical Monocytes
AGTAACACATCGCTTT-1,1,Naive/CD4 T cells
AGTAACCTCTTTGACT-1,0,Classical Monocytes
AGTAACGAGACACCGC-1,0,Classical Monocytes
AGTAACGAGAGAGCCG-1,0,Classical Monocytes
AGTAACGAGATAAAGC-1,6,B cells
AGTAACGAGCGCCTTT-1,4,T cells
AGTAATGCAACCTGGT-1,1,Naive/CD4 T cells
AGTACGCGTTAACGAT-1,2,Naive T cells
AGTACGCGTTGTAACG-1,5,Cytotoxic lymphocytes
AGTAGCTTCATAGACC-1,0,Classical Monocytes
AGTAGCTTCTCCATAT-1,3,CD8 T cells
AGTAGCTTCTGTGAGT-1,0,Classical Monocytes
AGTATAGCATTATGAC-1,4,T cells
AGTCAAGAGACAACAG-1,2,Naive T cells
AGTCAAGAGGCAGGTG-1,0,Classical Monocytes
AGTCAAGAGGGCCACT-1,2,Naive T cells
AGTCAAGAGTCATTAG-1,6,B cells
AGTCAATGTGCTCACC-1,0,Classical Monocytes
AGTCCTGAGCCTGGTA-1,8,Antigen-presenting cells
AGTCCTTGTCCTAATC-1,6,B cells
AGTCGCATCATGCTAA-1,0,Classical Monocytes
AGTCTTGCAATTATGC-1,5,Cytotoxic lymphocytes
AGTCTTGCACAAAGAC-1,4,T cells
AGTCTTGCATTGTGGC-1,3,CD8 T cells
AGTGAGTCAGCACGTT-1,3,CD8 T cells
AGTGAGTCAGTACCGT-1,2,Naive T cells
AGTGAGTCATGTTGGC-1,4,T cells
AGTGAGTCATTAAAGG-1,4,T cells
AGTGCCGGTGGTTATG-1,2,Naive T cells
AGTGGACAGCTTACTT-1,3,CD8 T cells
AGTGGACAGGCGAATA-1,1,Naive/CD4 T cells
AGTGGACAGTCACGAT-1,9,Rare/Unclear
AGTGTGGCATGCATAT-1,3,CD8 T cells
AGTGTGGCATTGACAT-1,1,Naive/CD4 T cells
AGTGTTTCAGGGAGGA-1,4,T cells
AGTTACTCAATGCCTA-1,2,Naive T cells
AGTTACTCACTTCATC-1,1,Naive/CD4 T cells
AGTTATGTCCCTGTTA-1,1,Naive/CD4 T cells
AGTTATGTCCTCACAC-1,1,Naive/CD4 T cells
AGTTGCAGTAGCCTAA-1,3,CD8 T cells
AGTTGCAGTAGGTTTG-1,0,Classical Monocytes
AGTTGCAGTCTTGCAT-1,0,Classical Monocytes
AGTTGCAGTGAGGTAG-1,3,CD8 T cells
AGTTGCGTCCAACTGG-1,1,Naive/CD4 T cells
AGTTGGCGTACAAAGA-1,4,T cells
AGTTGGCGTATCTGGA-1,8,Antigen-presenting cells
AGTTGGCGTGACATAT-1,0,Classical Monocytes
AGTTGGCGTTAGTTGG-1,1,Naive/CD4 T cells
AGTTGTCAGATGGACA-1,1,Naive/CD4 T cells
AGTTGTCAGTAAACCC-1,4,T cells
AGTTTGCAGCTATATG-1,6,B cells
ATAACGACAATTATGC-1,2,Naive T cells
ATAACGACACATTAAC-1,3,CD8 T cells
ATAAGCCTCTAGCTTT-1,1,Naive/CD4 T cells
ATAAGCCTCTATCGCC-1,4,T cells
ATAAGTCGTGAGGTAG-1,0,Classical Monocytes
ATAAGTCGTTCCTCCT-1,4,T cells
ATAAGTCGTTCGGGAT-1,3,CD8 T cells
ATACCGGTCACGAATC-1,0,Classical Monocytes
ATACCTGCAATCCTGA-1,1,Naive/CD4 T cells
ATACCTGCAATTAGGA-1,1,Naive/CD4 T cells
ATAGATGCACTTACAG-1,1,Naive/CD4 T cells
ATAGATGCATTTGCTC-1,5,Cytotoxic lymphocytes
ATAGCATGTAACCACA-1,8,Antigen-presenting cells
ATAGGTACACTGGCCA-1,0,Classical Monocytes
ATATAGGCAGAAACGT-1,6,B cells
ATATGCATCAGCTAAC-1,3,CD8 T cells
ATATGCATCCGCATGA-1,2,Naive T cells
ATATGCATCGCAATCG-1,1,Naive/CD4 T cells
ATATGCTCAAGGACCA-1,2,Naive T cells
ATATGCTCAATAGCAA-1,5,Cytotoxic lymphocytes
ATATGCTCACGAACAG-1,4,T cells
ATCAAGACACTGACCG-1,8,Antigen-presenting cells
ATCAAGACAGGAACCA-1,4,T cells
ATCAAGCTCCTTCTAG-1,5,Cytotoxic lymphocytes
ATCAAGCTCGGTCATG-1,9,Rare/Unclear
ATCAATCCAAACCTTG-1,4,T cells
ATCAATCCAAGCTTTG-1,1,Naive/CD4 T cells
ATCAATCCAGTAAGTA-1,0,Classical Monocytes
ATCACAATCTACCTCA-1,1,Naive/CD4 T cells
ATCACAATCTCCATAT-1,5,Cytotoxic lymphocytes
ATCACACAGGCCGGAA-1,1,Naive/CD4 T cells
ATCACCCTCCTAACGG-1,2,Naive T cells
ATCACCCTCTATTGTC-1,0,Classical Monocytes
ATCACTAAGATGGACA-1,6,B cells
ATCACTAAGCTCAAAC-1,5,Cytotoxic lymphocytes
ATCAGGTTCACTTCAT-1,1,Naive/CD4 T cells
ATCAGGTTCATTTGTC-1,3,CD8 T cells
ATCAGGTTCCCTGTTA-1,4,T cells
ATCATCAAGCCAGTAT-1,7,NK cells
ATCATCAAGGGCCACT-1,0,Classical Monocytes
ATCCAACAGCGGCTGT-1,3,CD8 T cells
ATCCACCTCAGAAACG-1,2,Naive T cells
ATCCACCTCGTCAAGT-1,6,B cells
ATCCGTGAGACTCGCA-1,1,Naive/CD4 T cells
ATCCGTGAGGTCATTA-1,6,B cells
ATCCTCATCTGGTCCT-1,0,Classical Monocytes
ATCCTCATCTGTGAGT-1,6,B cells
ATCCTGACAATGCGCT-1,2,Naive T cells
ATCCTGACATGTCAAT-1,1,Naive/CD4 T cells
ATCCTTAGTGTCACGG-1,4,T cells
ATCGAGGCAACAGGAT-1,3,CD8 T cells
ATCGGCCAGGTTTGCG-1,2,Naive T cells
ATCTATGAGCAAACCT-1,3,CD8 T cells
ATCTTTGGTTGTTGGA-1,5,Cytotoxic lymphocytes
ATGAAGCCAGCACCAT-1,5,Cytotoxic lymphocytes
ATGAAGTAGTAACCAC-1,2,Naive T cells
ATGAATGCAAGGTAAC-1,0,Classical Monocytes
ATGACAACACTATGGC-1,3,CD8 T cells
ATGACAACAGCTCATA-1,0,Classical Monocytes
ATGACCAGTTACTTGC-1,9,Rare/Unclear
ATGACTCAGCACGTTG-1,4,T cells
ATGAGCCGTTTCGCGC-1,3,CD8 T cells
ATGATGGAGCTTCTCA-1,8,Antigen-presenting cells
ATGCAGGCAAAGGTAC-1,1,Naive/CD4 T cells
ATGCATTCAAGTAAGC-1,7,NK cells
ATGCATTCACCGGCTA-1,0,Classical Monocytes
ATGCGATTCATGACCG-1,1,Naive/CD4 T cells
ATGCTTAAGCAACATC-1,5,Cytotoxic lymphocytes
ATGCTTAAGGACCAGG-1,1,Naive/CD4 T cells
ATGCTTAAGGTCTTGG-1,4,T cells
ATGGCCCAGACAAACG-1,5,Cytotoxic lymphocytes
ATGGCTAGTGTGAGAG-1,1,Naive/CD4 T cells
ATGGCTAGTTTGCGCC-1,1,Naive/CD4 T cells
ATGGCTTAGCCGCAAC-1,4,T cells
ATGGCTTAGCTCAAAC-1,0,Classical Monocytes
ATGGTCTAGCGAGCGA-1,1,Naive/CD4 T cells
ATGGTGCGTTACCTGT-1,1,Naive/CD4 T cells
ATGGTGCGTTGGTTAG-1,0,Classical Monocytes
ATGGTTATCTCCATGC-1,4,T cells
ATGTAACGTTTAGCTC-1,3,CD8 T cells
ATGTAAGCACCAACCG-1,2,Naive T cells
ATGTAAGCAGAGAGCC-1,2,Naive T cells
ATGTAAGCAGCTTAGC-1,3,CD8 T cells
ATGTAAGCATTAGCGC-1,2,Naive T cells
ATGTAAGCATTGTGAT-1,8,Antigen-presenting cells
ATGTCAATCTACCTGC-1,4,T cells
ATGTCAATCTTGTCTG-1,1,Naive/CD4 T cells
ATGTCATCAAGGTCCT-1,2,Naive T cells
ATGTCATCACCTATAG-1,3,CD8 T cells
ATGTCCACATAAGTTC-1,2,Naive T cells
ATGTTCAAGACTTATG-1,0,Classical Monocytes
ATGTTGTCAGCAACAG-1,1,Naive/CD4 T cells
ATGTTTGAGCCGCTAA-1,4,T cells
ATTAACCCAAACAACA-1,2,Naive T cells
ATTAACCCACAACAGG-1,0,Classical Monocytes
ATTAACCCATTGTCAG-1,9,Rare/Unclear
ATTACCCGTGGAGCAA-1,2,Naive T cells
ATTACCCGTTTACCGT-1,6,B cells
ATTACCGCATCATGTG-1,2,Naive T cells
ATTACGTCATTAAAGG-1,2,Naive T cells
ATTAGCTCAGCAGGTA-1,0,Classical Monocytes
ATTAGCTCATAATCGT-1,0,Classical Monocytes
ATTAGGTGTCTCAGCC-1,1,Naive/CD4 T cells
ATTCAACCACTAGCGT-1,0,Classical Monocytes
ATTCAACCAGGAACAT-1,5,Cytotoxic lymphocytes
ATTCACTTCCTAACGG-1,0,Classical Monocytes
ATTCACTTCGGTAACT-1,1,Naive/CD4 T cells
ATTCCGGAGCTACTGG-1,1,Naive/CD4 T cells
ATTCCTAGTATTGTGG-1,0,Classical Monocytes
ATTCCTAGTCATAACG-1,1,Naive/CD4 T cells
ATTCCTAGTGCTGTAA-1,4,T cells
ATTCCTAGTTGTTGGA-1,5,Cytotoxic lymphocytes
ATTCCTCCAAGGTGGC-1,0,Classical Monocytes
ATTCGTTTCCAGGAAA-1,5,Cytotoxic lymphocytes
ATTGAAGCAATAATCC-1,0,Classical Monocytes
ATTGACTCAATCCTGA-1,1,Naive/CD4 T cells
ATTGACTCACTTAGGC-1,1,Naive/CD4 T cells
ATTGACTCATCAGTAT-1,2,Naive T cells
ATTGCACAGCCTGTTC-1,0,Classical Monocytes
ATTGCACAGTTAGAGG-1,3,CD8 T cells
ATTGCAGGTACTGATG-1,5,Cytotoxic lymphocytes
ATTGCGCCAAATGCCC-1,6,B cells
ATTGCTCGTAAGGTCC-1,0,Classical Monocytes
ATTGCTCGTACGCGCA-1,1,Naive/CD4 T cells
ATTGGCTAGTAAGTCC-1,3,CD8 T cells
ATTGTGATCAATTACG-1,3,CD8 T cells
ATTGTGATCATGCTCC-1,2,Naive T cells
ATTGTGATCGGTCATG-1,2,Naive T cells
ATTTAGCCAATCCCTT-1,3,CD8 T cells
ATTTAGCCAGGGAGGA-1,2,Naive T cells
ATTTGCAAGAGAAGGG-1,1,Naive/CD4 T cells
ATTTGCAAGGATTGCT-1,0,Classical Monocytes
ATTTGCGCAGTTTGGC-1,1,Naive/CD4 T cells
ATTTGTGAGTTGTCAA-1,1,Naive/CD4 T cells
CAAACACTCCACCCTG-1,3,CD8 T cells
CAAACACTCGTAACGT-1,0,Classical Monocytes
CAAACATGTACTTAGG-1,8,Antigen-presenting cells
CAAACCGTCAAGTGTC-1,3,CD8 T cells
CAAACCGTCATGAAGG-1,3,CD8 T cells
CAAACGCGTGGATTAT-1,3,CD8 T cells
CAAACGCGTTATCGAG-1,0,Classical Monocytes
CAAACGCGTTTGGCTT-1,0,Classical Monocytes
CAAACTGGTCCCGGAA-1,2,Naive T cells
CAAAGCGCAGCCAGTT-1,0,Classical Monocytes
CAAAGTGAGTAGGATG-1,6,B cells
CAAATCATCAGCAAGA-1,5,Cytotoxic lymphocytes
CAAATCATCTATGACA-1,0,Classical Monocytes
CAACAATGTCATGCAA-1,0,Classical Monocytes
CAACAGGCAGCATGGA-1,6,B cells
CAACCCGCACGCAACT-1,7,NK cells
CAACCCGCATAATGTC-1,4,T cells
CAACCCGCATTCCTCG-1,6,B cells
CAACTAATCCTTCGTA-1,4,T cells
CAACTAGGTGCTTAGA-1,6,B cells
CAAGAACCAGCTAACC-1,4,T cells
CAAGACAAGCACAGCC-1,0,Classical Monocytes
CAAGACAAGGTATTGC-1,1,Naive/CD4 T cells
CAAGGCTGTACCGGAT-1,5,Cytotoxic lymphocytes
CAAGGCTGTGAACAAA-1,1,Naive/CD4 T cells
CAAGGGAGTAACGAGG-1,3,CD8 T cells
CAAGGGAGTCTCAGCC-1,5,Cytotoxic lymphocytes
CAAGGGAGTGATCAGC-1,6,B cells
CAAGGGAGTTGCAGTA-1,1,Naive/CD4 T cells
CAAGGTAAGTCATTGA-1,3,CD8 T cells
CAAGGTAAGTGACCTG-1,0,Classical Monocytes
CAAGGTTTCAGTTCCC-1,6,B cells
CAAGGTTTCATTACAG-1,3,CD8 T cells
CAAGGTTTCCCTGACT-1,2,Naive T cells
CAAGGTTTCCGCCTAT-1,0,Classical Monocytes
CAAGTAACAGGCGAGT-1,2,Naive T cells
CAAGTATGTCGTTATC-1,0,Classical Monocytes
CAAGTATGTGTTAAAC-1,2,Naive T cells
CAAGTGAAGCGCAATT-1,2,Naive T cells
CAAGTGAAGTTCCTGC-1,8,Antigen-presenting cells
CAAGTTATCACCTGCT-1,9,Rare/Unclear
CAAGTTATCGCTAGCA-1,0,Classical Monocytes
CAATAAGCAATGCCCG-1,4,T cells
CAATAAGCACATACTG-1,1,Naive/CD4 T cells
CAATAAGCACTAGCGT-1,1,Naive/CD4 T cells
CAATAAGCAGCCTTGG-1,1,Naive/CD4 T cells
CAATAAGCAGGTATTT-1,2,Naive T cells
CAATAGCTCATAGCCG-1,2,Naive T cells
CAATATGTCAAACCTA-1,7,NK cells
CAATCCCTCACATTGA-1,4,T cells
CAATCCCTCCCGCCTA-1,0,Classical Monocytes
CAATCCTGTGCTGTAA-1,0,Classical Monocytes
CAATCGCCACTTCACT-1,1,Naive/CD4 T cells
CAATCGCCATTGTCCT-1,0,Classical Monocytes
CAATCTAAGCTTCCCG-1,2,Naive T cells
CAATCTAAGTTTGGGT-1,2,Naive T cells
CAATGAACAAGCTAAA-1,0,Classical Monocytes
CAATGAACATAATCCG-1,1,Naive/CD4 T cells
CAATGAACATTTGCTC-1,1,Naive/CD4 T cells
CAATGACTCAAATCGC-1,3,CD8 T cells
CAATGACTCCGGTTAG-1,6,B cells
CAATGACTCGAGCAAA-1,2,Naive T cells
CAATGTCAGGAACACA-1,0,Classical Monocytes
CAATGTCAGGCAACAA-1,2,Naive T cells
CAATGTCAGGGCCATC-1,0,Classical Monocytes
CAATGTCAGTAGGATG-1,0,Classical Monocytes
CACAAGCGTGATTACG-1,1,Naive/CD4 T cells
CACAAGCGTGTTCCCA-1,0,Classical Monocytes
CACAATATCAATTACG-1,2,Naive T cells
CACAGGCTCATCCACC-1,0,Classical Monocytes
CACAGGCTCTATCGCC-1,1,Naive/CD4 T cells
CACAGGCTCTTAGCGG-1,2,Naive T cells
CACAGGGAGGAACGGT-1,0,Classical Monocytes
CACAGGGAGGCAACAA-1,3,CD8 T cells
CACAGGGAGTTATGTG-1,0,Classical Monocytes
CACCAACCAATTGCGC-1,4,T cells
CACCAACCAGCATTAT-1,3,CD8 T cells
CACCGGTAGTGAACGA-1,2,Naive T cells
CACCTCAGTCCGGTTC-1,6,B cells
CACCTCAGTTTGGGCG-1,1,Naive/CD4 T cells
CACCTGTTCACTCGCT-1,5,Cytotoxic lymphocytes
CACCTGTTCCAACTGG-1,1,Naive/CD4 T cells
CACCTGTTCTGCAACG-1,0,Classical Monocytes
CACGCAATCGATATTG-1,1,Naive/CD4 T cells
CACGCTAAGGTCCTGA-1,5,Cytotoxic lymphocytes
CACTAAGGTGGAGCAA-1,1,Naive/CD4 T cells
CACTAGCCAATAATCC-1,0,Classical Monocytes
CACTAGCCATAAAGCA-1,2,Naive T cells
CACTGACCAATTTAGC-1,4,T cells
CACTTAAAGTCATTTC-1,0,Classical Monocytes
CACTTTGTCAGCTAAC-1,4,T cells
CAGAACCGTCACAGCG-1,1,Naive/CD4 T cells
CAGAACCGTGCTTAGA-1,0,Classical Monocytes
CAGAATCTCAAGCTTA-1,1,Naive/CD4 T cells
CAGAATCTCGCTTCTA-1,3,CD8 T cells
CAGATTCAGCGGGCAA-1,1,Naive/CD4 T cells
CAGATTCAGGAGTAAT-1,0,Classical Monocytes
CAGCAAGCACTTAGGC-1,0,Classical Monocytes
CAGCATGTCTACCTAT-1,0,Classical Monocytes
CAGCATTAGTCGCTAG-1,2,Naive T cells
CAGCCAATCATTGTTC-1,0,Classical Monocytes
CAGCCAATCCTGCGAA-1,2,Naive T cells
CAGCCTAAGCCTGTGA-1,1,Naive/CD4 T cells
CAGCCTAAGGTCCACA-1,3,CD8 T cells
CAGCCTTTCTAATCCT-1,4,T cells
CAGCTAAGTCCAAGAC-1,2,Naive T cells
CAGCTAAGTTGAAGCC-1,8,Antigen-presenting cells
CAGCTCAAGAGGAGGA-1,5,Cytotoxic lymphocytes
CAGCTCAAGCTCGCTT-1,0,Classical Monocytes
CAGGAAGGTCCTTCTC-1,0,Classical Monocytes
CAGGAAGGTCGAAGTC-1,5,Cytotoxic lymphocytes
CAGGAAGGTTCAAGCA-1,6,B cells
CAGGACACAAAGGCCA-1,0,Classical Monocytes
CAGGACACATTTAAGC-1,5,Cytotoxic lymphocytes
CAGGACCTCCGTCCAT-1,0,Classical Monocytes
CAGGCTATCCGCAAGC-1,1,Naive/CD4 T cells
CAGGGTGAGCATGTCG-1,7,NK cells
CAGGGTGAGTGAGAGC-1,4,T cells
CAGGTCCAGAGAGCCG-1,6,B cells
CAGGTCCAGGTCGAGG-1,0,Classical Monocytes
CAGGTGGAGCAGCTCA-1,2,Naive T cells
CAGGTGGAGGATTTGC-1,7,NK cells
CAGGTTTAGTATTGTG-1,3,CD8 T cells
CATAACGGTTGCAATG-1,0,Classical Monocytes
CATAAGCTCATTACAG-1,6,B cells
CATAAGCTCTACTAAG-1,3,CD8 T cells
CATAGACTCATGAGCT-1,5,Cytotoxic lymphocytes
CATAGACTCCATTACT-1,5,Cytotoxic lymphocytes
CATAGACTCCTACCTA-1,2,Naive T cells
CATAGCTAGCTATTAG-1,0,Classical Monocytes
CATAGCTAGGAGGACT-1,0,Classical Monocytes
CATAGGCGTCATCCTG-1,0,Classical Monocytes
CATAGGCGTCCGGTTC-1,5,Cytotoxic lymphocytes
CATAGGCGTCCGTGAG-1,0,Classical Monocytes
CATAGGCGTTACTTCA-1,1,Naive/CD4 T cells
CATAGGTTCTGTTGCC-1,2,Naive T cells
CATAGTCAGCTCAAAC-1,4,T cells
CATAGTCAGGAGGTTA-1,4,T cells
CATATCGCAAATTCGT-1,0,Classical Monocytes
CATATCGCACTAAGTT-1,0,Classical Monocytes
CATATCGCACTTCATC-1,7,NK cells
CATATCGCAGTAATAG-1,3,CD8 T cells
CATCAATCAGCCTTGG-1,3,CD8 T cells
CATCACACAACAGGAT-1,8,Antigen-presenting cells
CATCACACATGCTCCC-1,7,NK cells
CATCAGCCAACAGGAT-1,4,T cells
CATCATAAGTACTGGT-1,6,B cells
CATCATAAGTAGCCAT-1,4,T cells
CATCATGCACTGACCG-1,4,T cells
CATCATGCACTTCATC-1,1,Naive/CD4 T cells
CATCATGCATGCTCCC-1,7,NK cells
CATCCTCAGACTTATG-1,1,Naive/CD4 T cells
CATCCTCAGAGCCGGA-1,0,Classical Monocytes
CATCCTGGTACGGGTT-1,0,Classical Monocytes
CATCCTGGTATTCGCT-1,0,Classical Monocytes
CATCCTGGTCACGAAC-1,1,Naive/CD4 T cells
CATCCTGGTTACTTGC-1,3,CD8 T cells
CATCCTTCAAGCCAGA-1,3,CD8 T cells
CATCCTTCACCCACAG-1,0,Classical Monocytes
CATCGCTTCTTAGTCT-1,4,T cells
CATGCAAGTAGGTGTC-1,6,B cells
CATGCATAGGGTGGAT-1,3,CD8 T cells
CATGCGCAGGAGTCGG-1,4,T cells
CATGCGCAGGCGCTTA-1,0,Classical Monocytes
CATGGATTCAAGCTTA-1,6,B cells
CATGGATTCATAACCA-1,3,CD8 T cells
CATGGATTCCCTCATA-1,1,Naive/CD4 T cells
CATTATCTCAATCTCT-1,6,B cells
CATTATCTCAGTTCCC-1,2,Naive T cells
CATTATCTCGTTAGCG-1,1,Naive/CD4 T cells
CATTCATTCGCATTAA-1,0,Classical Monocytes
CATTCCTCACACAATT-1,2,Naive T cells
CATTGCGAGCATGTCG-1,4,T cells
CATTGCGAGTAACGGA-1,0,Classical Monocytes
CATTGTAAGGACCGCT-1,1,Naive/CD4 T cells
CATTGTAAGGCAGGTG-1,0,Classical Monocytes
CATTGTAAGTAACGGA-1,5,Cytotoxic lymphocytes
CATTTGTTCTAAGTGC-1,7,NK cells
CCAAACCCAAACGCGA-1,1,Naive/CD4 T cells
CCAAACCCAATATACC-1,3,CD8 T cells
CCAAACCCACCTGTAA-1,1,Naive/CD4 T cells
CCAAACCCATAGACTT-1,1,Naive/CD4 T cells
CCAAACTAGACAAGTG-1,0,Classical Monocytes
CCAAACTAGGGTTAGA-1,5,Cytotoxic lymphocytes
CCAAATCAGGTCCGTA-1,5,Cytotoxic lymphocytes
CCAACATAGCACCACA-1,0,Classical Monocytes
CCAACATAGGCCCAGT-1,2,Naive T cells
CCAACCAAGCGCTAAT-1,4,T cells
CCAACCAAGTCGCTAG-1,0,Classical Monocytes
CCAACCCGTGCAATGC-1,2,Naive T cells
CCAAGGCTCCATTACT-1,0,Classical Monocytes
CCAAGGCTCGCGCTAA-1,1,Naive/CD4 T cells
CCAAGTTAGTAACCAC-1,0,Classical Monocytes
CCACAATAGCCTGAGC-1,0,Classical Monocytes
CCACACAAGAGGCTAA-1,2,Naive T cells
CCACAGGGTTAGCGTA-1,6,B cells
CCACATTGTATGTGGC-1,0,Classical Monocytes
CCACATTGTCAATAGT-1,0,Classical Monocytes
CCACTTGGTGGTTCTT-1,1,Naive/CD4 T cells
CCACTTGGTTTACCGT-1,2,Naive T cells
CCAGACTCAGTAGGTG-1,1,Naive/CD4 T cells
CCAGACTCAGTTATCG-1,2,Naive T cells
CCAGACTCATAGCGGA-1,2,Naive T cells
CCAGACTCATTGCGAC-1,0,Classical Monocytes
CCAGCCTGTAGGTTGC-1,2,Naive T cells
CCAGCCTGTTCACCCA-1,3,CD8 T cells
CCAGCCTGTTTAGCGA-1,8,Antigen-presenting cells
CCAGCTAAGAGGAAGG-1,8,Antigen-presenting cells
CCAGCTAAGCCGCTTT-1,6,B cells
CCAGCTGCAAAGCTAA-1,7,NK cells
CCAGCTGCACCAACCG-1,3,CD8 T cells
CCAGGAACAAACTAAG-1,0,Classical Monocytes
CCAGGAACATAATCAC-1,1,Naive/CD4 T cells
CCAGGAACATTGTGCA-1,3,CD8 T cells
CCAGGATGTGGTGAGA-1,2,Naive T cells
CCAGGATGTTGGTTAG-1,4,T cells
CCAGTTTGTAGTCAAT-1,0,Classical Monocytes
CCATAAATCACGCATG-1,9,Rare/Unclear
CCATAAATCCCTCATA-1,6,B cells
CCATAAGGTCTAACCT-1,3,CD8 T cells
CCATAAGGTTTGTCTA-1,5,Cytotoxic lymphocytes
CCATAATCAGCGCTTG-1,1,Naive/CD4 T cells
CCATAGCCAATAAGCA-1,5,Cytotoxic lymphocytes
CCATAGCCAATATGGA-1,5,Cytotoxic lymphocytes
CCATAGCCAATTGACT-1,0,Classical Monocytes
CCATATTTCCTCCTAA-1,4,T cells
CCATCACTCGGTTTGG-1,1,Naive/CD4 T cells
CCATCACTCTTCAATC-1,1,Naive/CD4 T cells
CCATCATGTAACCACA-1,2,Naive T cells
CCATCATGTGCTTAGA-1,4,T cells
CCATTATTCTAACTGA-1,3,CD8 T cells
CCCAAACCAGAAATGC-1,0,Classical Monocytes
CCCAAACCAGGACCTT-1,4,T cells
CCCAAACCAGGATTAA-1,4,T cells
CCCAAATAGTGAGCGG-1,3,CD8 T cells
CCCAACCGTCCTAAGA-1,2,Naive T cells
CCCAGCACAATCATGT-1,0,Classical Monocytes
CCCAGTTTCCTCATCA-1,7,NK cells
CCCAGTTTCTGTTGCC-1,5,Cytotoxic lymphocytes
CCCAGTTTCTTGGACG-1,1,Naive/CD4 T cells
CCCATAACAGGAACCA-1,5,Cytotoxic lymphocytes
CCCGCAACAGTTGCGT-1,3,CD8 T cells
CCCGTAAAGTTAGAGG-1,1,Naive/CD4 T cells
CCCGTTGTCAACAAGG-1,4,T cells
CCCTCACCAACACCTA-1,1,Naive/CD4 T cells
CCCTCACCAAGACTCC-1,6,B cells
CCCTCACCAATAACCT-1,4,T cells
CCCTCACCACTAAGTT-1,2,Naive T cells
CCCTCACCAGGCTAGA-1,5,Cytotoxic lymphocytes
CCCTCAGTCATTTGTC-1,1,Naive/CD4 T cells
CCCTCAGTCGGTTTGG-1,1,Naive/CD4 T cells
CCCTCATAGCTATTAG-1,0,Classical Monocytes
CCCTCATAGTGACCTG-1,6,B cells
CCCTGTTAGCTGTCAG-1,3,CD8 T cells
CCCTGTTAGTCGCAAT-1,2,Naive T cells
CCCTTAATCGATCAGT-1,7,NK cells
CCGATGCAGCGAGTAA-1,6,B cells
CCGCAAATCATGCAAC-1,0,Classical Monocytes
CCGCAAATCTCGCCCA-1,0,Classical Monocytes
CCGCAAGGTAATCCCT-1,6,B cells
CCGCAAGGTTCAAGCA-1,2,Naive T cells
CCGCACACACTTCACT-1,0,Classical Monocytes
CCGCACACAGTTTCTC-1,1,Naive/CD4 T cells
CCGCACACATGAGCAG-1,0,Classical Monocytes
CCGCACACATGTTTGG-1,6,B cells
CCGCCAACAACCCTCC-1,1,Naive/CD4 T cells
CCGCTAAAGCTGGAAA-1,6,B cells
CCGCTAGCATGCTATG-1,3,CD8 T cells
CCGCTTAGTATCTGGA-1,1,Naive/CD4 T cells
CCGGTAGGTAATGACT-1,2,Naive T cells
CCGGTAGGTACTAAAC-1,3,CD8 T cells
CCGGTAGGTCGTTACT-1,2,Naive T cells
CCGGTTAAGGAAGTAT-1,1,Naive/CD4 T cells
CCGGTTAAGGCCTAAT-1,0,Classical Monocytes
CCGGTTAAGTCAGGCC-1,1,Naive/CD4 T cells
CCGGTTAAGTTTGGTA-1,2,Naive T cells
CCGTTACTCATCCTGC-1,3,CD8 T cells
CCGTTACTCTAGCGAT-1,2,Naive T cells
CCGTTATGTGCTTAGA-1,0,Classical Monocytes
CCGTTGCGTTAGAGCC-1,1,Naive/CD4 T cells
CCGTTGCGTTTGTCTA-1,5,Cytotoxic lymphocytes
CCGTTTGGTCCTTAGT-1,4,T cells
CCGTTTGGTGCTTTAC-1,1,Naive/CD4 T cells
CCTAAAGGTACGGGTT-1,3,CD8 T cells
CCTAAGCCAGTAGGTG-1,3,CD8 T cells
CCTAAGCCATAAGTTC-1,3,CD8 T cells
CCTAAGCCATTGTGCA-1,3,CD8 T cells
CCTAAGGTCCTGGCTT-1,1,Naive/CD4 T cells
CCTAATCGTGTAACCA-1,4,T cells
CCTAATCGTTAGGCTA-1,3,CD8 T cells
CCTACTGGTCAAGTGC-1,3,CD8 T cells
CCTACTGGTTAATGCG-1,0,Classical Monocytes
CCTACTTCACAAGCCT-1,2,Naive T cells
CCTACTTCACAGAAAC-1,4,T cells
CCTACTTCAGGAACCA-1,2,Naive T cells
CCTACTTCATAAGCAA-1,2,Naive T cells
CCTAGTTGTGGGAACA-1,1,Naive/CD4 T cells
CCTATAGCAATTAGCT-1,4,T cells
CCTATATTCCTCACAC-1,6,B cells
CCTATATTCTAACCAA-1,1,Naive/CD4 T cells
CCTATTGTCCCTCAAC-1,1,Naive/CD4 T cells
CCTATTTAGCTTCTCA-1,2,Naive T cells
CCTATTTAGTTACTTC-1,4,T cells
CCTCAAACATCGTTCT-1,5,Cytotoxic lymphocytes
CCTCAATGTTGGATAT-1,1,Naive/CD4 T cells
CCTCAGTTCCGGAACC-1,3,CD8 T cells
CCTCCTCTCGTGCTAG-1,2,Naive T cells
CCTCCTGAGGCGAATA-1,8,Antigen-presenting cells
CCTCCTGAGTTCCTCA-1,7,NK cells
CCTCCTGAGTTGGCCA-1,0,Classical Monocytes
CCTGAATAGGGTGAAC-1,0,Classical Monocytes
CCTGACTTCCAGGTCA-1,1,Naive/CD4 T cells
CCTGAGTCAGGCCAAA-1,5,Cytotoxic lymphocytes
CCTGATGAGGGACGCA-1,0,Classical Monocytes
CCTGCTCCAGTTATCG-1,0,Classical Monocytes
CCTGCTCCATAGCGGA-1,7,NK cells
CCTGGATCACAACCTA-1,7,NK cells
CCTGGATCAGTAGGTG-1,3,CD8 T cells
CCTGGATCAGTTTACG-1,3,CD8 T cells
CCTGTAACAATTAACC-1,5,Cytotoxic lymphocytes
CCTGTAACAGGTTAAA-1,1,Naive/CD4 T cells
CCTGTTGGTCACAGCG-1,6,B cells
CCTTAACGTGTTGCTT-1,7,NK cells
CCTTAACGTTACAACG-1,2,Naive T cells
CCTTAGTGTCACTCGC-1,9,Rare/Unclear
CCTTAGTGTCCTAGTT-1,1,Naive/CD4 T cells
CCTTAGTGTCTATCGT-1,2,Naive T cells
CCTTAGTGTGTGTCCC-1,1,Naive/CD4 T cells
CCTTATGTCACACAGT-1,5,Cytotoxic lymphocytes
CCTTCGGTCACAGACT-1,0,Classical Monocytes
CCTTCGTAGCTTACTT-1,3,CD8 T cells
CCTTGCGTCACAGGAA-1,3,CD8 T cells
CCTTTAGTCGATTATG-1,7,NK cells
CCTTTAGTCTAGCTAA-1,1,Naive/CD4 T cells
CCTTTAGTCTGTTCAT-1,1,Naive/CD4 T cells
CGAAATGAGGGCCATC-1,5,Cytotoxic lymphocytes
CGAAATGAGGTTAGCT-1,0,Classical Monocytes
CGAAATGAGTGAACCT-1,0,Classical Monocytes
CGAACAAAGGAACACA-1,3,CD8 T cells
CGAAGCCTCAAAGGCA-1,7,NK cells
CGAAGGCCAACCTAAT-1,4,T cells
CGAATATGTGTGAGGA-1,0,Classical Monocytes
CGAATATGTTCATTTG-1,4,T cells
CGAATCTAGGACCAGG-1,4,T cells
CGAATCTAGGATGATG-1,7,NK cells
CGACAAGCATAATGTC-1,1,Naive/CD4 T cells
CGACAAGCATTAAGTC-1,6,B cells
CGAGCGAAGAGAGGCT-1,6,B cells
CGAGCGAAGTACCGCA-1,0,Classical Monocytes
CGAGCTGGTAACCACA-1,5,Cytotoxic lymphocytes
CGAGGCAAGTCACCAG-1,2,Naive T cells
CGAGGTGAGGTCAAAG-1,8,Antigen-presenting cells
CGAGGTGAGTCACTAA-1,2,Naive T cells
CGAGTCGGTATTCGCT-1,0,Classical Monocytes
CGAGTCGGTGGCTTCC-1,3,CD8 T cells
CGATGTCCAAAGCGCA-1,5,Cytotoxic lymphocytes
CGATGTCCAACTAGCC-1,5,Cytotoxic lymphocytes
CGATGTCCAAGCTACC-1,3,CD8 T cells
CGATGTCCAATTAGCT-1,0,Classical Monocytes
CGATGTCCAGGCTTGT-1,1,Naive/CD4 T cells
CGATGTCCAGGTTAAA-1,1,Naive/CD4 T cells
CGATTCCTCAGCACCA-1,4,T cells
CGATTCCTCTTGATGA-1,0,Classical Monocytes
CGATTTGCATAGACTT-1,1,Naive/CD4 T cells
CGCAAATTCTAATCCT-1,5,Cytotoxic lymphocytes
CGCAATAGTGCCTCAC-1,5,Cytotoxic lymphocytes
CGCAATCCAATATACC-1,1,Naive/CD4 T cells
CGCAATGTCCCATAGG-1,3,CD8 T cells
CGCAATTAGCTTAGCG-1,3,CD8 T cells
CGCACAATCCCTCAGT-1,1,Naive/CD4 T cells
CGCACCACACCTGGTG-1,7,NK cells
CGCACCACATCGTTCT-1,0,Classical Monocytes
CGCATATAGTTATGTG-1,1,Naive/CD4 T cells
CGCATGATCCCTGGTT-1,5,Cytotoxic lymphocytes
CGCATGATCGTTATCT-1,8,Antigen-presenting cells
CGCATGATCTTAGTGA-1,1,Naive/CD4 T cells
CGCATTACAGCCAGAA-1,0,Classical Monocytes
CGCATTACAGGTCCTG-1,4,T cells
CGCATTACAGTTGCGT-1,0,Classical Monocytes
CGCATTACATCTAGCA-1,5,Cytotoxic lymphocytes
CGCATTACATTGTGAT-1,5,Cytotoxic lymphocytes
CGCCAAATCATGACCG-1,6,B cells
CGCCACACAACTAGAA-1,3,CD8 T cells
CGCCACACACAATGTT-1,3,CD8 T cells
CGCCTGTGTGCTAGAC-1,5,Cytotoxic lymphocytes
CGCCTGTGTGGTTCTT-1,0,Classical Monocytes
CGCGATTCAGGCTTGT-1,4,T cells
CGCGGATTCGTTTCGC-1,1,Naive/CD4 T cells
CGCTAACCAATTGCGC-1,0,Classical Monocytes
CGCTAACCATAACGGG-1,1,Naive/CD4 T cells
CGCTAACCATAATGTC-1,0,Classical Monocytes
CGCTAATAGCGCTAAT-1,6,B cells
CGCTAATAGTGAGGTA-1,1,Naive/CD4 T cells
CGCTACTTCGTTACAA-1,5,Cytotoxic lymphocytes
CGCTACTTCTAAGTCA-1,3,CD8 T cells
CGCTCAGCACAAAGCG-1,3,CD8 T cells
CGCTCAGCATAAGCAA-1,0,Classical Monocytes
CGCTCCATCACCGGTA-1,7,NK cells
CGCTGTGCAATCGCAC-1,0,Classical Monocytes
CGCTTAACACTTGTTC-1,4,T cells
CGCTTACTCCTGAGTG-1,3,CD8 T cells
CGCTTCTAGGCTATGT-1,2,Naive T cells
CGCTTCTAGTCATTGA-1,0,Classical Monocytes
CGGAATCGTGAGCAAG-1,5,Cytotoxic lymphocytes
CGGACAACACCCTCAC-1,6,B cells
CGGACCTAGCTAATTG-1,6,B cells
CGGACCTAGCTTACTT-1,0,Classical Monocytes
CGGACCTAGGATGATG-1,9,Rare/Unclear
CGGAGCAAGAGAGCCG-1,2,Naive T cells
CGGATAAAGCCATCAG-1,2,Naive T cells
CGGATAAAGTTGGATC-1,4,T cells
CGGATTAGTTTCCTCC-1,0,Classical Monocytes
CGGCAATGTCCACAAA-1,1,Naive/CD4 T cells
CGGCAATGTGTGCAAC-1,1,Naive/CD4 T cells
CGGCCATAGGCAGGTG-1,1,Naive/CD4 T cells
CGGCTCACATGAATCT-1,6,B cells
CGGGACAAGACAGGTA-1,3,CD8 T cells
CGGGACAAGCCTAACG-1,6,B cells
CGGGACAAGCTCGCTT-1,0,Classical Monocytes
CGGGCTTAGCGATAAG-1,0,Classical Monocytes
CGGGCTTAGCTCATAA-1,2,Naive T cells
CGGGCTTAGTAGCGGG-1,1,Naive/CD4 T cells
CGGGTATGTATTCGCT-1,0,Classical Monocytes
CGGGTATGTCTTTGAC-1,1,Naive/CD4 T cells
CGGGTATGTTACTTCA-1,7,NK cells
CGGGTCTAGCAACATC-1,2,Naive T cells
CGGGTCTAGGCAAGTA-1,4,T cells
CGGGTCTAGGTCTTGG-1,5,Cytotoxic lymphocytes
CGGTAACGTGATTTGG-1,3,CD8 T cells
CGGTAACGTTCCTCCT-1,5,Cytotoxic lymphocytes
CGGTAACGTTTAGCGA-1,4,T cells
CGGTGAACAAGTTATC-1,1,Naive/CD4 T cells
CGGTGAACACCGGTAT-1,4,T cells
CGGTGAGAGCGAAGTA-1,0,Classical Monocytes
CGGTGAGAGCTAAAGG-1,4,T cells
CGGTTATAGGACAACA-1,0,Classical Monocytes
CGGTTCCGTATTGCAG-1,7,NK cells
CGGTTCCGTGCTTACT-1,2,Naive T cells
CGGTTGGGTCACCAAA-1,0,Classical Monocytes
CGGTTTCTCCTAATAG-1,6,B cells
CGGTTTGAGCATCCAG-1,1,Naive/CD4 T cells
CGGTTTGAGGCTCATG-1,1,Naive/CD4 T cells
CGTAACCCAAGGAATC-1,6,B cells
CGTAACCCAAGGTGCA-1,6,B cells
CGTAACCCAAGTAAGC-1,1,Naive/CD4 T cells
CGTAATGGTCTCACTG-1,1,Naive/CD4 T cells
CGTAATGGTGGTTAGC-1,2,Naive T cells
CGTACGGGTAGTAAGA-1,3,CD8 T cells
CGTACGGGTTCCGCAC-1,1,Naive/CD4 T cells
CGTAGCGGTAATGGAA-1,6,B cells
CGTATTGCACTGACCG-1,4,T cells
CGTATTGCAGGCGATA-1,6,B cells
CGTCAATAGTCCTTCA-1,4,T cells
CGTGCACAGTCCTGAG-1,0,Classical Monocytes
CGTGCTGCAACACCTA-1,0,Classical Monocytes
CGTGCTGCAACGTGCT-1,4,T cells
CGTGCTGCAAGCCACT-1,3,CD8 T cells
CGTGCTGCAGGATTAA-1,6,B cells
CGTGCTGCATCCGTAA-1,1,Naive/CD4 T cells
CGTGCTGCATGTGGGA-1,2,Naive T cells
CGTGCTTTCCACAATA-1,3,CD8 T cells
CGTGCTTTCGGTAACT-1,2,Naive T cells
CGTTAAATCACAGACT-1,4,T cells
CGTTAAATCCACCTGT-1,3,CD8 T cells
CGTTAACAGCTTAGCG-1,3,CD8 T cells
CGTTAGGTCATTAGTG-1,1,Naive/CD4 T cells
CGTTAGGTCCCTCGCA-1,1,Naive/CD4 T cells
CGTTAGTAGGCCCAGT-1,1,Naive/CD4 T cells
CGTTGCGCAAGTCGCT-1,1,Naive/CD4 T cells
CGTTTCTCAGCTAACC-1,0,Classical Monocytes
CGTTTCTCATACTCCT-1,5,Cytotoxic lymphocytes
CGTTTGGAGTCATCCC-1,0,Classical Monocytes
CGTTTGTGTCAATGTG-1,8,Antigen-presenting cells
CGTTTGTGTTTGCAGA-1,6,B cells
CTAAAGCTCAATGAGG-1,7,NK cells
CTAAAGCTCCTCCCTC-1,1,Naive/CD4 T cells
CTAAAGCTCGGTTAGT-1,4,T cells
CTAAATGTCAATCATG-1,3,CD8 T cells
CTAAATGTCTATTGTC-1,2,Naive T cells
CTAACCACAGCTTAAT-1,3,CD8 T cells
CTAACCTGTTCCGCAC-1,0,Classical Monocytes
CTAACCTGTTGGTGAC-1,2,Naive T cells
CTAAGGTTCCCATAGG-1,1,Naive/CD4 T cells
CTAAGGTTCCTGCGAA-1,0,Classical Monocytes
CTAAGGTTCGGCCATA-1,5,Cytotoxic lymphocytes
CTAAGGTTCTATTGTC-1,2,Naive T cells
CTAAGTCAGGCTTAAC-1,0,Classical Monocytes
CTAAGTCAGGTCATTA-1,3,CD8 T cells
CTAAGTCAGTCTATGA-1,3,CD8 T cells
CTAATCCGTCATAGAT-1,3,CD8 T cells
CTAATCCGTCGTAATG-1,1,Naive/CD4 T cells
CTAATCGCAGCTAACC-1,0,Classical Monocytes
CTAATCTTCGTTAAGC-1,5,Cytotoxic lymphocytes
CTAATGTCAAGGTAAC-1,0,Classical Monocytes
CTAATGTCAGTGAACG-1,0,Classical Monocytes
CTAATTGAGCTTTGGG-1,3,CD8 T cells
CTAATTGAGTATGTGC-1,3,CD8 T cells
CTACCTCAGGTAAGGC-1,2,Naive T cells
CTACGAAGTGTGAGAG-1,0,Classical Monocytes
CTACTTAGTTATTGCC-1,2,Naive T cells
CTACTTAGTTTATGGG-1,9,Rare/Unclear
CTAGCTGAGTTTGGGT-1,2,Naive T cells
CTAGCTTGTATTTGGG-1,1,Naive/CD4 T cells
CTAGCTTGTCTTGCTG-1,0,Classical Monocytes
CTAGGACGTCATCATC-1,2,Naive T cells
CTAGGCGGTTACCGGG-1,0,Classical Monocytes
CTAGTAATCAATACGC-1,0,Classical Monocytes
CTAGTAATCGGTTAGT-1,0,Classical Monocytes
CTAGTAATCGTTTCGC-1,1,Naive/CD4 T cells
CTAGTAGGTCAGGAAG-1,2,Naive T cells
CTAGTCGAGCAAGATG-1,1,Naive/CD4 T cells
CTAGTGAGTCCACAAA-1,0,Classical Monocytes
CTAGTGAGTGATGATT-1,4,T cells
CTAGTGAGTTTGTGGA-1,1,Naive/CD4 T cells
CTAGTTGCAAACTGTT-1,1,Naive/CD4 T cells
CTATGATCAGTAGGTG-1,0,Classical Monocytes
CTATGGCCAGATTCAT-1,0,Classical Monocytes
CTATTCAGTCGTAATG-1,0,Classical Monocytes
CTATTGAAGTCACTAA-1,5,Cytotoxic lymphocytes
CTATTGAAGTTATGTG-1,2,Naive T cells
CTCAATAAGCATTATG-1,6,B cells
CTCACAACATTATGAC-1,3,CD8 T cells
CTCACTCAGCGAGCGA-1,0,Classical Monocytes
CTCAGGATCAGGTCCA-1,5,Cytotoxic lymphocytes
CTCAGGATCGAGGTGG-1,0,Classical Monocytes
CTCATGACAAATTGCT-1,0,Classical Monocytes
CTCATTAGTCGACTAA-1,2,Naive T cells
CTCATTAGTGGGTACT-1,1,Naive/CD4 T cells
CTCCAAACAATAGTCT-1,4,T cells
CTCCAAACATTGTGAT-1,6,B cells
CTCCCTGAGCGAAGTA-1,7,NK cells
CTCCCTGAGGCGGATG-1,5,Cytotoxic lymphocytes
CTCCGGACACAACCTA-1,3,CD8 T cells
CTCCGTCCAAACCCTA-1,6,B cells
CTCCGTCCAATTAGCT-1,4,T cells
CTCCGTCCAGTGAACG-1,0,Classical Monocytes
CTCCTAATCGAGGAGT-1,0,Classical Monocytes
CTCCTAATCTAAGTGC-1,0,Classical Monocytes
CTCCTCACACATACTG-1,4,T cells
CTCCTGAGTGTTCCCA-1,1,Naive/CD4 T cells
CTCGACAAGACTCGCA-1,5,Cytotoxic lymphocytes
CTCGACAAGATGGACA-1,4,T cells
CTCGCTAGTACAATGT-1,1,Naive/CD4 T cells
CTCGCTCCACCAGCAT-1,1,Naive/CD4 T cells
CTCGCTCCATCGCTTT-1,2,Naive T cells
CTCGTTATCAAATCGC-1,1,Naive/CD4 T cells
CTCTAGCTCAATGTGC-1,7,NK cells
CTCTATGTCAACAAGG-1,2,Naive T cells
CTCTATGTCGCAACAT-1,1,Naive/CD4 T cells
CTCTATGTCGTGCTTC-1,6,B cells
CTCTCACAGTTAGAGG-1,0,Classical Monocytes
CTCTGTTCAGGCTTGT-1,1,Naive/CD4 T cells
CTCTGTTCATTCCTCG-1,0,Classical Monocytes
CTCTTGATCCCGTTGT-1,2,Naive T cells
CTGAATATCCTCAGTC-1,2,Naive T cells
CTGAATATCGGCTAGC-1,0,Classical Monocytes
CTGAATATCTATCGCC-1,2,Naive T cells
CTGACCAAGGTGCGGA-1,0,Classical Monocytes
CTGACCAAGTGCTGTG-1,7,NK cells
CTGATCACAACCCTCC-1,0,Classical Monocytes
CTGCAATAGGCATGAA-1,0,Classical Monocytes
CTGCTACTCAGAAACG-1,2,Naive T cells
CTGCTCCCAGGGAGCT-1,6,B cells
CTGGACCAGACAGGCG-1,0,Classical Monocytes
CTGGACCAGCATGGTT-1,4,T cells
CTGGCTAAGAAAGGAA-1,2,Naive T cells
CTGGCTAAGCGCAATT-1,6,B cells
CTGGCTAAGCTATATG-1,0,Classical Monocytes
CTGGCTTTCAGAAACG-1,2,Naive T cells
CTGGTAAGTCAATAGT-1,3,CD8 T cells
CTGGTAAGTGCTTACT-1,2,Naive T cells
CTGGTCAAGAGGAAGG-1,2,Naive T cells
CTGGTCAAGGCACAGG-1,1,Naive/CD4 T cells
CTGGTTACAACTAGCC-1,2,Naive T cells
CTGGTTACAAGGTGGC-1,3,CD8 T cells
CTGTACCTCTCGCCCA-1,7,NK cells
CTGTATTTCACAAGCT-1,1,Naive/CD4 T cells
CTGTATTTCTTGGATA-1,3,CD8 T cells
CTGTGTGAGCGCCTAA-1,1,Naive/CD4 T cells
CTGTGTGAGCTTTGGG-1,5,Cytotoxic lymphocytes
CTGTTCATCAGTTCCC-1,0,Classical Monocytes
CTGTTGGAGCATGTTA-1,6,B cells
CTGTTGGAGCCGCAGT-1,6,B cells
CTGTTGGAGCTCGCTT-1,2,Naive T cells
CTGTTGGAGGCTACAT-1,6,B cells
CTTAAGGGTTCCTGTG-1,8,Antigen-presenting cells
CTTAAGGGTTGGTTCT-1,4,T cells
CTTAATGAGAGGAAGG-1,0,Classical Monocytes
CTTACCGGTAAGCTCA-1,1,Naive/CD4 T cells
CTTACTAGTCATGCAA-1,4,T cells
CTTACTAGTTCCGGGA-1,0,Classical Monocytes
CTTAGGAGTTACAAAC-1,7,NK cells
CTTAGTTTCGATTTAG-1,3,CD8 T cells
CTTATTGGTCGACTAA-1,0,Classical Monocytes
CTTCAATTCAGCATTA-1,4,T cells
CTTCACTCACACTAAT-1,3,CD8 T cells
CTTCATCCAACAGGTG-1,1,Naive/CD4 T cells
CTTCATCCATCACAGC-1,5,Cytotoxic lymphocytes
CTTCGCGTCAGCAAGA-1,2,Naive T cells
CTTCGCGTCATGCGTG-1,2,Naive T cells
CTTCGCGTCCGTTATT-1,0,Classical Monocytes
CTTCTAAGTTGTTGGA-1,0,Classical Monocytes
CTTCTCAAGGAGGACT-1,2,Naive T cells
CTTCTCAAGGATCACT-1,2,Naive T cells
CTTGAACAGCCACAAT-1,1,Naive/CD4 T cells
CTTGAACAGCTAAGTC-1,2,Naive T cells
CTTGAACAGCTGTACG-1,8,Antigen-presenting cells
CTTGAACAGGCAGGTG-1,1,Naive/CD4 T cells
CTTGAATCATTCCTCG-1,1,Naive/CD4 T cells
CTTGACGAGGTAAGCA-1,0,Classical Monocytes
CTTGACGAGTCACTCC-1,3,CD8 T cells
CTTGCAACACAACAGG-1,2,Naive T cells
CTTGCAACACAGACTC-1,3,CD8 T cells
CTTGCATGTAGGTTGC-1,7,NK cells
CTTGCATGTCAAGTGC-1,8,Antigen-presenting cells
CTTGCGCGTCCGGTTC-1,1,Naive/CD4 T cells
CTTGCGCGTTAACGGC-1,1,Naive/CD4 T cells
CTTGCGCGTTCCTCCT-1,0,Classical Monocytes
CTTGCTCAGGACACTT-1,1,Naive/CD4 T cells
CTTGGACCAAACTGCC-1,7,NK cells
CTTGGACCACCAACCG-1,0,Classical Monocytes
CTTGTAAAGAGAGGAG-1,8,Antigen-presenting cells
CTTGTAAAGCGAGGTG-1,1,Naive/CD4 T cells
CTTGTCCAGACAAGTG-1,0,Classical Monocytes
CTTGTTCCAAGGTGGC-1,6,B cells
CTTGTTCCACAGCCAT-1,8,Antigen-presenting cells
CTTTAGGCAAGGCCAA-1,6,B cells
CTTTAGGCACAGGGAC-1,3,CD8 T cells
CTTTAGTTCATGCATA-1,3,CD8 T cells
CTTTAGTTCATTTGTC-1,5,Cytotoxic lymphocytes
CTTTATCAGACAGGCG-1,5,Cytotoxic lymphocytes
CTTTATCAGAGGAAGG-1,4,T cells
CTTTATCAGGGATTAG-1,2,Naive T cells
CTTTATGGTAAGCACC-1,1,Naive/CD4 T cells
CTTTATGGTGCATCGG-1,4,T cells
CTTTATGGTTGTCCAT-1,1,Naive/CD4 T cells
CTTTATGGTTTCGCCA-1,7,NK cells
CTTTCTTGTACCGTTT-1,4,T cells
CTTTCTTGTCCAAATG-1,0,Classical Monocytes
CTTTGAGCAAGTCGCT-1,0,Classical Monocytes
CTTTGAGCACCTCGCT-1,8,Antigen-presenting cells
CTTTGGTGTACCTTAC-1,0,Classical Monocytes
CTTTGGTGTCGCATAA-1,1,Naive/CD4 T cells
CTTTGGTGTCGTTATC-1,9,Rare/Unclear
CTTTGTCCAAGCCAGA-1,0,Classical Monocytes
GAAACCCGTATTTGGG-1,2,Naive T cells
GAAACCCGTGACCTGG-1,2,Naive T cells
GAAACTGAGCTAGAAG-1,0,Classical Monocytes
GAACACAAGGATCACT-1,0,Classical Monocytes
GAACCGCTCAGCATTA-1,6,B cells
GAACCTGTCATGTGGT-1,0,Classical Monocytes
GAACCTGTCCAAGTTA-1,2,Naive T cells
GAACGAATCATTGCGG-1,3,CD8 T cells
GAAGCTAAGGACCGCT-1,0,Classical Monocytes
GAAGCTAAGTCTGGGC-1,1,Naive/CD4 T cells
GAAGCTAAGTTAGAGG-1,5,Cytotoxic lymphocytes
GAAGGAACAGAAATTG-1,3,CD8 T cells
GAAGGATGTCTTGCAT-1,4,T cells
GAAGGATGTTCCATTA-1,2,Naive T cells
GAAGGCTAGAACAAGT-1,3,CD8 T cells
GAAGGCTAGGCAATAG-1,1,Naive/CD4 T cells
GAAGGCTAGTGAGCAA-1,3,CD8 T cells
GAAGTAAGTCGTAATG-1,1,Naive/CD4 T cells
GAAGTAAGTCTTTGAC-1,0,Classical Monocytes
GAAGTATAGGAAACTG-1,3,CD8 T cells
GAAGTCAAGACCATAC-1,5,Cytotoxic lymphocytes
GAATTTGTCACAGCCA-1,0,Classical Monocytes
GACAATACAGCAAGAT-1,8,Antigen-presenting cells
GACAATACAGGTTAAA-1,0,Classical Monocytes
GACAATACATACCCGG-1,1,Naive/CD4 T cells
GACACCGGTGGGTACT-1,0,Classical Monocytes
GACATAGAGGCATTGT-1,1,Naive/CD4 T cells
GACATTATCACGCCAA-1,0,Classical Monocytes
GACATTATCCATAATG-1,5,Cytotoxic lymphocytes
GACATTATCTCTAGCC-1,6,B cells
GACCGAACAACTCGCG-1,3,CD8 T cells
GACCGAACAGAAACGT-1,2,Naive T cells
GACCGAACAGCCAGTT-1,1,Naive/CD4 T cells
GACCGAACATGTTGGC-1,7,NK cells
GACCTAAGTTTGTTGC-1,2,Naive T cells
GACCTAGTCCTGATGG-1,2,Naive T cells
GACCTCAAGGGACTAA-1,1,Naive/CD4 T cells
GACCTGATCATCCTCA-1,4,T cells
GACCTGCAGCGGATAA-1,0,Classical Monocytes
GACCTGCAGGAACCAA-1,2,Naive T cells
GACCTTTGTTTCCACG-1,0,Classical Monocytes
GACGCAACAATGCGCT-1,2,Naive T cells
GACGCAACAATTAACC-1,2,Naive T cells
GACTAATGTTATTGCC-1,3,CD8 T cells
GACTATTCACGTAATT-1,0,Classical Monocytes
GACTATTCAGTGAACG-1,7,NK cells
GACTCACCACCACAAC-1,6,B cells
GACTCACCATTAAGTC-1,5,Cytotoxic lymphocytes
GACTTACAGCTACTGG-1,3,CD8 T cells
GACTTACAGTGGCGGA-1,8,Antigen-presenting cells
GACTTAGGTACTTCAC-1,4,T cells
GACTTAGGTGCTTACT-1,1,Naive/CD4 T cells
GACTTAGGTTGTTGTC-1,4,T cells
GACTTAGGTTTAAAGC-1,4,T cells
GACTTGGTCATTAGGC-1,3,CD8 T cells
GACTTGGTCCTGAGTG-1,3,CD8 T cells
GAGAAACGTAGCCTAA-1,2,Naive T cells
GAGATAAGTTCACCCA-1,0,Classical Monocytes
GAGCAAATCATTGCAA-1,3,CD8 T cells
GAGCAAGGTAGACAAA-1,4,T cells
GAGCAAGGTTGTTCAC-1,2,Naive T cells
GAGCATGCAGATAGAC-1,7,NK cells
GAGCCACTCCTTGCGT-1,1,Naive/CD4 T cells
GAGCCACTCGCAACAT-1,5,Cytotoxic lymphocytes
GAGCCTTCAATGCCCG-1,2,Naive T cells
GAGCCTTCAGCCTGCA-1,1,Naive/CD4 T cells
GAGCCTTCATTGTCCT-1,5,Cytotoxic lymphocytes
GAGCGAAGTGACATAT-1,2,Naive T cells
GAGCGAAGTGTTGTGA-1,1,Naive/CD4 T cells
GAGCGATAGTTATGGC-1,0,Classical Monocytes
GAGCGGTCAAGGGTTG-1,0,Classical Monocytes
GAGCGGTCAATCCTAG-1,3,CD8 T cells
GAGCGGTCACCCTCAC-1,6,B cells
GAGCTAGCACACCAAC-1,6,B cells
GAGCTAGCAGCTCATA-1,5,Cytotoxic lymphocytes
GAGCTGCTCACGCCAA-1,2,Naive T cells
GAGCTGCTCATAACTG-1,5,Cytotoxic lymphocytes
GAGCTGCTCATGCCTC-1,0,Classical Monocytes
GAGCTGCTCCATAAGC-1,2,Naive T cells
GAGCTGCTCCTGTTCA-1,7,NK cells
GAGCTTGTCACGCGGT-1,2,Naive T cells
GAGCTTGTCCCTGGTT-1,5,Cytotoxic lymphocytes
GAGCTTGTCCTCCTAA-1,0,Classical Monocytes
GAGCTTGTCCTGAATA-1,3,CD8 T cells
GAGCTTGTCGAGCAAA-1,5,Cytotoxic lymphocytes
GAGGACTAGCTAAAGG-1,1,Naive/CD4 T cells
GAGGAGGCATGCTATG-1,0,Classical Monocytes
GAGGCTTGTATTGAGT-1,1,Naive/CD4 T cells
GAGGGAGCAAGGGTTG-1,2,Naive T cells
GAGGGAGCAGCATGTC-1,1,Naive/CD4 T cells
GAGGGAGCATTATGGT-1,6,B cells
GAGGTACAGGACCGCT-1,4,T cells
GAGGTAGGTAGGTTAT-1,3,CD8 T cells
GAGGTGAGTAAGCACC-1,5,Cytotoxic lymphocytes
GAGGTGAGTAGCCTAA-1,4,T cells
GAGGTGAGTAGGTTAT-1,4,T cells
GAGGTGAGTGTGTGGT-1,1,Naive/CD4 T cells
GAGGTGAGTGTTTCAC-1,3,CD8 T cells
GAGGTTAAGAGGAGTC-1,5,Cytotoxic lymphocytes
GAGTAACCAGATAGAC-1,0,Classical Monocytes
GAGTAACCATGAGCAG-1,0,Classical Monocytes
GAGTCAAAGCGGATAA-1,2,Naive T cells
GAGTGATCAATGCCTA-1,1,Naive/CD4 T cells
GAGTTACTCGCACAAT-1,3,CD8 T cells
GAGTTGCGTGAGAAAC-1,0,Classical Monocytes
GAGTTGCGTGTCCTGC-1,6,B cells
GATAAAGGTTTATGGG-1,0,Classical Monocytes
GATAACGAGCTTAGCG-1,7,NK cells
GATAACGAGTCAATTG-1,0,Classical Monocytes
GATAACGAGTTAGCTA-1,1,Naive/CD4 T cells
GATAAGCCAAGACTCC-1,1,Naive/CD4 T cells
GATAAGCCAATGCGCT-1,4,T cells
GATAATCGTACAAAGA-1,3,CD8 T cells
GATAGACCACTCAACA-1,4,T cells
GATAGACCACTTCATC-1,7,NK cells
GATCAAGAGCTTACTT-1,2,Naive T cells
GATCACTAGGACCTCA-1,6,B cells
GATCAGGCAAGTTATC-1,2,Naive T cells
GATCAGTTCAATCATG-1,0,Classical Monocytes
GATCAGTTCGGTCAAT-1,6,B cells
GATCAGTTCTCTAGCC-1,3,CD8 T cells
GATCCGTCAGTTAAAG-1,3,CD8 T cells
GATCGAGCAATTTAGC-1,0,Classical Monocytes
GATCGCTCATTAGCCA-1,3,CD8 T cells
GATGCAGCAAGGATTA-1,0,Classical Monocytes
GATGCAGCACGTTACA-1,0,Classical Monocytes
GATGCATTCCTGATTT-1,1,Naive/CD4 T cells
GATGCTTAGGAGCACG-1,1,Naive/CD4 T cells
GATGGCTGTACGATTG-1,0,Classical Monocytes
GATGGCTGTAGCTGGT-1,2,Naive T cells
GATGGCTGTCCGCTGT-1,0,Classical Monocytes
GATGGCTGTGCTAGAC-1,0,Classical Monocytes
GATTAAGCAATGAATG-1,6,B cells
GATTACGGTTGGATCA-1,1,Naive/CD4 T cells
GATTACTCAATATGGA-1,0,Classical Monocytes
GATTACTCAATTGAAG-1,1,Naive/CD4 T cells
GATTACTCAGGAACTG-1,6,B cells
GATTACTCAGTTAAAG-1,7,NK cells
GATTAGCTCCTTAATC-1,0,Classical Monocytes
GATTAGCTCTAAGTGC-1,1,Naive/CD4 T cells
GATTATGTCAAACACC-1,6,B cells
GATTATGTCAGCACCA-1,0,Classical Monocytes
GATTATGTCCTAGTCC-1,1,Naive/CD4 T cells
GATTATGTCCTCACTA-1,1,Naive/CD4 T cells
GATTATGTCCTGAGTG-1,1,Naive/CD4 T cells
GATTATGTCGGCCAGT-1,0,Classical Monocytes
GATTCAATCGCTTCTA-1,3,CD8 T cells
GATTCAATCTGTAATG-1,1,Naive/CD4 T cells
GATTCATCAATTTAGC-1,3,CD8 T cells
GATTCATCAGCAAGTG-1,0,Classical Monocytes
GATTCATCATAATCGT-1,3,CD8 T cells
GATTGATGTGCGCATG-1,1,Naive/CD4 T cells
GATTGCAGTGAGGTGA-1,0,Classical Monocytes
GATTGGCGTACCAGGT-1,1,Naive/CD4 T cells
GATTGGCGTGTTAGCA-1,1,Naive/CD4 T cells
GATTGGTTCATGCTCC-1,2,Naive T cells
GATTGGTTCCATCAGG-1,0,Classical Monocytes
GATTGGTTCCCGAAGC-1,6,B cells
GATTGTTCAGGCATGA-1,1,Naive/CD4 T cells
GATTGTTCATTGCGTA-1,1,Naive/CD4 T cells
GCAAACAAGCAAACCT-1,0,Classical Monocytes
GCAAACAAGGCGTAAA-1,0,Classical Monocytes
GCAAACAAGGCTACAT-1,2,Naive T cells
GCAAACTTCACTCAAA-1,4,T cells
GCAAACTTCAGGATGA-1,0,Classical Monocytes
GCAACAGCAGCATGTC-1,5,Cytotoxic lymphocytes
GCAAGCCTCTAATCAG-1,5,Cytotoxic lymphocytes
GCAAGCCTCTCGCCTG-1,1,Naive/CD4 T cells
GCAAGCCTCTGTAAGC-1,2,Naive T cells
GCAAGTGCAAAGGCCA-1,2,Naive T cells
GCAAGTGCAGGAACTG-1,1,Naive/CD4 T cells
GCAATAGAGATTGAGG-1,0,Classical Monocytes
GCAATATGTAGGTTGC-1,4,T cells
GCAATATGTCTTGCTG-1,0,Classical Monocytes
GCAATATGTGATGAGG-1,4,T cells
GCAATATGTTGGCGTG-1,1,Naive/CD4 T cells
GCAATCTAGGAAACTG-1,3,CD8 T cells
GCAATCTAGTCGCTAG-1,0,Classical Monocytes
GCAATCTAGTGTGATC-1,3,CD8 T cells
GCAATCTAGTTAGGCT-1,5,Cytotoxic lymphocytes
GCAATGAAGTAGCGGG-1,7,NK cells
GCAATGTTCATGACCG-1,4,T cells
GCAATGTTCCTGGTCT-1,0,Classical Monocytes
GCAATGTTCGCTATAA-1,6,B cells
GCACCTAAGGTGAAAT-1,0,Classical Monocytes
GCACGAACAGACAAAC-1,3,CD8 T cells
GCACGAACAGGAACCA-1,2,Naive T cells
GCACGCTAGGAAACTG-1,0,Classical Monocytes
GCACGGTTCCTTAAGA-1,2,Naive T cells
GCACTAAGTAACCAGC-1,1,Naive/CD4 T cells
GCACTAAGTTCATCTA-1,3,CD8 T cells
GCACTTACAGCAGGTA-1,6,B cells
GCAGCTATCTGTTGCC-1,0,Classical Monocytes
GCAGGAAGTCCCGAAG-1,5,Cytotoxic lymphocytes
GCAGGATAGAAAGGAA-1,3,CD8 T cells
GCAGGATAGTTAGGCT-1,5,Cytotoxic lymphocytes
GCAGGCAAGCAGGTTT-1,0,Classical Monocytes
GCAGGCAAGGACCTGC-1,1,Naive/CD4 T cells
GCAGGCTTCCCTCAAC-1,7,NK cells
GCAGGCTTCTTAAGTG-1,7,NK cells
GCAGGTGAGGAATAAC-1,2,Naive T cells
GCAGGTTGTGACATGC-1,8,Antigen-presenting cells
GCATATATCGCTAGTG-1,0,Classical Monocytes
GCATGAAAGCGAGGTG-1,1,Naive/CD4 T cells
GCATGAAAGCGCCTTT-1,3,CD8 T cells
GCATGAAAGGCAATAG-1,1,Naive/CD4 T cells
GCATTAGGTATGGTGC-1,4,T cells
GCATTAGGTATTCGTC-1,1,Naive/CD4 T cells
GCATTAGGTTAGCCAA-1,2,Naive T cells
GCCAACATCCGGCTAA-1,0,Classical Monocytes
GCCAACATCTCGCCCA-1,2,Naive T cells
GCCAATAGTGGTTAGC-1,7,NK cells
GCCAATTAGGCAAGTA-1,2,Naive T cells
GCCACAATCCGGTATG-1,0,Classical Monocytes
GCCACACAGGTCCTGA-1,3,CD8 T cells
GCCACACAGTCAGGCC-1,6,B cells
GCCACTAAGGAACCGG-1,3,CD8 T cells
GCCAGGAAGGAACCGG-1,4,T cells
GCCAGGTTCCAAACAC-1,0,Classical Monocytes
GCCAGGTTCCTAGTTT-1,7,NK cells
GCCAGGTTCGAGGAAC-1,2,Naive T cells
GCCAGGTTCGTCAAGT-1,0,Classical Monocytes
GCCATTACAGCCTAAC-1,1,Naive/CD4 T cells
GCCCAAATCCTTGTTG-1,2,Naive T cells
GCCCAAATCGTGCTAG-1,5,Cytotoxic lymphocytes
GCCCATAAGCCGCAGT-1,1,Naive/CD4 T cells
GCCCGTTGTTCGGGAT-1,1,Naive/CD4 T cells
GCCCTCATCCGCCTCA-1,3,CD8 T cells
GCCGTGAGTAGTTACG-1,8,Antigen-presenting cells
GCCTAATAGTGGCGGA-1,0,Classical Monocytes
GCCTATTGTCATTGTC-1,0,Classical Monocytes
GCCTATTGTTATCCGT-1,1,Naive/CD4 T cells
GCCTCGACACGAATCC-1,3,CD8 T cells
GCCTCGACAGTGAACG-1,0,Classical Monocytes
GCCTGACAGTTTCCTG-1,1,Naive/CD4 T cells
GCCTGTGCAGGCGAGT-1,0,Classical Monocytes
GCCTTAACACAATGTT-1,0,Classical Monocytes
GCCTTAACACTTAGGC-1,1,Naive/CD4 T cells
GCCTTAACAGCATGAG-1,6,B cells
GCCTTAACAGGCGAGT-1,4,T cells
GCCTTACTCACTAAGC-1,1,Naive/CD4 T cells
GCCTTACTCTTGCTAT-1,7,NK cells
GCCTTAGAGCTGCACA-1,4,T cells
GCCTTAGAGTTATGGC-1,2,Naive T cells
GCCTTGCGTACAAAGA-1,2,Naive T cells
GCCTTGCGTCATAACG-1,0,Classical Monocytes
GCCTTGCGTCATTGTC-1,2,Naive T cells
GCCTTGCGTTAAGCTG-1,7,NK cells
GCCTTGCGTTGCCTCA-1,0,Classical Monocytes
GCCTTGCGTTTACTTG-1,6,B cells
GCCTTTATCATGACCG-1,0,Classical Monocytes
GCCTTTATCTCGCCTG-1,3,CD8 T cells
GCCTTTGGTCAATAGT-1,2,Naive T cells
GCGAAGCCAACAGGTG-1,0,Classical Monocytes
GCGAAGTAGCAAGATG-1,3,CD8 T cells
GCGAAGTAGGGTGAAC-1,0,Classical Monocytes
GCGAGTGAGGGATTAG-1,2,Naive T cells
GCGATTAGTTCCTGTG-1,0,Classical Monocytes
GCGCAAACATAAGCAA-1,3,CD8 T cells
GCGCAAACATAATTGC-1,2,Naive T cells
GCGCAAACATAGCTGC-1,2,Naive T cells
GCGCGATTCAATCTCT-1,2,Naive T cells
GCGCTAGGTCAAAGGG-1,1,Naive/CD4 T cells
GCGCTAGGTTCCATTA-1,4,T cells
GCGCTAGGTTTGCGCC-1,1,Naive/CD4 T cells
GCGCTTAAGCTCCCTG-1,5,Cytotoxic lymphocytes
GCGCTTGCACAAAGCG-1,2,Naive T cells
GCGCTTGCATTAGCCA-1,5,Cytotoxic lymphocytes
GCGGAACCAAGCTTTG-1,7,NK cells
GCGGAACCACAAAGGT-1,7,NK cells
GCGGAACCAGCTCAAC-1,1,Naive/CD4 T cells
GCGGAACCAGTTATCG-1,4,T cells
GCGGAACCATCACAGC-1,1,Naive/CD4 T cells
GCGGATACAAGGGTTG-1,0,Classical Monocytes
GCGGGTTTCCCTGTTA-1,0,Classical Monocytes
GCGGTTATCACCTGTC-1,5,Cytotoxic lymphocytes
GCGGTTATCCTAATAG-1,0,Classical Monocytes
GCGTGCTAGCCTGATG-1,3,CD8 T cells
GCGTTTCTCATGCTTT-1,8,Antigen-presenting cells
GCTAACAGTAAATTGC-1,3,CD8 T cells
GCTAACAGTGGATTAT-1,3,CD8 T cells
GCTAACAGTGGTTCCC-1,5,Cytotoxic lymphocytes
GCTAACAGTTTAACCC-1,4,T cells
GCTAACCCAAGGAATC-1,4,T cells
GCTAACCCAGTGAACG-1,2,Naive T cells
GCTAAGAAGGAAGCTA-1,2,Naive T cells
GCTAAGAAGGTCCGTA-1,3,CD8 T cells
GCTAAGCGTTAAGCGC-1,1,Naive/CD4 T cells
GCTAAGTTCATTACTC-1,0,Classical Monocytes
GCTAGCTCATAAACCT-1,2,Naive T cells
GCTAGCTCATCCATCT-1,3,CD8 T cells
GCTATAGGTGACCTGG-1,2,Naive T cells
GCTATAGGTGATTACG-1,1,Naive/CD4 T cells
GCTATAGGTTTCCACG-1,4,T cells
GCTATAGGTTTCCGGC-1,3,CD8 T cells
GCTATCCTCAAATCGC-1,4,T cells
GCTATCCTCATCACTT-1,0,Classical Monocytes
GCTATCCTCCGCACAA-1,3,CD8 T cells
GCTATTGCAACCCTAA-1,0,Classical Monocytes
GCTCAACCATTTGCTC-1,3,CD8 T cells
GCTCACAAGCTCGCTT-1,1,Naive/CD4 T cells
GCTCACAAGGTAAGCA-1,1,Naive/CD4 T cells
GCTCATTGTAGTTAAC-1,2,Naive T cells
GCTCCTTAGCTTTGTT-1,0,Classical Monocytes
GCTCGATCAGTCTAAT-1,6,B cells
GCTCTGGCAGGATTAA-1,6,B cells
GCTCTGGCAGTAGGTG-1,0,Classical Monocytes
GCTCTGTTCCATAATG-1,6,B cells
GCTCTGTTCTGTTGCC-1,0,Classical Monocytes
GCTCTGTTCTTAGCGG-1,0,Classical Monocytes
GCTGACCAGTCCTGAG-1,0,Classical Monocytes
GCTGAGGAGCACCACA-1,4,T cells
GCTGAGGAGGCTTAGT-1,2,Naive T cells
GCTGCACAGTCATTAG-1,5,Cytotoxic lymphocytes
GCTGCACAGTTTGCGG-1,0,Classical Monocytes
GCTGGATGTGCATTAG-1,0,Classical Monocytes
GCTGTAAGTAAACAAG-1,2,Naive T cells
GCTGTACCAGTAAAGC-1,2,Naive T cells
GCTGTGCAGAGGAGTC-1,1,Naive/CD4 T cells
GCTGTGCAGCTAATCA-1,1,Naive/CD4 T cells
GCTGTGCAGCTGTCAG-1,2,Naive T cells
GCTTAAATCCTTTACG-1,0,Classical Monocytes
GCTTACCTCCGGTTGA-1,0,Classical Monocytes
GCTTACCTCGAGGAAC-1,0,Classical Monocytes
GCTTAGTAGCGAGCGA-1,5,Cytotoxic lymphocytes
GCTTAGTAGGTTTGCG-1,2,Naive T cells
GCTTAGTAGTCACCTC-1,2,Naive T cells
GCTTATCGTTCCGGGA-1,2,Naive T cells
GCTTCGCGTCAGGCAT-1,4,T cells
GCTTCGCGTGATTACG-1,6,B cells
GCTTCGCGTGCTTACT-1,1,Naive/CD4 T cells
GCTTGACCAGCATGGA-1,4,T cells
GCTTGACCAGGATAAC-1,3,CD8 T cells
GCTTGACCAGGCGATA-1,2,Naive T cells
GCTTGTTGTACCGAAC-1,0,Classical Monocytes
GCTTTACGTCTAACCT-1,0,Classical Monocytes
GCTTTACGTGGTTATG-1,2,Naive T cells
GCTTTACGTTACAACG-1,0,Classical Monocytes
GCTTTATTCGGCCAGT-1,6,B cells
GCTTTCATCATGCAAC-1,5,Cytotoxic lymphocytes
GCTTTGTGTCCTAATC-1,0,Classical Monocytes
GCTTTGTGTGTAACCA-1,0,Classical Monocytes
GCTTTGTGTTCACCCA-1,4,T cells
GCTTTGTGTTTCGCGC-1,4,T cells
GGAAACTCAAGCCAGA-1,4,T cells
GGAAACTCACCAAAGG-1,1,Naive/CD4 T cells
GGAAACTCAGGCTTCG-1,4,T cells
GGAAACTCAGGTTCAC-1,9,Rare/Unclear
GGAACCACAAGGTATA-1,0,Classical Monocytes
GGAACCACAATTGAGA-1,2,Naive T cells
GGAACCACACTAGCGT-1,1,Naive/CD4 T cells
GGAACCACAGTAGGTG-1,3,CD8 T cells
GGAACCTGTAGTCAAT-1,3,CD8 T cells
GGAAGCTAGGCAAGTA-1,5,Cytotoxic lymphocytes
GGAAGCTAGTTTAACG-1,0,Classical Monocytes
GGAATCTTCCCATAAA-1,7,NK cells
GGACAGCCATAATGAG-1,3,CD8 T cells
GGACAGCCATGTTGTG-1,3,CD8 T cells
GGACCTCAGGAGTCTT-1,4,T cells
GGACCTCAGTAGAGGC-1,8,Antigen-presenting cells
GGACCTCAGTTAGAGG-1,1,Naive/CD4 T cells
GGACCTCAGTTCCCAC-1,2,Naive T cells
GGACGAAGTGCGCATG-1,2,Naive T cells
GGACGAAGTGTGTCCC-1,4,T cells
GGACGAAGTTGAGCCG-1,0,Classical Monocytes
GGACGGATCCTAAATG-1,5,Cytotoxic lymphocytes
GGACGGATCCTCAGTC-1,2,Naive T cells
GGAGCAAGTATTGGTG-1,0,Classical Monocytes
GGAGCATAGAGGGACT-1,0,Classical Monocytes
GGAGGTTAGACTAAGG-1,2,Naive T cells
GGAGGTTAGACTTATG-1,1,Naive/CD4 T cells
GGAGGTTAGGCTCATG-1,3,CD8 T cells
GGAGTCTGTAGCTGGT-1,0,Classical Monocytes
GGAGTCTGTTATCCGT-1,5,Cytotoxic lymphocytes
GGATAACCAAGATTCT-1,1,Naive/CD4 T cells
GGATAACCAATTAGGA-1,0,Classical Monocytes
GGATAACCACTTCACT-1,2,Naive T cells
GGATGAATCATGAGCT-1,3,CD8 T cells
GGATGAATCGTTAACA-1,0,Classical Monocytes
GGATGGCCACACTAAT-1,0,Classical Monocytes
GGATTATGTAAGCTTG-1,6,B cells
GGATTATGTTGTTCAC-1,1,Naive/CD4 T cells
GGATTCAGTTACTTCA-1,2,Naive T cells
GGATTTATCACCGGTA-1,2,Naive T cells
GGCAAATCAAGCCAGA-1,4,T cells
GGCAAATCAGGATTAA-1,4,T cells
GGCAAATCAGGCTACT-1,1,Naive/CD4 T cells
GGCAAATCATAATCGT-1,1,Naive/CD4 T cells
GGCAAATCATTAAGTC-1,1,Naive/CD4 T cells
GGCAAGCCAGTTATCG-1,0,Classical Monocytes
GGCATGGAGCACAGAA-1,4,T cells
GGCATGGAGCAGCTCA-1,1,Naive/CD4 T cells
GGCATTAGTCCCGAAG-1,0,Classical Monocytes
GGCATTGTCACTAAGC-1,3,CD8 T cells
GGCCAACTCCCTGACT-1,4,T cells
GGCCAACTCCGCAACA-1,0,Classical Monocytes
GGCCATCAGCGATAAG-1,0,Classical Monocytes
GGCCGTTAGCACTAGT-1,2,Naive T cells
GGCCTAATCACGCCAA-1,2,Naive T cells
GGCCTAATCATTGTCT-1,1,Naive/CD4 T cells
GGCCTCTGTCACGAAC-1,9,Rare/Unclear
GGCCTTAAGGATAAAC-1,6,B cells
GGCGGTAAGGTCCTAG-1,2,Naive T cells
GGCGGTTTCACCTGCT-1,0,Classical Monocytes
GGCGGTTTCCTTTACG-1,2,Naive T cells
GGCGTTATCCAGGAAA-1,9,Rare/Unclear
GGCGTTATCGAGGTGG-1,1,Naive/CD4 T cells
GGCTAGACAAACGGGC-1,2,Naive T cells
GGCTAGACACCTAATG-1,6,B cells
GGCTAGTGTACGCGCA-1,0,Classical Monocytes
GGCTAGTGTCCAAGAC-1,4,T cells
GGCTAGTGTTGTTCAC-1,3,CD8 T cells
GGCTAGTGTTTAAAGC-1,4,T cells
GGCTATGTCTCCTCAA-1,4,T cells
GGCTATTAGCAGCTCA-1,2,Naive T cells
GGCTATTAGGACTTAC-1,2,Naive T cells
GGCTCAATCATCCTAT-1,1,Naive/CD4 T cells
GGCTCAATCATGCGTG-1,0,Classical Monocytes
GGCTCAATCGTTAACA-1,5,Cytotoxic lymphocytes
GGCTCACAGCTACTGG-1,1,Naive/CD4 T cells
GGCTCACAGTTGTCCC-1,3,CD8 T cells
GGCTGAGAGACCATAC-1,7,NK cells
GGCTGAGAGGTCAAAG-1,2,Naive T cells
GGCTGTCAGGCTAGAA-1,0,Classical Monocytes
GGCTTCAAGAGAAGGG-1,3,CD8 T cells
GGGAGTAGTGCTTACT-1,6,B cells
GGGATAATCCAGGTCA-1,6,B cells
GGGATAATCCCGTTGT-1,1,Naive/CD4 T cells
GGGATTAAGGCTTAGT-1,7,NK cells
GGGATTAAGGGACGCA-1,3,CD8 T cells
GGGCAATAGACTCGCA-1,2,Naive T cells
GGGCAATAGGGACTAA-1,2,Naive T cells
GGGCATGAGACAAGTG-1,3,CD8 T cells
GGGCATTGTTGGTTAG-1,0,Classical Monocytes
GGGCCTAGTAAGGTCC-1,0,Classical Monocytes
GGGCCTAGTAGGTGTC-1,3,CD8 T cells
GGGCGAATCGAAGCGG-1,3,CD8 T cells
GGGCGAATCGGGATTT-1,7,NK cells
GGGCTAACAACCTGGT-1,3,CD8 T cells
GGGCTAACACCTAATG-1,0,Classical Monocytes
GGGTATTTCAGTTCCC-1,1,Naive/CD4 T cells
GGGTATTTCGCTAAGT-1,1,Naive/CD4 T cells
GGGTATTTCGGCTATG-1,0,Classical Monocytes
GGGTCAACACAGAAAC-1,7,NK cells
GGGTGAAGTACTTAGG-1,5,Cytotoxic lymphocytes
GGGTGAAGTCACAAAT-1,6,B cells
GGGTGTTGTTACTTGC-1,6,B cells
GGGTGTTGTTAGCTGA-1,1,Naive/CD4 T cells
GGGTGTTGTTTCCACG-1,0,Classical Monocytes
GGGTTACGTAACTACG-1,0,Classical Monocytes
GGGTTACGTGAGGTGA-1,4,T cells
GGGTTACGTGATGAGG-1,2,Naive T cells
GGGTTATTCGACAAAG-1,3,CD8 T cells
GGGTTTCCACAACAAA-1,0,Classical Monocytes
GGGTTTGTCATCCTCA-1,4,T cells
GGTAAACCATTGTCCT-1,2,Naive T cells
GGTAACCGTAATGGCC-1,2,Naive T cells
GGTAACTTCACCGGTA-1,1,Naive/CD4 T cells
GGTAACTTCTTGAGCG-1,4,T cells
GGTAAGGGTGACATAT-1,3,CD8 T cells
GGTAATTGTTCCGGGA-1,0,Classical Monocytes
GGTACCGGTCATTACC-1,4,T cells
GGTACTAGTAAGTCGC-1,0,Classical Monocytes
GGTACTAGTATTCGCT-1,2,Naive T cells
GGTACTAGTATTTGCC-1,2,Naive T cells
GGTACTAGTCGCAATA-1,3,CD8 T cells
GGTACTAGTGTTGCAA-1,4,T cells
GGTACTAGTTCCATTA-1,4,T cells
GGTAGGAGTCACTCGC-1,6,B cells
GGTAGGAGTGATGAGG-1,3,CD8 T cells
GGTAGGAGTGTTAGCA-1,3,CD8 T cells
GGTAGGAGTTAACAGT-1,2,Naive T cells
GGTAGGAGTTCCGGCT-1,2,Naive T cells
GGTATTGGTGGCTTCC-1,3,CD8 T cells
GGTATTTCAGGCGATA-1,2,Naive T cells
GGTCAAGCAGAGGGAG-1,0,Classical Monocytes
GGTCAAGCAGGACACA-1,5,Cytotoxic lymphocytes
GGTCAAGCAGGTTTGC-1,6,B cells
GGTCAATTCCTAAGAC-1,0,Classical Monocytes
GGTCAATTCGTCCTTA-1,1,Naive/CD4 T cells
GGTCAGGAGCGAGTAA-1,2,Naive T cells
GGTCAGGAGGGTGAAC-1,1,Naive/CD4 T cells
GGTCATTAGGTGCGGA-1,3,CD8 T cells
GGTCATTAGTCGCTAG-1,2,Naive T cells
GGTCATTAGTGAGAGC-1,1,Naive/CD4 T cells
GGTCCATCAACAGCCT-1,0,Classical Monocytes
GGTCCGTAGGAAGCTA-1,1,Naive/CD4 T cells
GGTCGGTTCACTTTAC-1,3,CD8 T cells
GGTCGGTTCATCAGTA-1,6,B cells
GGTCTTGAGGCCGGAA-1,4,T cells
GGTCTTGAGGGATGCG-1,1,Naive/CD4 T cells
GGTCTTTGTAACGAGG-1,2,Naive T cells
GGTCTTTGTTGGTGAC-1,2,Naive T cells
GGTGAGGTCATTACGA-1,3,CD8 T cells
GGTGAGGTCGGTTTCC-1,0,Classical Monocytes
GGTGAGTAGCGAGTAA-1,1,Naive/CD4 T cells
GGTGATTTCCTCATGC-1,0,Classical Monocytes
GGTGATTTCGGTCATG-1,0,Classical Monocytes
GGTGCTGGTCCTAATC-1,3,CD8 T cells
GGTGCTTCAAACCTAT-1,5,Cytotoxic lymphocytes
GGTGCTTCAAATATCC-1,2,Naive T cells
GGTGCTTCACCGGCTA-1,0,Classical Monocytes
GGTGCTTCACCGTTCC-1,4,T cells
GGTGCTTCATTATGCG-1,0,Classical Monocytes
GGTGTGACACCGGTAT-1,4,T cells
GGTGTGACACTTCACT-1,1,Naive/CD4 T cells
GGTGTTGTCCTTGCAC-1,4,T cells
GGTGTTGTCGAGGAGT-1,3,CD8 T cells
GGTTAATGTGGATTAT-1,0,Classical Monocytes
GGTTACCCAACAGGTG-1,5,Cytotoxic lymphocytes
GGTTACCCAACGTGCT-1,3,CD8 T cells
GGTTACCCACAGCCAT-1,4,T cells
GGTTACCCATAGACCC-1,1,Naive/CD4 T cells
GGTTACTAGTCACTAA-1,0,Classical Monocytes
GGTTAGCGTGAGACTC-1,5,Cytotoxic lymphocytes
GGTTATATCTAACCTT-1,6,B cells
GGTTATGGTGTCCAAA-1,3,CD8 T cells
GGTTATGGTTCATCTA-1,1,Naive/CD4 T cells
GGTTCCCGTGCTCACC-1,6,B cells
GGTTCTTGTAGGTTTG-1,2,Naive T cells
GGTTGACGTCCGTGAG-1,1,Naive/CD4 T cells
GGTTGAGCAATTTGGT-1,0,Classical Monocytes
GGTTGCATCTTTGAGA-1,1,Naive/CD4 T cells
GGTTGCGGTCAAGTAT-1,1,Naive/CD4 T cells
GGTTGCGGTTGCTGGG-1,2,Naive T cells
GGTTGCTCAAACAACA-1,1,Naive/CD4 T cells
GGTTGCTCAGGACACA-1,2,Naive T cells
GGTTGGTGTCTCAGCC-1,0,Classical Monocytes
GGTTGGTGTTTCGCGC-1,8,Antigen-presenting cells
GGTTTAATCCTTAATC-1,3,CD8 T cells
GGTTTAATCCTTCGTA-1,1,Naive/CD4 T cells
GGTTTCCTCACATTGA-1,4,T cells
GGTTTCCTCGCACACA-1,0,Classical Monocytes
GGTTTCTGTAAGGTCC-1,5,Cytotoxic lymphocytes
GTAAAGCCACCAAAGG-1,3,CD8 T cells
GTAAGCAAGTGCACGC-1,0,Classical Monocytes
GTAAGCGCAGGACCTT-1,3,CD8 T cells
GTAAGGTCAAGGGTTG-1,1,Naive/CD4 T cells
GTAAGGTCAATTAGGA-1,4,T cells
GTAATAGCAAATATCC-1,1,Naive/CD4 T cells
GTAATAGCAACTGGCT-1,1,Naive/CD4 T cells
GTAATAGCAGGAAGCC-1,5,Cytotoxic lymphocytes
GTACACCCAGTCTATG-1,1,Naive/CD4 T cells
GTACTAGGTATCTGGA-1,3,CD8 T cells
GTACTAGGTGCTTTAC-1,2,Naive T cells
GTACTAGGTTTATGGG-1,0,Classical Monocytes
GTACTGGTCACTAGGT-1,0,Classical Monocytes
GTACTTAAGAGGAGTC-1,2,Naive T cells
GTACTTCGTAATGGAA-1,3,CD8 T cells
GTAGCCATCCGTTAAA-1,3,CD8 T cells
GTAGCCATCTAATCAG-1,2,Naive T cells
GTAGCGCTCACAGCCA-1,9,Rare/Unclear
GTAGGAGGTAATGGCC-1,0,Classical Monocytes
GTAGGAGGTGCTGGTG-1,2,Naive T cells
GTAGGAGGTGGGAACA-1,4,T cells
GTAGGAGGTTGGTTCT-1,4,T cells
GTAGGATCAGCTCATA-1,0,Classical Monocytes
GTAGGATCATGTTGCA-1,0,Classical Monocytes
GTAGGATCATTAGGCC-1,2,Naive T cells
GTAGGCGAGTAACAGG-1,1,Naive/CD4 T cells
GTAGTTTCAAAGCCTC-1,3,CD8 T cells
GTATCGCCAGCCTGCA-1,3,CD8 T cells
GTATGTTCACCTCGCT-1,4,T cells
GTATTCAAGCCTGTGA-1,0,Classical Monocytes
GTATTCAAGTTTGGGT-1,1,Naive/CD4 T cells
GTATTGATCCCGAAGC-1,5,Cytotoxic lymphocytes
GTCAAACTCATGCAAC-1,0,Classical Monocytes
GTCAAACTCCGGTTGA-1,2,Naive T cells
GTCAATATCCCATAAA-1,2,Naive T cells
GTCAATATCTAGCGAT-1,2,Naive T cells
GTCAGGCTCGCAGGCT-1,2,Naive T cells
GTCATCACACATAGCC-1,2,Naive T cells
GTCATCCTCACTTCAT-1,0,Classical Monocytes
GTCATCCTCCTCACAC-1,4,T cells
GTCATTAAGCGGGCAA-1,4,T cells
GTCATTAAGGCGCTTA-1,0,Classical Monocytes
GTCATTAAGTTAGACC-1,4,T cells
GTCCAAGTCAGCACCA-1,0,Classical Monocytes
GTCCGTAAGTTACCGG-1,2,Naive T cells
GTCCGTAAGTTCCCGT-1,3,CD8 T cells
GTCCTCAGTTAGTGAT-1,1,Naive/CD4 T cells
GTCCTCCCAAGGATTA-1,5,Cytotoxic lymphocytes
GTCCTCCCAATAACGA-1,0,Classical Monocytes
GTCCTCCCAATGCCCG-1,2,Naive T cells
GTCCTCCCACAGAAAC-1,2,Naive T cells
GTCCTCCCACCTGCTC-1,1,Naive/CD4 T cells
GTCCTCCCACTCAACA-1,3,CD8 T cells
GTCGAAGCATTTGCTC-1,4,T cells
GTCGAGGAGCGCAATT-1,2,Naive T cells
GTCGAGGAGGCGGGTA-1,4,T cells
GTCGAGGAGTTTCCTG-1,5,Cytotoxic lymphocytes
GTCGCAATCATCAGTA-1,3,CD8 T cells
GTCGCAATCATGCTCC-1,3,CD8 T cells
GTCGGTTCAATTTGGT-1,1,Naive/CD4 T cells
GTCTAACAGTAACGAG-1,0,Classical Monocytes
GTCTAATCATGTTGGC-1,1,Naive/CD4 T cells
GTCTAGCCAGCTCAAC-1,3,CD8 T cells
GTCTAGCCAGTTTACG-1,3,CD8 T cells
GTCTATCGTAAACAAG-1,1,Naive/CD4 T cells
GTCTATCGTGATCAGC-1,4,T cells
GTCTATGCAACTAACT-1,1,Naive/CD4 T cells
GTCTATGCATAATGAG-1,4,T cells
GTCTATGCATAGCGAG-1,5,Cytotoxic lymphocytes
GTCTTGCTCCTCAGTC-1,1,Naive/CD4 T cells
GTCTTGCTCGTAATCA-1,2,Naive T cells
GTCTTTAGTCACAGCG-1,1,Naive/CD4 T cells
GTCTTTGTCATTGTCT-1,0,Classical Monocytes
GTCTTTGTCCTAATTC-1,5,Cytotoxic lymphocytes
GTCTTTGTCGGTTACG-1,2,Naive T cells
GTGAACAAGCTTAGCG-1,5,Cytotoxic lymphocytes
GTGAATCTCCGGTATG-1,3,CD8 T cells
GTGATGAAGGAGGACT-1,3,CD8 T cells
GTGATGAAGGATAAAC-1,1,Naive/CD4 T cells
GTGCAAGCACTAAGTT-1,2,Naive T cells
GTGCAAGCAGCCGCTA-1,4,T cells
GTGCAAGCATTCCTGT-1,0,Classical Monocytes
GTGCCTTTCAATTACG-1,1,Naive/CD4 T cells
GTGCCTTTCCTGATGG-1,0,Classical Monocytes
GTGCGCAGTAAGCTCA-1,3,CD8 T cells
GTGCGCAGTGGTTAGC-1,6,B cells
GTGCGCAGTTCCTCCT-1,3,CD8 T cells
GTGCGCAGTTTGCAGA-1,7,NK cells
GTGCGGTTCAATCTCT-1,2,Naive T cells
GTGCGGTTCTCACACC-1,4,T cells
GTGCTCCGTCGCAATA-1,3,CD8 T cells
GTGCTCCGTGCAACTA-1,3,CD8 T cells
GTGCTCCGTTACCTGT-1,5,Cytotoxic lymphocytes
GTGCTGATCGTTTCCA-1,3,CD8 T cells
GTGCTGGGTACCTTAC-1,3,CD8 T cells
GTGCTGGGTCCCGAAG-1,0,Classical Monocytes
GTGCTGGGTCGCGCAA-1,4,T cells
GTGCTTACAGTAATAG-1,0,Classical Monocytes
GTGCTTCTCATGTTTC-1,8,Antigen-presenting cells
GTGCTTCTCATTACAG-1,6,B cells
GTGCTTCTCTGCAACG-1,2,Naive T cells
GTGGACACAATCCCTT-1,5,Cytotoxic lymphocytes
GTGGACACAATCGCAC-1,2,Naive T cells
GTGGACACACGGTACT-1,0,Classical Monocytes
GTGGACACATAATCCG-1,3,CD8 T cells
GTGGATGCAACCCTAA-1,1,Naive/CD4 T cells
GTGGATGCAGTTAAAG-1,7,NK cells
GTGTAACTCCTGAGTG-1,1,Naive/CD4 T cells
GTGTCCAAGGAAACTG-1,6,B cells
GTGTCCAAGTTATCCT-1,0,Classical Monocytes
GTGTGAGCAAACAACA-1,2,Naive T cells
GTGTGAGCAACACTTG-1,2,Naive T cells
GTGTGAGCAGCACGTT-1,2,Naive T cells
GTGTGCGGTAACCACA-1,3,CD8 T cells
GTGTGCGGTATTGTCC-1,0,Classical Monocytes
GTGTGCGGTCGCAAAC-1,0,Classical Monocytes
GTGTGTTAGAAGCTAG-1,1,Naive/CD4 T cells
GTGTGTTAGGTGTCCA-1,0,Classical Monocytes
GTGTGTTAGTTAGAGG-1,2,Naive T cells
GTGTTACAGCCTCTGT-1,1,Naive/CD4 T cells
GTGTTACAGTCGCTAG-1,6,B cells
GTGTTACAGTTACCGG-1,3,CD8 T cells
GTGTTCCTCGTGCTTC-1,4,T cells
GTGTTCCTCTATCGCC-1,6,B cells
GTTAACCAGGGACCTC-1,0,Classical Monocytes
GTTAACGGTACGGTAC-1,7,NK cells
GTTAACGGTCCGGTTC-1,0,Classical Monocytes
GTTAACGGTCCTAAGA-1,2,Naive T cells
GTTAAGCTCTTGCAAA-1,0,Classical Monocytes
GTTAAGTGTTGGTTAG-1,6,B cells
GTTAATGTCATTATGG-1,2,Naive T cells
GTTAATGTCGTTAACA-1,1,Naive/CD4 T cells
GTTACAGGTCATAAGT-1,0,Classical Monocytes
GTTACAGGTGCTAGAC-1,4,T cells
GTTACAGGTTGGTGAC-1,1,Naive/CD4 T cells
GTTACTAAGCTTGCTC-1,0,Classical Monocytes
GTTACTAAGGCTTAAC-1,1,Naive/CD4 T cells
GTTACTCGTACCGGAT-1,1,Naive/CD4 T cells
GTTACTCGTCAGTAAT-1,2,Naive T cells
GTTACTCGTTAGGACC-1,1,Naive/CD4 T cells
GTTCATTTCTCATCAT-1,1,Naive/CD4 T cells
GTTCCCAGTAATCCCT-1,0,Classical Monocytes
GTTCCCAGTCCAAGAC-1,6,B cells
GTTCCTTCAAGCTAAA-1,1,Naive/CD4 T cells
GTTCCTTCAATCATGT-1,4,T cells
GTTCCTTCAGGCATCT-1,3,CD8 T cells
GTTCGCTTCGCTTCTA-1,7,NK cells
GTTCTTAGTGTTGCTT-1,0,Classical Monocytes
GTTCTTAGTTGTTGCT-1,4,T cells
GTTCTTGTCATTTAGG-1,0,Classical Monocytes
GTTGCATAGCCATCAG-1,6,B cells
GTTGCCCGTTTACCGT-1,1,Naive/CD4 T cells
GTTGCGGGTATGTGGC-1,9,Rare/Unclear
GTTGCGGGTCCTGATT-1,2,Naive T cells
GTTGCTGAGCTCAAAC-1,1,Naive/CD4 T cells
GTTGCTGAGCTTTGGG-1,0,Classical Monocytes
GTTGCTGAGTAAGTGG-1,0,Classical Monocytes
GTTGGCCAGGGTGGAT-1,1,Naive/CD4 T cells
GTTGGCGGTGCTGTAA-1,0,Classical Monocytes
GTTGGCGGTGGAAGGC-1,1,Naive/CD4 T cells
GTTGTTGCACGAACAG-1,2,Naive T cells
GTTTAACCAAGCGAGC-1,1,Naive/CD4 T cells
GTTTAACCAGTCTATG-1,9,Rare/Unclear
GTTTAACCATCATGGC-1,3,CD8 T cells
GTTTAACCATGCAACC-1,2,Naive T cells
GTTTAACCATTTGCTC-1,0,Classical Monocytes
GTTTACCGTTAAGCTG-1,0,Classical Monocytes
GTTTACCGTTTAAAGC-1,3,CD8 T cells
GTTTAGCAGGTTTGAC-1,1,Naive/CD4 T cells
GTTTATCTCGCTCCAT-1,1,Naive/CD4 T cells
GTTTCAGCATGAATAG-1,3,CD8 T cells
GTTTCCTCAATGAGGT-1,0,Classical Monocytes
GTTTCTAGTGGAGCAA-1,5,Cytotoxic lymphocytes
GTTTGCTGTATCTGGA-1,4,T cells
GTTTGCTGTTGCAATG-1,3,CD8 T cells
GTTTGTAAGGCCAATT-1,0,Classical Monocytes
GTTTGTCGTTGAGGTC-1,9,Rare/Unclear
GTTTGTTTCCGGTATG-1,4,T cells
TAAAGCCTCAATGAGG-1,3,CD8 T cells
TAAAGCCTCGTGCCTT-1,1,Naive/CD4 T cells
TAACCAGGTACTTAGG-1,0,Classical Monocytes
TAACCGGTCATGCTTT-1,6,B cells
TAACCGGTCATTAGTG-1,0,Classical Monocytes
TAACCTAAGGATCACT-1,8,Antigen-presenting cells
TAACCTAAGTAGCGGG-1,4,T cells
TAAGCCAGTAAGCACC-1,0,Classical Monocytes
TAAGCCAGTACAAAGA-1,0,Classical Monocytes
TAAGCCTAGACAGGCG-1,1,Naive/CD4 T cells
TAAGCTGGTTAATGCG-1,3,CD8 T cells
TAAGCTGGTTAGGATT-1,3,CD8 T cells
TAAGCTGGTTATCGAG-1,4,T cells
TAAGGACCACCTGGTG-1,4,T cells
TAAGGACCATAGCGGA-1,4,T cells
TAAGGCTTCACGCATG-1,8,Antigen-presenting cells
TAAGGCTTCAGGGCCT-1,0,Classical Monocytes
TAAGGCTTCATAATCG-1,0,Classical Monocytes
TAAGGCTTCGGCTATG-1,0,Classical Monocytes
TAAGGCTTCTTGCATT-1,4,T cells
TAAGTAGCATTATGCG-1,2,Naive T cells
TAATCCGCAAACGCGA-1,4,T cells
TAATGCATCCGCAACA-1,0,Classical Monocytes
TAATGCATCCGCCTAT-1,5,Cytotoxic lymphocytes
TAATGGACATAGGCGA-1,0,Classical Monocytes
TAATGGTGTAGCAGCT-1,5,Cytotoxic lymphocytes
TAATGGTGTGTGTCCC-1,8,Antigen-presenting cells
TAATTGCCAAATGCCC-1,6,B cells
TAATTGCCAAGGTACG-1,6,B cells
TAATTGCCACCTGCTC-1,1,Naive/CD4 T cells
TACAATGTCATCAGTA-1,1,Naive/CD4 T cells
TACAATGTCGAAGTAG-1,0,Classical Monocytes
TACAGCTAGCTCCTTA-1,1,Naive/CD4 T cells
TACATCAAGGGCTTAT-1,2,Naive T cells
TACATCAAGGTACCGC-1,6,B cells
TACCCGGCAATGCCTA-1,2,Naive T cells
TACCGAAGTTGGGTTA-1,3,CD8 T cells
TACCGCAAGACTCGCA-1,1,Naive/CD4 T cells
TACCGCAAGGCGAAAC-1,2,Naive T cells
TACCGTTGTGATTTGG-1,2,Naive T cells
TACCTCATCCGCAACA-1,2,Naive T cells
TACCTGCTCCCTTGCG-1,2,Naive T cells
TACCTTAGTTCAAGCA-1,2,Naive T cells
TACCTTAGTTGCGGAT-1,0,Classical Monocytes
TACCTTTAGGACAACA-1,7,NK cells
TACCTTTAGGCTGTGC-1,6,B cells
TACCTTTAGGTGAAAT-1,1,Naive/CD4 T cells
TACCTTTAGGTGTCCA-1,4,T cells
TACCTTTAGTCTTGAA-1,2,Naive T cells
TACGCACCATGTTTGG-1,2,Naive T cells
TACGGATTCTAACCTT-1,0,Classical Monocytes
TACGGTTAGCTTAACA-1,3,CD8 T cells
TACGTAATCAAATCGC-1,5,Cytotoxic lymphocytes
TACGTAATCCTGCGAA-1,1,Naive/CD4 T cells
TACGTACAGTTAGTGC-1,0,Classical Monocytes
TACGTACAGTTAGTTG-1,3,CD8 T cells
TACTAAGTCCAATAGC-1,0,Classical Monocytes
TACTAAGTCTTTAAGG-1,8,Antigen-presenting cells
TACTCGCTCCTCCATA-1,2,Naive T cells
TACTGAGGTTAATGCG-1,1,Naive/CD4 T cells
TACTGCACAAACTAAG-1,1,Naive/CD4 T cells
TACTGCACAGCAACCT-1,0,Classical Monocytes
TACTGGCCAGCTTAAT-1,0,Classical Monocytes
TACTGGCCATAATGTC-1,2,Naive T cells
TACTGGCCATCAGTAT-1,7,NK cells
TACTTGTTCCGCCTAT-1,5,Cytotoxic lymphocytes
TAGAGCCGTGATTACG-1,7,NK cells
TAGCAGGCAAGGTACG-1,0,Classical Monocytes
TAGCAGGCAAGTTATC-1,0,Classical Monocytes
TAGCAGGCATAATCAC-1,1,Naive/CD4 T cells
TAGCAGGCATAGACTT-1,4,T cells
TAGCATATCCGGTATG-1,0,Classical Monocytes
TAGCATATCGGTTAGT-1,3,CD8 T cells
TAGCCGGGTCAGGAAG-1,6,B cells
TAGCCTCTCGTAACGT-1,2,Naive T cells
TAGCCTGAGGAGCACG-1,0,Classical Monocytes
TAGCCTTGTCATAACG-1,0,Classical Monocytes
TAGCGCGGTACGCGCA-1,1,Naive/CD4 T cells
TAGCGCGGTTGCCTCA-1,5,Cytotoxic lymphocytes
TAGCGGACAGGACCTT-1,0,Classical Monocytes
TAGCGGCTCAGCAAGA-1,2,Naive T cells
TAGCGGCTCATTCATC-1,2,Naive T cells
TAGCGGCTCCGCCAAA-1,8,Antigen-presenting cells
TAGCGGCTCTCCATGC-1,4,T cells
TAGCTAATCACGTTAA-1,3,CD8 T cells
TAGCTAATCATGCGTG-1,7,NK cells
TAGCTAATCTCCATAT-1,0,Classical Monocytes
TAGCTAGGTACGCGCA-1,6,B cells
TAGCTAGGTTGCAATG-1,4,T cells
TAGCTTAAGGCGCTAC-1,3,CD8 T cells
TAGCTTAAGGTCCAAT-1,1,Naive/CD4 T cells
TAGCTTGCAAGGAATC-1,0,Classical Monocytes
TAGCTTGCATCAATCG-1,1,Naive/CD4 T cells
TAGGAACCAGCAGGTA-1,3,CD8 T cells
TAGGAGGGTTACAACG-1,2,Naive T cells
TAGGAGGGTTATCGAG-1,3,CD8 T cells
TAGGAGTCATCGCTCC-1,1,Naive/CD4 T cells
TAGGAGTCATTGTGGC-1,0,Classical Monocytes
TAGGCTGTCAATGAGG-1,4,T cells
TAGGCTGTCAATTGGC-1,5,Cytotoxic lymphocytes
TAGGCTGTCGAGCTAT-1,0,Classical Monocytes
TAGGCTTAGAGAGGAG-1,2,Naive T cells
TAGGCTTAGGAAACTG-1,5,Cytotoxic lymphocytes
TAGGCTTAGGTGAGAC-1,7,NK cells
TAGGGTTTCAGGTCCA-1,1,Naive/CD4 T cells
TAGGGTTTCGCATCCT-1,2,Naive T cells
TAGGTTATCTTGAGCG-1,3,CD8 T cells
TAGTAACGTGTGTGGT-1,1,Naive/CD4 T cells
TAGTAACGTTCACCAT-1,5,Cytotoxic lymphocytes
TAGTAACGTTGTTGTC-1,2,Naive T cells
TAGTAAGCATCCCGCT-1,5,Cytotoxic lymphocytes
TAGTACGGTGGATTGC-1,1,Naive/CD4 T cells
TAGTACGGTTAAGCCA-1,1,Naive/CD4 T cells
TAGTAGGAGAACCTGT-1,1,Naive/CD4 T cells
TAGTCAATCGTTCACC-1,0,Classical Monocytes
TAGTGGCGTCTATCGT-1,7,NK cells
TAGTGGCGTGTCCAGG-1,7,NK cells
TAGTGTGGTCGACTCC-1,3,CD8 T cells
TAGTGTGGTTGTAAAC-1,2,Naive T cells
TAGTTGTCAATGAATG-1,5,Cytotoxic lymphocytes
TAGTTGTCACCGGTAT-1,8,Antigen-presenting cells
TAGTTTGAGCACAGAA-1,2,Naive T cells
TATAACCCACTTACAG-1,5,Cytotoxic lymphocytes
TATAACCCATTAAAGG-1,7,NK cells
TATAGCCAGCTTAGTA-1,3,CD8 T cells
TATAGGTGTACTGAAT-1,9,Rare/Unclear
TATATCCTCATTAGCA-1,0,Classical Monocytes
TATCACAAGCAAGGGT-1,4,T cells
TATCACAAGTTTGCGG-1,0,Classical Monocytes
TATCACGCAAGGTACG-1,2,Naive T cells
TATCGAGGTTGTAAAC-1,3,CD8 T cells
TATCGAGGTTTATCTG-1,1,Naive/CD4 T cells
TATCGCACAAGTGAAC-1,6,B cells
TATCGCGAGGATCACT-1,2,Naive T cells
TATGAAGCAATAATCC-1,4,T cells
TATGACTCACTTAACG-1,2,Naive T cells
TATGACTCAGGATTAA-1,4,T cells
TATGACTCAGTTTGTG-1,2,Naive T cells
TATGCATCAACTGGCT-1,4,T cells
TATGCATCATGTTTGG-1,1,Naive/CD4 T cells
TATGGATGTGCTTTAC-1,0,Classical Monocytes
TATGGATGTGGACCTG-1,7,NK cells
TATGGCCCAAATTCGT-1,1,Naive/CD4 T cells
TATGGCCCATAGCGGA-1,4,T cells
TATGGGCGTCACCTAT-1,7,NK cells
TATGGGCGTGGACATC-1,5,Cytotoxic lymphocytes
TATGGGCGTTAGCTGA-1,6,B cells
TATGGGCGTTCCGCAC-1,1,Naive/CD4 T cells
TATGGTCAGTGAGCAA-1,0,Classical Monocytes
TATGTGATCCACCTTA-1,6,B cells
TATGTGATCCTAGTCC-1,1,Naive/CD4 T cells
TATGTGATCGGTAACT-1,6,B cells
TATTAGCCAATTGACT-1,1,Naive/CD4 T cells
TATTAGCCAGCAAATA-1,0,Classical Monocytes
TATTAGCCATGTTGTG-1,0,Classical Monocytes
TATTAGCCATTGTGTG-1,5,Cytotoxic lymphocytes
TATTAGGTCCCGTTGT-1,1,Naive/CD4 T cells
TATTAGGTCGCTAGTG-1,2,Naive T cells
TATTCGTTCTTGCAAA-1,1,Naive/CD4 T cells
TATTGACCAGGCATGA-1,0,Classical Monocytes
TATTGACCAGGCTAGA-1,4,T cells
TATTGACCATGAGTTT-1,4,T cells
TATTTGCTCACAGGAA-1,1,Naive/CD4 T cells
TATTTGCTCCTAACGG-1,2,Naive T cells
TATTTGCTCGTTCACC-1,2,Naive T cells
TATTTGCTCTAAATCG-1,1,Naive/CD4 T cells
TATTTGCTCTGTGCAG-1,1,Naive/CD4 T cells
TATTTGGAGTTTGGTA-1,6,B cells
TCAACAATCATCGTTT-1,7,NK cells
TCAACAATCCAAGTTA-1,5,Cytotoxic lymphocytes
TCAACAATCTACTAAG-1,1,Naive/CD4 T cells
TCAAGAACATGACTAT-1,3,CD8 T cells
TCAAGAACATTGTGAT-1,0,Classical Monocytes
TCAAGACTCTCCATAT-1,2,Naive T cells
TCAAGCTAGCATTAGC-1,1,Naive/CD4 T cells
TCAAGCTAGTTAGGCT-1,3,CD8 T cells
TCAAGGAAGCACTAAC-1,0,Classical Monocytes
TCAAGGAAGTCACTCC-1,0,Classical Monocytes
TCAAGGAAGTTATTCC-1,0,Classical Monocytes
TCAAGGTTCCCTCTAA-1,1,Naive/CD4 T cells
TCAAGTATCAGCAAGA-1,2,Naive T cells
TCAAGTATCCTGCGAA-1,5,Cytotoxic lymphocytes
TCAATCGCAATATACC-1,2,Naive T cells
TCAATCGCATACCCGG-1,0,Classical Monocytes
TCAATCGCATGCTTAG-1,3,CD8 T cells
TCAATCGCATTGCAGC-1,6,B cells
TCACATAAGCCTGTTC-1,0,Classical Monocytes
TCACATAAGTTCCCGT-1,8,Antigen-presenting cells
TCACCGGCAACTAGAA-1,0,Classical Monocytes
TCACCGGCACGGTTTA-1,2,Naive T cells
TCACCTGGTGTTTGCT-1,0,Classical Monocytes
TCACGGATCCGGCTAA-1,3,CD8 T cells
TCACTGACATTATCCC-1,0,Classical Monocytes
TCAGCAAGTAATCACG-1,0,Classical Monocytes
TCAGCCTTCACGAATC-1,3,CD8 T cells
TCAGCCTTCCACAATA-1,3,CD8 T cells
TCAGCCTTCCCTGACT-1,4,T cells
TCAGCCTTCGAGGTGG-1,5,Cytotoxic lymphocytes
TCAGCCTTCTTTAAGG-1,6,B cells
TCAGCGATCCTTGCAC-1,4,T cells
TCAGGAGCAACCCTAA-1,1,Naive/CD4 T cells
TCAGGAGCAATCCTGA-1,0,Classical Monocytes
TCAGGAGCATGGCCCA-1,0,Classical Monocytes
TCAGGTCCACAGGAAT-1,6,B cells
TCAGGTCCATCTTGAG-1,6,B cells
TCAGGTTAGCTAATCA-1,6,B cells
TCAGGTTAGCTATATG-1,0,Classical Monocytes
TCAGTGAGTAATGACT-1,5,Cytotoxic lymphocytes
TCAGTGAGTTAATGAC-1,4,T cells
TCATAACCAAGCCACT-1,1,Naive/CD4 T cells
TCATAACCAAGCCAGA-1,0,Classical Monocytes
TCATACTTCATTTGTC-1,3,CD8 T cells
TCATACTTCTAACCAA-1,1,Naive/CD4 T cells
TCATACTTCTCTAGCC-1,3,CD8 T cells
TCATCCATCAGCCAAT-1,5,Cytotoxic lymphocytes
TCATCCATCCCGTTGT-1,3,CD8 T cells
TCATCCATCTTGCAAA-1,0,Classical Monocytes
TCATGCCTCACAGCCA-1,1,Naive/CD4 T cells
TCATGCCTCGTGCTTC-1,7,NK cells
TCATGTTTCATAGCCG-1,5,Cytotoxic lymphocytes
TCATTACTCCCTCAGT-1,2,Naive T cells
TCATTACTCTGCAAGT-1,8,Antigen-presenting cells
TCATTACTCTTAGTGA-1,2,Naive T cells
TCATTGCGTAATCGTG-1,0,Classical Monocytes
TCATTGCGTTAGCAGC-1,2,Naive T cells
TCATTTGGTAATTAGC-1,0,Classical Monocytes
TCATTTGGTCACAGCG-1,1,Naive/CD4 T cells
TCCACAACAGTTTACG-1,2,Naive T cells
TCCAGCAAGGCTGTCA-1,6,B cells
TCCAGGTCAAGGTCCT-1,6,B cells
TCCATAAAGATTGAGG-1,6,B cells
TCCATCATCCAATTAG-1,4,T cells
TCCATGCTCATGCGTG-1,0,Classical Monocytes
TCCATGCTCGGGATTT-1,0,Classical Monocytes
TCCATGCTCTCAATGA-1,3,CD8 T cells
TCCCGGACAGCTACGT-1,2,Naive T cells
TCCCGTTAGGGACCTC-1,7,NK cells
TCCCTCACAAATACCT-1,1,Naive/CD4 T cells
TCCCTCACAAGTGTTT-1,3,CD8 T cells
TCCCTCACAATAATGG-1,1,Naive/CD4 T cells
TCCCTCACATGAATCT-1,4,T cells
TCCCTGGTCTAATCAG-1,0,Classical Monocytes
TCCGCCATCACTAATG-1,0,Classical Monocytes
TCCGCCATCTGTTGCC-1,0,Classical Monocytes
TCCGGAATCATGCTAA-1,1,Naive/CD4 T cells
TCCGGTAAGCTGTACG-1,0,Classical Monocytes
TCCGGTTTCGAGGTGG-1,4,T cells
TCCTAGTGTGGAAACG-1,4,T cells
TCCTCAATCGACCTGA-1,2,Naive T cells
TCCTCAATCGGGCCAT-1,0,Classical Monocytes
TCCTCAATCTTCAATC-1,4,T cells
TCCTCACAGACAACGA-1,1,Naive/CD4 T cells
TCCTCACAGATACTTG-1,1,Naive/CD4 T cells
TCCTCACAGCCTGGTA-1,1,Naive/CD4 T cells
TCCTCACAGTGCTGTG-1,2,Naive T cells
TCCTCACAGTTGGATC-1,1,Naive/CD4 T cells
TCCTCTAAGCTGTCAG-1,3,CD8 T cells
TCCTCTAAGGGATTAG-1,2,Naive T cells
TCCTCTAAGGGTGGAT-1,2,Naive T cells
TCCTGTTCAGCAACCT-1,3,CD8 T cells
TCCTTAGTCCCGAAGC-1,0,Classical Monocytes
TCCTTAGTCCGGTATG-1,6,B cells
TCCTTAGTCTCCTCTT-1,1,Naive/CD4 T cells
TCCTTCAAGGCCTTAG-1,2,Naive T cells
TCCTTGCAGGTCTTGG-1,5,Cytotoxic lymphocytes
TCCTTGCAGTACCGCA-1,1,Naive/CD4 T cells
TCCTTGCAGTTCCCAC-1,0,Classical Monocytes
TCCTTTACAGCACCAT-1,1,Naive/CD4 T cells
TCCTTTACAGTAAGTA-1,4,T cells
TCGACAAGTAATAACC-1,2,Naive T cells
TCGATTAAGGTCCTGA-1,2,Naive T cells
TCGCATTGTACGTTTC-1,0,Classical Monocytes
TCGCATTGTCTAACAG-1,2,Naive T cells
TCGCATTGTGTTGTAG-1,0,Classical Monocytes
TCGCCCATCCCATAGG-1,2,Naive T cells
TCGCCCATCCTAGTTT-1,3,CD8 T cells
TCGCCCATCGGGACCT-1,0,Classical Monocytes
TCGCGAGGTACAAAGA-1,4,T cells
TCGCGAGGTATTGGTG-1,3,CD8 T cells
TCGCGCACACCATATG-1,2,Naive T cells
TCGCGCACACTCAACA-1,2,Naive T cells
TCGCGCACAGCAAGTG-1,9,Rare/Unclear
TCGCGCACATAGCTTG-1,4,T cells
TCGCGCACATGTTGGC-1,0,Classical Monocytes
TCGGTAAGTATTGTCC-1,0,Classical Monocytes
TCGGTAAGTCGCAAAC-1,3,CD8 T cells
TCGGTTACAATGAATG-1,1,Naive/CD4 T cells
TCGGTTTGTAATCACG-1,5,Cytotoxic lymphocytes
TCGTAATCAGCCTAAC-1,6,B cells
TCGTCAACAAAGCTAA-1,2,Naive T cells
TCGTCAACAAGGGTTG-1,0,Classical Monocytes
TCGTCAACAGCAAATA-1,3,CD8 T cells
TCGTGCTTCCCGAACA-1,4,T cells
TCGTTACGTGCAACTA-1,1,Naive/CD4 T cells
TCGTTAGCAGCTAATT-1,3,CD8 T cells
TCGTTAGCAGGCCTTG-1,0,Classical Monocytes
TCGTTAGCATGAATAG-1,5,Cytotoxic lymphocytes
TCGTTATTCACCGGTA-1,2,Naive T cells
TCGTTTCCAGCTTAAT-1,2,Naive T cells
TCTAACCGTCACCTAT-1,1,Naive/CD4 T cells
TCTAACCGTTTAACGG-1,1,Naive/CD4 T cells
TCTAACCGTTTCGCCA-1,1,Naive/CD4 T cells
TCTACCTCAATGCGCT-1,2,Naive T cells
TCTACCTCAGTCTAGC-1,6,B cells
TCTACCTCATGACTAT-1,4,T cells
TCTAGCACACAAAGGT-1,0,Classical Monocytes
TCTAGCACAGGGAGGA-1,0,Classical Monocytes
TCTAGCACATTATGGT-1,8,Antigen-presenting cells
TCTAGCCTCACCGGTA-1,0,Classical Monocytes
TCTAGCGAGATAGACG-1,2,Naive T cells
TCTAGCGAGGAGTAAT-1,7,NK cells
TCTATGTTCATTGCAA-1,1,Naive/CD4 T cells
TCTCAAGCACGTGCTG-1,5,Cytotoxic lymphocytes
TCTCAAGCATTAGGTT-1,5,Cytotoxic lymphocytes
TCTCAATTCATGCCTC-1,0,Classical Monocytes
TCTCACCAGAGGCTAA-1,2,Naive T cells
TCTCACCAGCCATCAG-1,5,Cytotoxic lymphocytes
TCTCACCAGTAATCCA-1,3,CD8 T cells
TCTCACCAGTATTGCA-1,5,Cytotoxic lymphocytes
TCTCACCAGTGAACGA-1,3,CD8 T cells
TCTCCTCGTGATGAGG-1,2,Naive T cells
TCTCCTCGTTAACAGT-1,3,CD8 T cells
TCTCGCCCAAACTGTT-1,9,Rare/Unclear
TCTCGCCCAATTGAGA-1,3,CD8 T cells
TCTCGCCCACCTCAGG-1,2,Naive T cells
TCTGGCTTCGGTTTGG-1,6,B cells
TCTGTGACATTAGGTT-1,5,Cytotoxic lymphocytes
TCTTCAAGTGTTGTGA-1,4,T cells
TCTTGACGTGAGCACT-1,6,B cells
TCTTGACGTTGTTGTC-1,0,Classical Monocytes
TCTTGTCCAATAACGA-1,6,B cells
TCTTTGTAGTCATTTC-1,1,Naive/CD4 T cells
TGAACAACACCAGGTT-1,3,CD8 T cells
TGAACAGAGTATTGGC-1,6,B cells
TGAAGCAAGCTTCTCA-1,1,Naive/CD4 T cells
TGAAGGATCCGGTTGA-1,3,CD8 T cells
TGAAGTGAGCACAGAA-1,7,NK cells
TGACTCCTCCTTCGTA-1,3,CD8 T cells
TGACTCCTCTTAGTCT-1,1,Naive/CD4 T cells
TGACTTAAGAGAGGAG-1,1,Naive/CD4 T cells
TGACTTAAGGTCCTGA-1,7,NK cells
TGACTTCGTACTTCAC-1,4,T cells
TGAGAACCAAGCCAGA-1,0,Classical Monocytes
TGAGAACCAGGATAAC-1,0,Classical Monocytes
TGAGAACCAGTAAGTA-1,0,Classical Monocytes
TGAGCACGTTAGAGGG-1,2,Naive T cells
TGAGCCGGTCCCGAAG-1,0,Classical Monocytes
TGAGCCGGTTGTCATC-1,1,Naive/CD4 T cells
TGAGCTTAGCTTAGCG-1,7,NK cells
TGAGGAGGTGACATAT-1,3,CD8 T cells
TGAGGGAGTCAATACG-1,3,CD8 T cells
TGAGGTGCACAGGATG-1,2,Naive T cells
TGAGGTGCAGGAACAT-1,6,B cells
TGAGTGAAGCAAGGTA-1,6,B cells
TGAGTGAAGTTCCTGC-1,7,NK cells
TGAGTTTCAAATACCT-1,2,Naive T cells
TGAGTTTCAGGTTACC-1,3,CD8 T cells
TGAGTTTCATAGCGGA-1,2,Naive T cells
TGATCAATCATCCTGC-1,4,T cells
TGATCAATCCCGTTAC-1,2,Naive T cells
TGATCAATCGAGCTAT-1,0,Classical Monocytes
TGATCAATCTTAGTCT-1,2,Naive T cells
TGATCACAGGAAACTG-1,3,CD8 T cells
TGATCACAGTAATCCA-1,3,CD8 T cells
TGATCAGGTACGTTTC-1,0,Classical Monocytes
TGATCAGGTATTGTGG-1,0,Classical Monocytes
TGATCCTGTGTAACCA-1,2,Naive T cells
TGATCGAGTAGACAAA-1,6,B cells
TGATCGAGTGGATGTC-1,3,CD8 T cells
TGATGAACAAGGTACG-1,0,Classical Monocytes
TGATGAACAGCCTGCA-1,3,CD8 T cells
TGATGACTCCTTCGTA-1,5,Cytotoxic lymphocytes
TGATGATGTAGCTAAT-1,1,Naive/CD4 T cells
TGATGATGTATTGTGG-1,0,Classical Monocytes
TGATGATGTCTTTGAC-1,0,Classical Monocytes
TGATTAGTCAGCACGC-1,2,Naive T cells
TGATTAGTCATAACCA-1,1,Naive/CD4 T cells
TGATTAGTCGGGACTC-1,5,Cytotoxic lymphocytes
TGATTAGTCTACCTGC-1,3,CD8 T cells
TGATTCAAGGGATGAC-1,0,Classical Monocytes
TGCAAGCGTTACTAGG-1,2,Naive T cells
TGCAATATCCTCATGC-1,2,Naive T cells
TGCACTTGTCTTGCAT-1,0,Classical Monocytes
TGCACTTGTTAGAGGG-1,2,Naive T cells
TGCAGGCTCCTAAGTA-1,0,Classical Monocytes
TGCATCCTCTTTGTAC-1,7,NK cells
TGCATTAAGATAACCC-1,9,Rare/Unclear
TGCCATTGTCCGTAGG-1,3,CD8 T cells
TGCCATTGTTGCATCT-1,8,Antigen-presenting cells
TGCCGGTAGCGAGGTG-1,2,Naive T cells
TGCCGGTAGCTGAGGG-1,1,Naive/CD4 T cells
TGCCGGTAGGATCCGC-1,3,CD8 T cells
TGCGATTAGCCTAATA-1,6,B cells
TGCGCAGGTCAAACTG-1,0,Classical Monocytes
TGCGGTTCATTATGGT-1,5,Cytotoxic lymphocytes
TGCTAGCCAAGGTATA-1,4,T cells
TGCTATGCAACTAGAA-1,2,Naive T cells
TGCTATGCATAGGCGA-1,0,Classical Monocytes
TGCTATGCATGATTGT-1,0,Classical Monocytes
TGCTCAACAGCTCATA-1,0,Classical Monocytes
TGCTCACTCCCTGGAA-1,2,Naive T cells
TGCTCACTCGCAGGCT-1,0,Classical Monocytes
TGCTCCGTCAGCTAAC-1,0,Classical Monocytes
TGCTCTCAGCAATAGG-1,5,Cytotoxic lymphocytes
TGCTTAAAGTGAGCAA-1,5,Cytotoxic lymphocytes
TGCTTCATCCTTCGTA-1,4,T cells
TGCTTCATCGCTAGAT-1,5,Cytotoxic lymphocytes
TGCTTTAGTGTTAAAC-1,4,T cells
TGCTTTAGTTTCCGGC-1,2,Naive T cells
TGGAACAAGTTCCTGC-1,5,Cytotoxic lymphocytes
TGGACAAAGGTCCACA-1,0,Classical Monocytes
TGGACAAAGTGGCGGA-1,3,CD8 T cells
TGGACCGGTGCTCACC-1,5,Cytotoxic lymphocytes
TGGACCGGTGTGCAAC-1,1,Naive/CD4 T cells
TGGACCGGTTGCGGAT-1,7,NK cells
TGGACGGAGTAACGAG-1,0,Classical Monocytes
TGGACGGAGTTACCGG-1,4,T cells
TGGACTAGTCACCTAT-1,3,CD8 T cells
TGGATTCAGCCTGAGC-1,3,CD8 T cells
TGGATTCAGGCATTAC-1,5,Cytotoxic lymphocytes
TGGATTGGTAGACAAA-1,6,B cells
TGGATTGGTCCACAAA-1,3,CD8 T cells
TGGCCAATCTAACTGA-1,1,Naive/CD4 T cells
TGGCCATCAAACCTTG-1,5,Cytotoxic lymphocytes
TGGCCATCACCATATG-1,5,Cytotoxic lymphocytes
TGGCCATCACCGGCTA-1,6,B cells
TGGCCATCATTGCGAC-1,4,T cells
TGGCCTTTCTCACTCA-1,2,Naive T cells
TGGCCTTTCTTGAGGT-1,3,CD8 T cells
TGGCGGTTCCGCCTAT-1,0,Classical Monocytes
TGGCTAAGTTGGTTCT-1,1,Naive/CD4 T cells
TGGCTTTGTCACCTAT-1,0,Classical Monocytes
TGGCTTTGTTTATGGG-1,6,B cells
TGGGCATGTAATGGAA-1,1,Naive/CD4 T cells
TGGGCATGTCTTTGAC-1,0,Classical Monocytes
TGGGCATGTGAGCACT-1,6,B cells
TGGGCCTAGCCGCTTT-1,1,Naive/CD4 T cells
TGGTCAGTCGTTAGTA-1,3,CD8 T cells
TGGTCATAGCACGTTG-1,6,B cells
TGGTCATAGCGGGCAA-1,3,CD8 T cells
TGGTCATAGTTATTCC-1,2,Naive T cells
TGGTCCTTCAGGATGA-1,7,NK cells
TGGTGATTCCGTTATT-1,7,NK cells
TGGTGCATCGTCATTT-1,3,CD8 T cells
TGGTTAATCAAGCGCC-1,2,Naive T cells
TGGTTAATCAGCACCA-1,0,Classical Monocytes
TGGTTAATCCGGTTGA-1,2,Naive T cells
TGGTTAATCCGTCCAT-1,0,Classical Monocytes
TGGTTAATCCTAAGAC-1,6,B cells
TGGTTCTGTTCCTGTG-1,0,Classical Monocytes
TGTAAAGCAAGCTAAA-1,6,B cells
TGTAAAGCAATTGAGA-1,6,B cells
TGTAAAGCAGCTCATA-1,4,T cells
TGTAACTCACCAGGTT-1,7,NK cells
TGTAAGCTCCAAGTGT-1,0,Classical Monocytes
TGTAAGTGTCAAGTAT-1,1,Naive/CD4 T cells
TGTAAGTGTCCTTAGT-1,0,Classical Monocytes
TGTAAGTGTTCGCTTG-1,0,Classical Monocytes
TGTAATGTCACAGCCA-1,0,Classical Monocytes
TGTATCCGTTCACCCA-1,3,CD8 T cells
TGTATCGCAGTACCGT-1,6,B cells
TGTCAATCATCGTTCT-1,0,Classical Monocytes
TGTCAATCATGTCAAT-1,1,Naive/CD4 T cells
TGTCATAAGGTCATTA-1,4,T cells
TGTCATAAGGTCCACA-1,0,Classical Monocytes
TGTCATAAGGTTTGCG-1,0,Classical Monocytes
TGTCCTGGTAGGTTGC-1,0,Classical Monocytes
TGTCCTGGTTCGCGCT-1,6,B cells
TGTCCTTCAAAGCGCA-1,4,T cells
TGTCCTTCAAGTGAAC-1,0,Classical Monocytes
TGTCCTTCAATAGTCT-1,0,Classical Monocytes
TGTGCACCAATATACC-1,5,Cytotoxic lymphocytes
TGTGCACCATTGTGTG-1,4,T cells
TGTGCGCAGTAAGTGG-1,1,Naive/CD4 T cells
TGTGCGGGTGATGAGG-1,4,T cells
TGTGCTGAGCGCTCAA-1,1,Naive/CD4 T cells
TGTGGCCAGCGAGTAA-1,7,NK cells
TGTGTTAAGAACCTGT-1,0,Classical Monocytes
TGTGTTAAGGAATAAC-1,4,T cells
TGTGTTAAGGGATTAG-1,0,Classical Monocytes
TGTGTTAAGTAAGGGC-1,1,Naive/CD4 T cells
TGTTACTTCGCTAGAT-1,6,B cells
TGTTATGAGCTCAATA-1,1,Naive/CD4 T cells
TGTTCATTCCAAATCA-1,0,Classical Monocytes
TGTTGCACAATTGAGA-1,1,Naive/CD4 T cells
TGTTGCACAGCCAGAA-1,3,CD8 T cells
TGTTGCACAGTTTACG-1,0,Classical Monocytes
TGTTGCACATTATGGT-1,3,CD8 T cells
TGTTGGCCATCTTGAG-1,3,CD8 T cells
TGTTGTAAGGCATGTT-1,1,Naive/CD4 T cells
TGTTGTAAGTAACCAC-1,3,CD8 T cells
TGTTGTGCAAGGATTA-1,4,T cells
TGTTGTGCACCTGCCT-1,2,Naive T cells
TGTTGTTTCATAACGC-1,7,NK cells
TGTTGTTTCATTTAGG-1,1,Naive/CD4 T cells
TGTTTGTTCTACCTGC-1,0,Classical Monocytes
TTAAAGGCATAACGGG-1,3,CD8 T cells
TTAAGCCAGACAACGA-1,2,Naive T cells
TTAAGCCAGCTATGAC-1,0,Classical Monocytes
TTAAGGACACCAAAGG-1,5,Cytotoxic lymphocytes
TTAAGGACAGGTTCAC-1,1,Naive/CD4 T cells
TTAAGGACATTGACAT-1,6,B cells
TTAAGGTGTGCTAGCG-1,2,Naive T cells
TTAAGGTGTTGAGCCG-1,4,T cells
TTAATCGAGCCGCTTT-1,1,Naive/CD4 T cells
TTACACCGTATTGTGG-1,7,NK cells
TTACACCGTTAACGGC-1,5,Cytotoxic lymphocytes
TTACACCGTTGGTTAG-1,1,Naive/CD4 T cells
TTACAGCAGTGAGCAA-1,3,CD8 T cells
TTACCGTGTCATCAAG-1,1,Naive/CD4 T cells
TTACCGTGTTAGACCA-1,1,Naive/CD4 T cells
TTACCGTGTTCACCAT-1,0,Classical Monocytes
TTACCTGTCTCACTCA-1,0,Classical Monocytes
TTACCTGTCTTTAGGA-1,0,Classical Monocytes
TTACGTTTCAAACTCA-1,8,Antigen-presenting cells
TTAGAAGCACTTAGGC-1,0,Classical Monocytes
TTAGACTCACAGGAAT-1,0,Classical Monocytes
TTAGCAGGTGGATTGC-1,0,Classical Monocytes
TTAGCGGTCAGCACCA-1,2,Naive T cells
TTAGCTGCAAGCTTAT-1,0,Classical Monocytes
TTAGCTGCACCTCAGG-1,5,Cytotoxic lymphocytes
TTAGCTGCAGGTTAAA-1,6,B cells
TTAGCTGCATTGCGAC-1,0,Classical Monocytes
TTAGGATGTAAGTCGC-1,5,Cytotoxic lymphocytes
TTAGGATGTCCGTAGG-1,2,Naive T cells
TTAGGATGTTCCGGGA-1,2,Naive T cells
TTAGGATGTTGCATCT-1,2,Naive T cells
TTAGGCCCACTTACAG-1,2,Naive T cells
TTAGGCGTCCTAATGA-1,6,B cells
TTAGGCTAGCTATTGA-1,0,Classical Monocytes
TTAGTCAAGCCTCTCG-1,6,B cells
TTATAGCCAGCTTACA-1,0,Classical Monocytes
TTATAGCCAGGCGATA-1,2,Naive T cells
TTATCCGTCCAGGTCA-1,4,T cells
TTATCCTAGGCATTAC-1,1,Naive/CD4 T cells
TTATCCTAGGGATTAG-1,4,T cells
TTATCCTAGTTAGACC-1,1,Naive/CD4 T cells
TTATGACCAACTAGGG-1,1,Naive/CD4 T cells
TTATGACCATTTAAGC-1,0,Classical Monocytes
TTATGCGCAGTTTACG-1,2,Naive T cells
TTATGCGCATTATGGT-1,1,Naive/CD4 T cells
TTATTGCTCAATCATG-1,1,Naive/CD4 T cells
TTATTGCTCATTTAGG-1,5,Cytotoxic lymphocytes
TTATTGCTCTGCAACG-1,1,Naive/CD4 T cells
TTCAACCGTTACGCAA-1,0,Classical Monocytes
TTCAACCGTTGTTGTC-1,3,CD8 T cells
TTCACTGTCTCGACCT-1,3,CD8 T cells
TTCACTGTCTTTGAGA-1,6,B cells
TTCAGCACACCGGCTA-1,0,Classical Monocytes
TTCAGCACAGGTTATT-1,1,Naive/CD4 T cells
TTCAGGTAGCTGTCAG-1,0,Classical Monocytes
TTCATTCAGGTCATTA-1,0,Classical Monocytes
TTCCACGGTACCGTAA-1,0,Classical Monocytes
TTCCACGGTTAAATGC-1,2,Naive T cells
TTCCACGGTTGAGCCG-1,2,Naive T cells
TTCCCACAGCGCCTAA-1,3,CD8 T cells
TTCCCACAGCTAAAGG-1,7,NK cells
TTCCCGCCATTAGGTT-1,9,Rare/Unclear
TTCCTCAAGCACAGCC-1,3,CD8 T cells
TTCCTCAAGTTGGATC-1,4,T cells
TTCCTTCTCAGGAAGC-1,0,Classical Monocytes
TTCCTTCTCATTGCGG-1,2,Naive T cells
TTCGCAACAACAGCCT-1,1,Naive/CD4 T cells
TTCGGTACACCGGTAT-1,9,Rare/Unclear
TTCGGTACACGAACAG-1,0,Classical Monocytes
TTCGGTACACGGTACT-1,4,T cells
TTCGGTACAGCAACCT-1,3,CD8 T cells
TTCGGTACAGTAATAG-1,7,NK cells
TTCGTGCTCCTGGTGA-1,1,Naive/CD4 T cells
TTCGTGCTCGCAATCG-1,0,Classical Monocytes
TTCGTTAGTCTTGCTG-1,5,Cytotoxic lymphocytes
TTCGTTAGTGCACGCA-1,2,Naive T cells
TTCTTAGGTAAAGCAA-1,6,B cells
TTCTTAGGTACCGAAC-1,0,Classical Monocytes
TTGACATCAAACCTTG-1,2,Naive T cells
TTGACATCAACGTGCT-1,4,T cells
TTGACATCATAGCTGC-1,1,Naive/CD4 T cells
TTGACGTAGAACCTAC-1,5,Cytotoxic lymphocytes
TTGACGTAGCAACAAG-1,7,NK cells
TTGACGTAGGTTAGAG-1,6,B cells
TTGACTAAGTAAAGGT-1,4,T cells
TTGACTAAGTTTAACG-1,2,Naive T cells
TTGAGGCGTAAATTGC-1,0,Classical Monocytes
TTGATGTCAATTGAAG-1,1,Naive/CD4 T cells
TTGATGTCATTAAGTC-1,3,CD8 T cells
TTGCAAGGTGGGAACA-1,4,T cells
TTGCAAGGTTAAGTGT-1,2,Naive T cells
TTGCAAGGTTGGCCGA-1,2,Naive T cells
TTGCAATCAGACAAAC-1,2,Naive T cells
TTGCAATCATGGCCTG-1,3,CD8 T cells
TTGCACACACGGTACT-1,3,CD8 T cells
TTGCAGCCAATTAACC-1,8,Antigen-presenting cells
TTGCAGCCACGGTACT-1,1,Naive/CD4 T cells
TTGCAGCCAGCTTAAT-1,3,CD8 T cells
TTGCATTTCGCCTGTT-1,6,B cells
TTGCGAGTCCCTGTTA-1,4,T cells
TTGCGAGTCCGTTAAA-1,2,Naive T cells
TTGCGAGTCTGGCAAT-1,3,CD8 T cells
TTGCGTCTCCGTAAAC-1,2,Naive T cells
TTGCTCTCATAAGTCT-1,6,B cells
TTGCTCTCATTAAAGG-1,1,Naive/CD4 T cells
TTGCTTTAGCTGTACG-1,5,Cytotoxic lymphocytes
TTGGAGGCAGCCAGAA-1,5,Cytotoxic lymphocytes
TTGGATATCAGGTTTA-1,0,Classical Monocytes
TTGGATATCCGTTAAA-1,2,Naive T cells
TTGGATCAGCGATAAG-1,5,Cytotoxic lymphocytes
TTGGATTCAATTAAGG-1,0,Classical Monocytes
TTGGCTGAGCGATACT-1,0,Classical Monocytes
TTGGCTTGTACGTTTC-1,3,CD8 T cells
TTGGCTTGTGTCCAGG-1,1,Naive/CD4 T cells
TTGGCTTGTGTGTGGT-1,8,Antigen-presenting cells
TTGGGCCAGCGGCTGT-1,2,Naive T cells
TTGGGCCAGTAACGAG-1,1,Naive/CD4 T cells
TTGGGCGGTCCGTGAG-1,0,Classical Monocytes
TTGGGCGGTCTCAGCC-1,0,Classical Monocytes
TTGGGTTAGTCCTGAG-1,7,NK cells
TTGGGTTAGTTATCTC-1,2,Naive T cells
TTGGTGAGTCAAACTG-1,1,Naive/CD4 T cells
TTGTAAGTCGGGACTC-1,3,CD8 T cells
TTGTAAGTCGGTTTCC-1,2,Naive T cells
TTGTCAAAGCGATAGA-1,8,Antigen-presenting cells
TTGTCAAAGGAACCGG-1,3,CD8 T cells
TTGTCAAAGTTGGATC-1,3,CD8 T cells
TTGTCAAAGTTTGGTA-1,5,Cytotoxic lymphocytes
TTGTCCCAGCTCAAAC-1,0,Classical Monocytes
TTGTCCGGTTAGGCTA-1,4,T cells
TTGTGCCTCATGGTGT-1,5,Cytotoxic lymphocytes
TTGTGTGCACTGGCCA-1,1,Naive/CD4 T cells
TTGTGTGCAGCATGGA-1,4,T cells
TTGTTCCCACGAATTT-1,6,B cells
TTGTTCCCAGCCAGTT-1,4,T cells
TTGTTCCCAGGCTTCG-1,1,Naive/CD4 T cells
TTGTTGCGTGTGCAAC-1,3,CD8 T cells
TTTAACCTCTTGGACG-1,0,Classical Monocytes
TTTAAGGTCATAATCG-1,3,CD8 T cells
TTTACGAAGACAACAG-1,3,CD8 T cells
TTTACGAAGCAGGTTT-1,6,B cells
TTTAGCAAGGTAGCTT-1,2,Naive T cells
TTTAGCTTCCACCTTA-1,0,Classical Monocytes
TTTAGGATCGAAGCGG-1,0,Classical Monocytes
TTTATGGAGTTGTCCC-1,0,Classical Monocytes
TTTCACCCACAGCCAT-1,6,B cells
TTTCACCCAGTAGGTG-1,0,Classical Monocytes
TTTCATCAGCCTGGTA-1,5,Cytotoxic lymphocytes
TTTCCACCACATAACT-1,1,Naive/CD4 T cells
TTTCCGGGTTTAGTCC-1,4,T cells
TTTCCTGAGTTGTCCC-1,0,Classical Monocytes
TTTCGTCCAAGACTCC-1,0,Classical Monocytes
TTTCGTCCACAACAAA-1,2,Naive T cells
TTTCGTCCAGAGGGAG-1,3,CD8 T cells
TTTCGTCCATGACTAT-1,0,Classical Monocytes
TTTCGTCCATTCCTGT-1,4,T cells
TTTCTCACACTTAGGC-1,8,Antigen-presenting cells
TTTCTCACATTCCTGT-1,1,Naive/CD4 T cells
TTTCTTGCAGCACGTT-1,0,Classical Monocytes
TTTGACCGTAGTAAGA-1,0,Classical Monocytes
TTTGAGTCAAGGTATA-1,2,Naive T cells
TTTGAGTCAGTACCGT-1,1,Naive/CD4 T cells
TTTGCATTCACTCAAA-1,0,Classical Monocytes
TTTGCATTCGTGCCTT-1,0,Classical Monocytes
TTTGCATTCTAAGGTC-1,3,CD8 T cells
TTTGCGACAATCCTGA-1,3,CD8 T cells
TTTGCGACATGCATAT-1,2,Naive T cells
TTTGCGACATGTCGCG-1,3,CD8 T cells
TTTGCGGAGCAGGTTT-1,5,Cytotoxic lymphocytes
TTTGCGGAGCGAAGTA-1,0,Classical Monocytes
TTTGCGGAGGTCGATT-1,0,Classical Monocytes
TTTGGCTGTTTACGTC-1,1,Naive/CD4 T cells
TTTGTGGCATCCGTAA-1,6,B cells
TTTGTGGCATTAGCCA-1,2,Naive T cells
TTTGTGGCATTGCGAC-1,7,NK cells
TTTGTGTTCCGCCTAT-1,1,Naive/CD4 T cells
TTTGTGTTCCGTGACA-1,7,NK cells
