,total_counts,n_genes_by_counts
AAACAGCCAAATATCC-1,4747.0,2272
AAACAGCCAGGAACTG-1,7761.0,3254
AAACAGCCAGGCTTCG-1,3666.0,1798
AAACCAACACCTGCTC-1,2162.0,1145
AAACCAACAGATTCAT-1,2910.0,1495
AAACCAACAGTTGCGT-1,2616.0,1342
AAACCAACATAACGGG-1,6662.0,2589
AAACCAACATAGACCC-1,5632.0,2385
AAACCGCGTGAGGTAG-1,7583.0,3009
AAACGCGCATACCCGG-1,8495.0,3320
AAACGGATCCTAGTAA-1,731.0,577
AAACGTACAAATACCT-1,1952.0,1160
AAAGCACCACCCACCT-1,1251.0,790
AAAGCTTGTGTGTGGT-1,4657.0,2135
AAAGGACGTATTGTGG-1,3039.0,1624
AAAGGACGTCATCCTG-1,4052.0,2010
AAAGGACGTTAAGCCA-1,948.0,709
AAAGGACGTTCACCAT-1,2731.0,1397
AAAGGAGCACAAACTT-1,4103.0,1861
AAAGGAGCATAGCTGC-1,3940.0,1986
AAAGGCTCACCGTTCC-1,2795.0,1279
AAAGGCTCACTTCACT-1,3695.0,1759
AAAGGTTAGCAAGGGT-1,6794.0,2624
AAAGGTTAGGGTGGAT-1,2210.0,1207
AAATCCGGTTAGCGTA-1,3385.0,1608
AAATGCCTCCAGGAAA-1,5895.0,2589
AAATGCCTCGCTAAAC-1,3726.0,1965
AACAAAGGTAATGGAA-1,6630.0,2930
AACAAGCCAGGTTCAC-1,11205.0,3804
AACAGATAGAGGCTAA-1,2114.0,1149
AACAGATAGGGTCCAC-1,2951.0,1690
AACAGCAAGGAAGCTA-1,2680.0,1513
AACAGGATCACTAGGT-1,2531.0,1419
AACAGGATCATCACTT-1,5817.0,2440
AACAGGATCTACCTGC-1,2689.0,1421
AACATAGCATAAAGCA-1,5721.0,2177
AACATCATCCGTTATT-1,6442.0,2817
AACATCATCGAGGAAC-1,3961.0,1832
AACATCATCGGCTATG-1,5604.0,2234
AACCCGCAGTAACAGG-1,2372.0,1455
AACCCGCAGTCACTAA-1,2659.0,1392
AACCGGCTCCGTAAAC-1,5601.0,2468
AACCGGCTCGATCAGT-1,5995.0,2559
AACCGGCTCGTTAGCG-1,1590.0,764
AACCTCCTCCCTCACG-1,7567.0,3024
AACCTTAAGGTCTTGG-1,2229.0,1188
AACCTTGCAATAATCC-1,3712.0,1785
AACCTTGCAGCCTGCA-1,3863.0,1755
AACCTTGCAGGACCTT-1,15412.0,4794
AACGACAAGGACCGCT-1,4549.0,2119
AACGCCCAGTTTGAGC-1,3180.0,1694
AACGGTAAGCTGCACA-1,1873.0,1046
AACTAGTGTAACCAGC-1,4555.0,2103
AACTAGTGTCGTAATG-1,2799.0,1443
AACTAGTGTGTTGCTT-1,3597.0,1377
AACTCACAGCACTAAC-1,8212.0,3144
AACTCACAGCTAATTG-1,2384.0,1297
AACTCACAGGAAGCAC-1,9970.0,3497
AACTCACAGGGCTAAA-1,6367.0,2622
AACTGTTCAAGACTCC-1,5158.0,2280
AACTGTTCAGCGCTTG-1,3736.0,1754
AACTTAGTCACTTCAT-1,1037.0,613
AACTTAGTCCATAATG-1,3007.0,1435
AACTTAGTCGCGCTAA-1,4635.0,1736
AAGAACAGTATTCGTC-1,3077.0,1436
AAGAATCAGGCTACAT-1,3628.0,1697
AAGACATAGTAAGGGC-1,5702.0,2352
AAGACCAAGAGAGGAG-1,2306.0,1308
AAGACCAAGTTGTCTT-1,7342.0,2911
AAGCAAGTCATTGCAA-1,2362.0,1303
AAGCAAGTCGTTTCGC-1,2650.0,1382
AAGCCTCCACAATGCC-1,2722.0,1421
AAGCCTCCACACTAAT-1,5640.0,2374
AAGCCTCCAGACAAAC-1,2828.0,1473
AAGCCTTAGGAATAAC-1,8408.0,3279
AAGCCTTAGGCTAAGA-1,3991.0,1904
AAGCGAATCATGCCTC-1,6831.0,2734
AAGCGAGGTATCTGGA-1,4168.0,1783
AAGCGAGGTCGACTCC-1,2768.0,1511
AAGCGAGGTTACCGGG-1,2897.0,1505
AAGCGAGGTTGCACGG-1,3945.0,1952
AAGCGCTGTATTGCAG-1,3025.0,1427
AAGCGTTTCATTGTCT-1,5397.0,2334
AAGCGTTTCCTGATTT-1,3693.0,1627
AAGCGTTTCGCACACA-1,9142.0,3278
AAGCTAGAGATGGACA-1,6122.0,2490
AAGCTATGTTACTTGC-1,3686.0,1617
AAGCTATGTTTAACCC-1,3605.0,1664
AAGCTCCCAGCAATAA-1,2269.0,1447
AAGCTTGGTCGCAATA-1,3457.0,1622
AAGGATCCAGTCTAGC-1,3350.0,1678
AAGGATGTCTCATCAT-1,1729.0,910
AAGGATTAGTAGCGCC-1,5610.0,2396
AAGGCCCTCTTGATGA-1,6356.0,2650
AAGGTATAGTAGCGGG-1,3155.0,1492
AAGGTCAAGAATGACG-1,2150.0,1180
AAGGTCAAGCACAGAA-1,2055.0,1109
AAGGTCAAGGTCCGTA-1,4890.0,2218
AAGTAGCCACGGTTTA-1,6021.0,2688
AAGTAGCCAGTTTGGC-1,3319.0,1624
AAGTGAAGTATGTGGC-1,5475.0,2308
AAGTGTTGTGAGACTC-1,3009.0,1555
AAGTGTTGTGCTCCGT-1,3564.0,1533
AAGTGTTGTTGAGGTC-1,9750.0,3355
AAGTGTTGTTTCGCCA-1,2533.0,1347
AAGTGTTGTTTGCAGA-1,3205.0,1497
AAGTTACGTAGCTAGC-1,2213.0,1252
AAGTTAGCACCTCAGG-1,991.0,769
AAGTTAGCACTAAGAA-1,2649.0,1364
AAGTTTGTCAAGGACA-1,3028.0,1578
AAGTTTGTCCAATTAG-1,2851.0,1415
AAGTTTGTCTAAGTGC-1,4538.0,2054
AATACCGGTTCCATTA-1,3299.0,1597
AATAGAGGTATTCGTC-1,2843.0,1492
AATAGAGGTGAGGTAG-1,5412.0,2265
AATCAGGAGCGAAGTA-1,3707.0,1648
AATCATCCAATCCTGA-1,10354.0,3836
AATCATGTCATTACTC-1,3431.0,1678
AATCCATCACCTCAGG-1,4168.0,1712
AATCCCTGTGCAATAT-1,3761.0,1753
AATCCCTGTTAGCCAA-1,3736.0,1719
AATCCTAAGATGGAGC-1,3495.0,1696
AATCCTAAGCGGGCAA-1,3170.0,1622
AATCCTAAGTTGGATC-1,1904.0,1092
AATCGCCCACAGCCAT-1,2759.0,1543
AATCTCAAGCACTAGT-1,8462.0,3090
AATGAAGGTAGGTTAT-1,5573.0,2116
AATGCAACAAGGTATA-1,3314.0,1648
AATGCAACACACTAAT-1,7455.0,3072
AATGCAACACCACAAC-1,2294.0,1233
AATGCATGTGTTTCAC-1,6587.0,2749
AATGCGCGTACCGGAT-1,4746.0,2161
AATGGCGCAAGCCACT-1,3202.0,1700
AATGGCGCAGTCTATG-1,4693.0,2174
AATGGCGCATCACTTC-1,1969.0,1064
AATGGCGCATTAGCGC-1,2192.0,1099
AATGGCGCATTAGGTT-1,4106.0,1838
AATGTCCAGGTAACGA-1,7398.0,2957
AATTACCCACCTGCCT-1,3194.0,1521
AATTAGGCATTTAAGC-1,7081.0,2891
AATTCGTCACTTAGGC-1,5100.0,2618
AATTCGTCAGCAGGTA-1,1951.0,1111
AATTCGTCAGGCTAAG-1,4106.0,1781
AATTGCCAGGGCTTTG-1,4239.0,2046
AATTGCCAGTACTGGT-1,2616.0,1204
AATTGGACATCGCTCC-1,2412.0,1347
AATTGGGAGCCAGGTC-1,6409.0,2793
AATTGTGTCCATCAGG-1,3573.0,1731
AATTTGGTCCCGAAGC-1,3499.0,1592
ACAAAGGTCCCTGTTA-1,3742.0,1793
ACAACACTCCTGAATA-1,3399.0,1665
ACAACAGAGGTCCTAG-1,4469.0,1933
ACACCTTGTACGTTTC-1,5230.0,2193
ACACCTTGTCATCAAG-1,3129.0,1586
ACACCTTGTCCTAAGA-1,2431.0,1246
ACACGGACAGGCGATA-1,1859.0,1064
ACACGGACATGGTTAT-1,2825.0,1532
ACACTAATCGCCTGTT-1,1582.0,986
ACACTAATCGTTAGCG-1,3399.0,1791
ACACTTAAGCGCTCAA-1,3412.0,1732
ACACTTGCACTATGGC-1,3022.0,1532
ACAGGAATCAAGCTAC-1,5140.0,2157
ACAGGAATCAATGACC-1,6544.0,2720
ACAGGAATCAATGTCA-1,3209.0,1616
ACAGGAATCCAGGTCA-1,6215.0,2702
ACAGGATCAAAGGCCA-1,4112.0,1961
ACAGGATCAAGCCAGA-1,2757.0,1496
ACAGGATCACCTGCCT-1,3688.0,1896
ACAGGCTGTCAATGTG-1,2700.0,1502
ACATAGCTCATGACCG-1,3140.0,1720
ACATAGCTCTAGCGTG-1,1248.0,875
ACATCAATCACAGCCA-1,8588.0,3216
ACATCAATCTCAATTC-1,5439.0,2300
ACATCATCACTATGGC-1,6072.0,2672
ACATTGCAGGAATAAC-1,8040.0,2865
ACATTGCAGGCACAGG-1,1900.0,1115
ACCAAACTCTTGGACG-1,5159.0,2206
ACCAAGCGTTGGCGTG-1,4813.0,2189
ACCAATATCCCTGGTT-1,3747.0,1877
ACCAATATCTATGACA-1,4670.0,2099
ACCACACCAAGTAAGC-1,1385.0,991
ACCACATAGCTGCACA-1,2594.0,1279
ACCACATAGGCTAAGA-1,1693.0,977
ACCACATAGTTATCCT-1,6424.0,2651
ACCAGCTCATGTCAGC-1,6490.0,2531
ACCAGCTCATGTGGGA-1,12435.0,3928
ACCAGGCTCCAGCACA-1,3921.0,1983
ACCAGGCTCCGGAACC-1,2724.0,1471
ACCAGGGAGCGCTCAA-1,2322.0,1282
ACCAGGGAGGCCAATT-1,3550.0,1622
ACCAGGGAGTAACAGG-1,2560.0,1314
ACCATAATCGCAGGCT-1,957.0,594
ACCATAATCTGGTCCT-1,1735.0,1082
ACCATAATCTTAGCGG-1,2844.0,1511
ACCATTAAGCAAGACA-1,2739.0,1456
ACCATTAAGGAGCAAC-1,91.0,74
ACCCAACCACCTGCTC-1,3393.0,1683
ACCCAACCACTAGGTC-1,7142.0,2750
ACCCAACCAGGTTCAC-1,6010.0,2613
ACCCAGGGTACGATTG-1,5110.0,2241
ACCCAGGGTGAACAAA-1,8057.0,3141
ACCCAGGGTGAATCGC-1,4878.0,2159
ACCCAGGGTGCTCCAC-1,3512.0,1794
ACCCAGGGTTATTGCC-1,4940.0,2423
ACCCGCTGTTTAGCTC-1,3487.0,1663
ACCCGTAAGCAGCTAT-1,4969.0,2014
ACCGAAGCAAAGGCCA-1,3823.0,1695
ACCGAAGCACCTCGCT-1,4148.0,1913
ACCGAAGCAGCCAGTT-1,5890.0,2587
ACCGAAGCAGGCCAAA-1,2835.0,1438
ACCGAAGCAGTACCGT-1,3596.0,1605
ACCGCAATCATGTTTC-1,7160.0,2912
ACCGGCTAGCCGCTAA-1,2000.0,1146
ACCGGTTCAAGGTAAC-1,3615.0,1755
ACCGGTTCACCTCAGG-1,3059.0,1563
ACCTAAATCAATCATG-1,3908.0,2147
ACCTAAATCCAGGAAA-1,2532.0,1279
ACCTAAATCCTAAGGT-1,2329.0,1310
ACCTAAGGTGGAAGGC-1,10432.0,3399
ACCTAAGGTTCACCAT-1,9269.0,3375
ACCTACCTCTAACCTT-1,3642.0,1923
ACCTCACTCCCGAAGC-1,5041.0,2001
ACCTCACTCTAGCTTT-1,4815.0,2183
ACCTCACTCTTGCTAT-1,6423.0,2522
ACCTGTTGTAGGTTAT-1,7216.0,3108
ACCTGTTGTTAGGCGT-1,3868.0,1907
ACCTTCCAGGTGAGAC-1,2574.0,1296
ACCTTCCAGTAACGGA-1,3149.0,1592
ACCTTCCAGTCAATCA-1,1899.0,821
ACCTTGCTCAGCTAAC-1,3630.0,1761
ACCTTGCTCCCTGGTT-1,5236.0,2240
ACCTTGTGTGTTGCTT-1,3228.0,1803
ACGAACAAGGCCTGGT-1,4189.0,1923
ACGAACAAGGTGCGGA-1,7010.0,2765
ACGAACAAGGTTAGCT-1,2742.0,1420
ACGAATCTCGGGCCAT-1,867.0,634
ACGACTTAGCCAGTAT-1,7682.0,3080
ACGAGTAAGCACTAAC-1,6811.0,2817
ACGAGTAAGGATAAAC-1,5408.0,2408
ACGATTCAGAACCTGT-1,4406.0,2060
ACGATTCAGCATTTCT-1,5746.0,2668
ACGCAAGCATAATCGT-1,2849.0,1263
ACGCACGGTACGGGTT-1,3084.0,1677
ACGCACGGTTAATGAC-1,6304.0,2541
ACGCACGGTTACGCAA-1,4939.0,2044
ACGCCTAAGGAAGCTA-1,1991.0,1125
ACGCCTAAGGCGGGTA-1,2257.0,1252
ACGCCTAAGTATTGGC-1,3041.0,1437
ACGCCTAAGTCTATGA-1,7256.0,2943
ACGCCTAAGTGAGGGT-1,4549.0,1784
ACGCCTTTCATTTGCT-1,3639.0,1790
ACGCTTGAGCTCATAA-1,6879.0,2748
ACGCTTGAGGTCATTA-1,2588.0,1390
ACGGGAAGTCGCATAA-1,3954.0,1819
ACGGGAAGTTCGGTAA-1,6262.0,2667
ACGGGAAGTTTGAGGC-1,2393.0,1306
ACGGTACGTCGCATAA-1,2959.0,1562
ACGGTTAGTGCATCGG-1,1941.0,1069
ACGGTTAGTGTGCAAC-1,1849.0,1152
ACGGTTTAGCCGCAGT-1,5351.0,2183
ACGTACCCAATGAAGC-1,5263.0,1999
ACGTCAAGTTAATGCG-1,10710.0,3729
ACGTCCAAGCAGCTAT-1,3252.0,1569
ACGTCCTTCAAAGGCA-1,13323.0,4216
ACGTCCTTCCTAATTC-1,3994.0,1927
ACGTCCTTCGCTAGAT-1,3970.0,1737
ACGTTGTAGGCGCTAC-1,70.0,59
ACTAAAGCACAGAAAC-1,4658.0,2082
ACTAACCAGCACAGAA-1,3486.0,1865
ACTAACGGTTACGCGG-1,4140.0,1820
ACTAACTCAAGGTGCA-1,3098.0,1546
ACTAACTCAGAGGGAG-1,3979.0,1741
ACTAACTCAGGGAGGA-1,3612.0,1546
ACTAATCCAGGTATTT-1,2821.0,1472
ACTAGGCGTACTGAAT-1,4149.0,1924
ACTATCCGTAGGATTT-1,8295.0,3247
ACTATCCGTTCACTGT-1,3494.0,1667
ACTATGTCACCGGTAT-1,2075.0,1041
ACTATGTCACCTACTT-1,7186.0,2699
ACTATGTCAGTTTGTG-1,7769.0,3053
ACTCAGTAGCTTAACA-1,2297.0,1262
ACTCAGTAGGAAGCAC-1,4275.0,2158
ACTCAGTAGGCATGTT-1,8437.0,3341
ACTCGCGCAAGGAATC-1,3759.0,1687
ACTCGCGCACCTACTT-1,5971.0,2340
ACTCGCGCATAATCGT-1,6929.0,2729
ACTCGCTTCATGAAGG-1,1372.0,774
ACTGAAACATAAAGCA-1,4108.0,1618
ACTTACAAGCAGCTAT-1,140.0,106
ACTTACAAGGCATGAA-1,6758.0,2783
ACTTACTTCAGGGCCT-1,5961.0,2599
ACTTACTTCATAGCCG-1,5010.0,2197
ACTTACTTCCTTCAAT-1,5005.0,2088
ACTTACTTCTCCTCAA-1,10979.0,3699
ACTTAGGGTAGGTTTG-1,4219.0,1817
ACTTAGGGTAGTAAGA-1,2913.0,1459
ACTTAGGGTAGTTGGC-1,4434.0,1852
ACTTATCTCAAGGACA-1,2444.0,1447
ACTTATCTCTTACTCG-1,5694.0,2262
ACTTCGCTCCACCCTG-1,2966.0,1611
ACTTCGCTCGTAACGT-1,6617.0,2689
ACTTCGCTCTAAGGTC-1,2936.0,1436
ACTTGAATCCAAGTTA-1,9131.0,3379
ACTTGCACAACCTAAT-1,2922.0,1604
ACTTGTCGTACCGTAA-1,5298.0,2103
AGAAACCCATAATGTC-1,4357.0,2003
AGAAAGGCAATTAGCT-1,1201.0,844
AGAAAGGCATCCATCT-1,6040.0,2405
AGAACAAGTAGCCTAA-1,3925.0,1641
AGAACAAGTCCTTCAG-1,4458.0,1769
AGAACCAAGCCGGTAC-1,3944.0,1817
AGAACCAAGGACACTT-1,163.0,123
AGAACCAAGTAAGAAC-1,2102.0,1179
AGAACCGCACCTAATG-1,4115.0,2005
AGAAGGTGTAACGGGA-1,6206.0,2735
AGAAGGTGTCGCGCAA-1,2943.0,1699
AGAATCTGTACTAAAC-1,3294.0,1687
AGAATCTGTCGCAAAC-1,3228.0,1658
AGACAATAGGCCTTAG-1,2906.0,1428
AGACCCGGTAAGCACC-1,2966.0,1648
AGACTATGTATGGTGC-1,4636.0,1984
AGAGAAGCATAGCTGC-1,2327.0,1387
AGAGATTAGTCATGCG-1,5006.0,2162
AGAGGAACACGAATCC-1,7300.0,2722
AGAGGAACACTTACAG-1,4699.0,2283
AGAGGAACAGCTTAAT-1,6527.0,2585
AGAGGATGTCAGGAAG-1,5562.0,2461
AGAGGATGTTAACAGT-1,7599.0,3007
AGATGAAGTAATAACC-1,4278.0,1922
AGATGAAGTACGTTTC-1,7145.0,2784
AGATGAAGTGTAACCA-1,2602.0,1415
AGATGAAGTGTCCAAA-1,3084.0,1437
AGATGAAGTGTCCAGG-1,1655.0,943
AGATGAAGTTGGTTCT-1,4722.0,2011
AGATGCTTCCGTCCAT-1,2277.0,1292
AGATGCTTCCTGGTGA-1,2395.0,1273
AGATGCTTCGTTCACC-1,3050.0,1627
AGCAAATAGCCAGTAT-1,2981.0,1546
AGCAAATAGCTATATG-1,4665.0,2310
AGCAAATAGGTGTTAC-1,2533.0,1346
AGCAATTGTAAAGCAA-1,6093.0,2586
AGCAATTGTCAATAGT-1,2395.0,1306
AGCAATTGTGGGTACT-1,4844.0,2198
AGCACAGCAAGGGTTG-1,2524.0,1376
AGCACAGCATACTCCT-1,2390.0,1252
AGCACAGCATTCCTGT-1,2456.0,1380
AGCACTTAGGAACACA-1,4598.0,2117
AGCACTTAGTTAGCCG-1,3896.0,1873
AGCAGGTAGACTTACA-1,5757.0,2401
AGCATCCCAAATACCT-1,2936.0,1668
AGCATTTCAGTAAGTA-1,3507.0,1632
AGCCAGTGTAATGACT-1,10142.0,3578
AGCCGCTAGTTATCCT-1,3571.0,1700
AGCCGGTTCCGGAACC-1,8519.0,3392
AGCCGGTTCCTTCTAG-1,2991.0,1514
AGCCGGTTCTGCAACG-1,2259.0,1273
AGCCTAAGTGCTTACT-1,3820.0,2058
AGCCTAGTCGTCCTTA-1,5328.0,2466
AGCCTAGTCTTTGACT-1,3368.0,1647
AGCCTGGGTAACCAGC-1,4262.0,2063
AGCCTGGGTAGCTGGT-1,8099.0,3147
AGCCTGGGTTAGTTGG-1,2500.0,1171
AGCGATTTCGTTCACC-1,3483.0,1947
AGCGATTTCTGCAACG-1,3419.0,1787
AGCGCCTAGCTTGCTC-1,6866.0,2979
AGCGCTCAGGCTGGCT-1,3509.0,1787
AGCGCTCAGGTCCTAG-1,3300.0,1567
AGCGGACCAATCGCAC-1,5797.0,2353
AGCGGACCAGCTTAGC-1,2961.0,1393
AGCGGATAGTTACTTC-1,8976.0,3307
AGCGTGCTCTAATCTC-1,3237.0,1492
AGCTAAACATTGTGAT-1,4114.0,1993
AGCTAAACATTGTGGC-1,2704.0,1467
AGCTAACTCATGGTGT-1,6130.0,2560
AGCTACGTCCGCTAGA-1,2198.0,1110
AGCTACGTCCGTAAAC-1,7924.0,3355
AGCTAGTTCCGTTATT-1,9435.0,3251
AGCTATATCATGGTTA-1,667.0,318
AGCTATATCGCACAAT-1,6217.0,2607
AGCTATATCGGCCAGT-1,4422.0,1972
AGCTATATCGTCAAGT-1,3121.0,1676
AGCTGCTCATGAAATG-1,2967.0,1487
AGCTTCCTCAATGAGG-1,5432.0,2225
AGCTTGGTCAATGACC-1,7308.0,2972
AGCTTGGTCTAATTGG-1,7463.0,2842
AGCTTTAAGTAGGATG-1,2555.0,1344
AGGAAACGTCAAACTG-1,3335.0,1634
AGGAAACGTGGTTATG-1,4614.0,2194
AGGAACGGTTGGTTCT-1,4005.0,1854
AGGACTAAGCGATAAG-1,3636.0,1839
AGGACTAAGGCGGATG-1,3629.0,1823
AGGACTAAGTTGCCTC-1,8123.0,3126
AGGAGCTAGAACCTGT-1,589.0,489
AGGAGCTAGATGGAGC-1,2412.0,1329
AGGATCCGTCGTAAAT-1,4247.0,1856
AGGATCCGTTGTCCAT-1,3106.0,1519
AGGATGCAGATAACCC-1,5646.0,2314
AGGATGCAGGCTAATC-1,2776.0,1520
AGGATGTCAAGCTTTG-1,2996.0,1467
AGGATGTCAGCAAATA-1,6533.0,2464
AGGATTGAGGCTATGT-1,2742.0,1327
AGGCAATCAATACTGT-1,2405.0,1180
AGGCAATCATGAGTTT-1,4944.0,2198
AGGCAGGTCAGCAAGA-1,3792.0,1632
AGGCGGATCGCTAGTG-1,2469.0,1294
AGGCTAAAGTAACTCA-1,3046.0,1539
AGGCTAAAGTATTGTG-1,2909.0,1579
AGGCTAAAGTCTATGA-1,2040.0,1155
AGGCTAGCACAATACT-1,3893.0,1712
AGGCTAGCACCTGTAA-1,4244.0,1852
AGGCTAGCACGTAATT-1,7224.0,2888
AGGCTAGCAGGCCAAA-1,2779.0,1440
AGGGCCTTCACGCATG-1,2771.0,1416
AGGGCCTTCAGGAAGC-1,3083.0,1603
AGGGCCTTCCGTGACA-1,3069.0,1535
AGGGCTACAGAATGAC-1,5064.0,2148
AGGGTTGCAACTGGCT-1,2714.0,1459
AGGGTTGCATGAATAG-1,3227.0,1680
AGGTAACCAGGCTAGA-1,2768.0,1476
AGGTACGCAGCCAGAA-1,9228.0,3389
AGGTACGCATAAGCAA-1,1682.0,1028
AGGTATTGTGCTAGCG-1,4086.0,1967
AGGTCAAAGGCAAGTA-1,5998.0,2485
AGGTCATTCAAACCGT-1,2749.0,1370
AGGTCATTCAAGCTAC-1,3481.0,1639
AGGTCATTCTTGCAAA-1,2946.0,1563
AGGTCCGGTAACCAGC-1,4683.0,2084
AGGTCCGGTTAGCGTA-1,2322.0,1295
AGGTCTTAGCAAGGGT-1,5883.0,2395
AGGTCTTAGCAGCTCA-1,4929.0,2198
AGGTCTTAGTGGACAA-1,5508.0,2515
AGGTGAATCTAATCTC-1,2420.0,1396
AGGTGAGGTCATAACG-1,6088.0,2380
AGGTTAACAGCAAGTG-1,2390.0,1249
AGGTTAACAGGTCCTG-1,2705.0,1393
AGGTTAACATGAGCAG-1,2336.0,1150
AGGTTAGAGTTCCCGT-1,3507.0,1654
AGGTTTATCACTCAAA-1,7736.0,3074
AGGTTTATCTTAGTCT-1,4960.0,2204
AGTAAACAGCAATAGG-1,6332.0,2498
AGTAAACAGCAGGTTT-1,6650.0,2693
AGTAACACAGCTTAAT-1,8707.0,3208
AGTAACACATCGCTTT-1,4294.0,2027
AGTAACCTCTTTGACT-1,8362.0,3226
AGTAACGAGACACCGC-1,6000.0,2562
AGTAACGAGAGAGCCG-1,5876.0,2525
AGTAACGAGATAAAGC-1,4617.0,2028
AGTAACGAGCGCCTTT-1,8838.0,3345
AGTAATGCAACCTGGT-1,4051.0,1974
AGTACGCGTTAACGAT-1,2450.0,1335
AGTACGCGTTGTAACG-1,2198.0,1198
AGTAGCTTCATAGACC-1,2456.0,1342
AGTAGCTTCTCCATAT-1,3930.0,1589
AGTAGCTTCTGTGAGT-1,5004.0,2083
AGTATAGCATTATGAC-1,6264.0,2654
AGTCAAGAGACAACAG-1,2245.0,1235
AGTCAAGAGGCAGGTG-1,2398.0,1434
AGTCAAGAGGGCCACT-1,2525.0,1320
AGTCAAGAGTCATTAG-1,3787.0,1911
AGTCAATGTGCTCACC-1,5147.0,2294
AGTCCTGAGCCTGGTA-1,8968.0,3271
AGTCCTTGTCCTAATC-1,2600.0,1302
AGTCGCATCATGCTAA-1,4045.0,1927
AGTCTTGCAATTATGC-1,3793.0,1834
AGTCTTGCACAAAGAC-1,6654.0,2783
AGTCTTGCATTGTGGC-1,3124.0,1519
AGTGAGTCAGCACGTT-1,4337.0,1878
AGTGAGTCAGTACCGT-1,2266.0,1326
AGTGAGTCATGTTGGC-1,4973.0,2301
AGTGAGTCATTAAAGG-1,4395.0,2139
AGTGCCGGTGGTTATG-1,2214.0,1072
AGTGGACAGCTTACTT-1,2537.0,1322
AGTGGACAGGCGAATA-1,3736.0,1677
AGTGGACAGTCACGAT-1,5289.0,2550
AGTGTGGCATGCATAT-1,3489.0,1672
AGTGTGGCATTGACAT-1,2277.0,1157
AGTGTTTCAACAGGTG-1,1116.0,618
AGTGTTTCAGGGAGGA-1,4618.0,2172
AGTTACTCAATGCCTA-1,2956.0,1562
AGTTACTCACTTCATC-1,4909.0,2175
AGTTATGTCCCTGTTA-1,4480.0,1992
AGTTATGTCCTCACAC-1,5560.0,2360
AGTTGCAGTAGCCTAA-1,2343.0,1271
AGTTGCAGTAGGTTTG-1,4196.0,1964
AGTTGCAGTCTTGCAT-1,3270.0,1655
AGTTGCAGTGAGGTAG-1,3052.0,1378
AGTTGCGTCCAACTGG-1,3782.0,1671
AGTTGGCGTACAAAGA-1,8463.0,3149
AGTTGGCGTATCTGGA-1,10654.0,3556
AGTTGGCGTGACATAT-1,3091.0,1585
AGTTGGCGTTAGTTGG-1,2147.0,1192
AGTTGTCAGATGGACA-1,3748.0,1620
AGTTGTCAGTAAACCC-1,9386.0,3248
AGTTTGCAGCTATATG-1,7032.0,2921
ATAACGACAATTATGC-1,2344.0,1262
ATAACGACACATTAAC-1,3801.0,1914
ATAAGCCTCTAGCTTT-1,11783.0,3653
ATAAGCCTCTATCGCC-1,6866.0,2761
ATAAGTCGTGAGGTAG-1,2993.0,1541
ATAAGTCGTTCCTCCT-1,5361.0,2386
ATAAGTCGTTCGGGAT-1,6430.0,2030
ATACCGGTCACGAATC-1,4162.0,1948
ATACCTGCAATCCTGA-1,3595.0,1593
ATACCTGCAATTAGGA-1,3782.0,1791
ATAGATGCACTTACAG-1,3411.0,1747
ATAGATGCATTTGCTC-1,4639.0,2098
ATAGCATGTAACCACA-1,17306.0,4645
ATAGGTACACTGGCCA-1,4016.0,1892
ATATAGGCAGAAACGT-1,3115.0,1494
ATATGCATCAGCTAAC-1,2979.0,1584
ATATGCATCCGCATGA-1,4157.0,1603
ATATGCATCGCAATCG-1,3025.0,1491
ATATGCTCAAGGACCA-1,2511.0,1297
ATATGCTCAATAGCAA-1,2818.0,1391
ATATGCTCACGAACAG-1,9614.0,3598
ATCAAGACACTGACCG-1,9835.0,3572
ATCAAGACAGGAACCA-1,9001.0,3339
ATCAAGCTCCTTCTAG-1,5002.0,2128
ATCAAGCTCGGTCATG-1,6119.0,2845
ATCAATCCAAACCTTG-1,9243.0,3481
ATCAATCCAAGCTTTG-1,6400.0,2294
ATCAATCCAGTAAGTA-1,8242.0,3068
ATCACAATCTACCTCA-1,4181.0,1954
ATCACAATCTCCATAT-1,3420.0,1674
ATCACACAGGCCGGAA-1,2200.0,1234
ATCACCCTCCTAACGG-1,3368.0,1537
ATCACCCTCTATTGTC-1,4025.0,1933
ATCACTAAGATGGACA-1,1983.0,1102
ATCACTAAGCTCAAAC-1,3621.0,1851
ATCAGGTTCACTTCAT-1,2939.0,1555
ATCAGGTTCATTTGTC-1,2868.0,1419
ATCAGGTTCCCTGTTA-1,9752.0,3510
ATCATCAAGCCAGTAT-1,2535.0,1451
ATCATCAAGGGCCACT-1,2674.0,1431
ATCCAACAGCGGCTGT-1,2333.0,1173
ATCCACCTCAGAAACG-1,1043.0,557
ATCCACCTCGTCAAGT-1,1769.0,1105
ATCCGTGAGACTCGCA-1,4810.0,1966
ATCCGTGAGGTCATTA-1,4490.0,1990
ATCCTCATCTGGTCCT-1,6727.0,2572
ATCCTCATCTGTGAGT-1,4987.0,1934
ATCCTGACAATGCGCT-1,2961.0,1596
ATCCTGACATGTCAAT-1,4071.0,1902
ATCCTTAGTGTCACGG-1,7219.0,2920
ATCGAGGCAACAGGAT-1,3576.0,1750
ATCGGCCAGGTTTGCG-1,3133.0,1452
ATCTATGAGCAAACCT-1,5122.0,1815
ATCTTTGGTTGTTGGA-1,2343.0,1155
ATGAAGCCAGCACCAT-1,2114.0,1149
ATGAAGTAGTAACCAC-1,1735.0,975
ATGAATGCAAGGTAAC-1,3889.0,1651
ATGACAACACTATGGC-1,3172.0,1509
ATGACAACAGCTCATA-1,5552.0,2396
ATGACCAGTTACTTGC-1,7367.0,3151
ATGACTCAGCACGTTG-1,9204.0,3230
ATGAGCCGTTTCGCGC-1,2102.0,1131
ATGATGGAGCTTCTCA-1,8155.0,3174
ATGCAGGCAAAGGTAC-1,2941.0,1399
ATGCATTCAAGTAAGC-1,2015.0,1148
ATGCATTCACCGGCTA-1,4782.0,2133
ATGCGATTCATGACCG-1,3291.0,1705
ATGCTTAAGCAACATC-1,4829.0,2094
ATGCTTAAGGACCAGG-1,3324.0,1605
ATGCTTAAGGTCTTGG-1,9792.0,3537
ATGGCCCAGACAAACG-1,3646.0,1797
ATGGCTAGTGTGAGAG-1,2926.0,1447
ATGGCTAGTTTGCGCC-1,4006.0,1794
ATGGCTTAGCCGCAAC-1,7382.0,2782
ATGGCTTAGCTCAAAC-1,12619.0,4589
ATGGTCTAGCGAGCGA-1,2673.0,1260
ATGGTGCGTTACCTGT-1,3512.0,1777
ATGGTGCGTTGGTTAG-1,5891.0,2416
ATGGTTATCTCCATGC-1,7454.0,3080
ATGTAACGTTTAGCTC-1,4556.0,1797
ATGTAAGCACCAACCG-1,2260.0,1222
ATGTAAGCAGAGAGCC-1,3604.0,1800
ATGTAAGCAGCTTAGC-1,4089.0,1625
ATGTAAGCATTAGCGC-1,2897.0,1484
ATGTAAGCATTGTGAT-1,9408.0,3274
ATGTCAATCTACCTGC-1,9626.0,3516
ATGTCAATCTTGTCTG-1,3157.0,1566
ATGTCATCAAGGTCCT-1,2818.0,1498
ATGTCATCACCTATAG-1,2101.0,1067
ATGTCCACATAAGTTC-1,4008.0,1674
ATGTTCAAGACTTATG-1,7075.0,2899
ATGTTGTCAGCAACAG-1,3184.0,1643
ATGTTTGAGCCGCTAA-1,7902.0,3033
ATTAACCCAAACAACA-1,3019.0,1576
ATTAACCCACAACAGG-1,6101.0,2500
ATTAACCCATTGTCAG-1,9971.0,3763
ATTACCCGTGGAGCAA-1,2554.0,1324
ATTACCCGTTTACCGT-1,3834.0,1823
ATTACCGCATCATGTG-1,3293.0,1621
ATTACGTCATTAAAGG-1,2452.0,1174
ATTAGCTCAGCAGGTA-1,9061.0,3286
ATTAGCTCATAATCGT-1,5761.0,2498
ATTAGGTGTCTCAGCC-1,3820.0,1893
ATTCAACCACTAGCGT-1,6631.0,2751
ATTCAACCAGGAACAT-1,3409.0,1672
ATTCACTTCCTAACGG-1,3296.0,1735
ATTCACTTCGGTAACT-1,4176.0,1920
ATTCCGGAGCTACTGG-1,3912.0,1713
ATTCCTAGTATTGTGG-1,6138.0,2738
ATTCCTAGTCATAACG-1,4896.0,1968
ATTCCTAGTGCTGTAA-1,4419.0,2064
ATTCCTAGTTGTTGGA-1,2857.0,1446
ATTCCTCCAAGGTGGC-1,6896.0,2916
ATTCGTTTCCAGGAAA-1,4368.0,2073
ATTGAAGCAATAATCC-1,6010.0,2558
ATTGACTCAATCCTGA-1,3576.0,1758
ATTGACTCACTTAGGC-1,4102.0,1897
ATTGACTCATCAGTAT-1,2313.0,1206
ATTGCACAGCCTGTTC-1,4249.0,1873
ATTGCACAGTTAGAGG-1,3637.0,1836
ATTGCAGGTACTGATG-1,5175.0,2260
ATTGCAGGTGGGTACT-1,2328.0,1011
ATTGCGCCAAATGCCC-1,4297.0,2032
ATTGCTCGTAAGGTCC-1,3671.0,1836
ATTGCTCGTACGCGCA-1,3055.0,1601
ATTGGCTAGTAAGTCC-1,3608.0,1770
ATTGTGATCAATTACG-1,3462.0,1666
ATTGTGATCATGCTCC-1,2993.0,1552
ATTGTGATCGGTCATG-1,2467.0,1321
ATTTAGCCAATCCCTT-1,4000.0,1753
ATTTAGCCAGGGAGGA-1,1903.0,1044
ATTTGCAAGAGAAGGG-1,3409.0,1561
ATTTGCAAGGATTGCT-1,3593.0,1715
ATTTGCGCAGTTTGGC-1,3964.0,1903
ATTTGTGAGTTGTCAA-1,4224.0,1933
CAAACACTCCACCCTG-1,3359.0,1616
CAAACACTCGTAACGT-1,10090.0,3670
CAAACATGTACTTAGG-1,8195.0,3149
CAAACCGTCAAGTGTC-1,4508.0,1684
CAAACCGTCATGAAGG-1,2099.0,1226
CAAACGCGTGGATTAT-1,2224.0,1197
CAAACGCGTTATCGAG-1,4877.0,2010
CAAACGCGTTTGGCTT-1,3369.0,1679
CAAACTGGTCCCGGAA-1,2308.0,1252
CAAAGCGCAGCCAGTT-1,5712.0,2398
CAAAGCGCATACCCGG-1,2673.0,1354
CAAAGTGAGTAGGATG-1,2747.0,1431
CAAATCATCAGCAAGA-1,3332.0,1770
CAAATCATCTATGACA-1,7720.0,2897
CAACAATGTCATGCAA-1,4315.0,2022
CAACAGGCAGCATGGA-1,3634.0,1665
CAACCCGCACGCAACT-1,8331.0,3362
CAACCCGCATAATGTC-1,12971.0,4118
CAACCCGCATTCCTCG-1,6341.0,2576
CAACTAATCCTTCGTA-1,3606.0,1866
CAACTAGGTGCTTAGA-1,2655.0,1480
CAAGAACCAGCTAACC-1,5903.0,2608
CAAGACAAGCACAGCC-1,4100.0,1880
CAAGACAAGGTATTGC-1,3559.0,1679
CAAGGCTGTACCGGAT-1,2750.0,1424
CAAGGCTGTGAACAAA-1,3002.0,1490
CAAGGGAGTAACGAGG-1,4821.0,1746
CAAGGGAGTCTCAGCC-1,2293.0,1308
CAAGGGAGTGATCAGC-1,2810.0,1322
CAAGGGAGTTGCAGTA-1,3153.0,1480
CAAGGTAAGTCATTGA-1,3390.0,1600
CAAGGTAAGTGACCTG-1,652.0,535
CAAGGTTTCAGTTCCC-1,3870.0,1920
CAAGGTTTCATTACAG-1,2669.0,1415
CAAGGTTTCCCTGACT-1,2697.0,1447
CAAGGTTTCCGCCTAT-1,4589.0,1965
CAAGTAACAGGCGAGT-1,2116.0,1138
CAAGTATGTCGTTATC-1,3583.0,1811
CAAGTATGTGTTAAAC-1,2667.0,1434
CAAGTGAAGCGCAATT-1,3552.0,1481
CAAGTGAAGTTCCTGC-1,7228.0,3001
CAAGTTATCACCTGCT-1,1704.0,1046
CAAGTTATCGCTAGCA-1,5062.0,2143
CAATAAGCAATGCCCG-1,7846.0,2996
CAATAAGCACATACTG-1,2179.0,1005
CAATAAGCACTAGCGT-1,2318.0,1203
CAATAAGCAGCCTTGG-1,2940.0,1502
CAATAAGCAGGTATTT-1,2198.0,1300
CAATAGCTCATAGCCG-1,4103.0,1751
CAATATGTCAAACCTA-1,2951.0,1626
CAATCCCTCACATTGA-1,8848.0,3268
CAATCCCTCCCGCCTA-1,6366.0,2441
CAATCCTGTGCTGTAA-1,5252.0,2125
CAATCGCCACTTCACT-1,12661.0,4038
CAATCGCCATTGTCCT-1,4270.0,2236
CAATCTAAGCTTCCCG-1,2485.0,1220
CAATCTAAGTTTGGGT-1,2876.0,1469
CAATGAACAAGCTAAA-1,14353.0,4399
CAATGAACATAATCCG-1,3962.0,1743
CAATGAACATTTGCTC-1,5450.0,2133
CAATGACTCAAATCGC-1,2919.0,1340
CAATGACTCCGGTTAG-1,3495.0,1707
CAATGACTCGAGCAAA-1,3852.0,1560
CAATGTCAGGAACACA-1,4996.0,2291
CAATGTCAGGCAACAA-1,3077.0,1646
CAATGTCAGGGCCATC-1,9165.0,3318
CAATGTCAGTAGGATG-1,5261.0,2219
CACAAGCGTGATTACG-1,3871.0,1756
CACAAGCGTGTTCCCA-1,3803.0,1864
CACAATATCAATTACG-1,2746.0,1386
CACAGGCTCATCCACC-1,11804.0,4081
CACAGGCTCTATCGCC-1,6051.0,2346
CACAGGCTCTTAGCGG-1,2386.0,1248
CACAGGGAGGAACGGT-1,5293.0,2292
CACAGGGAGGCAACAA-1,3553.0,1672
CACAGGGAGTTATGTG-1,5416.0,2363
CACCAACCAATTGCGC-1,8741.0,3175
CACCAACCAGCATTAT-1,3309.0,1651
CACCGGTAGTGAACGA-1,2734.0,1270
CACCTCAGTCCGGTTC-1,3093.0,1599
CACCTCAGTTTGGGCG-1,2462.0,1303
CACCTGTTCACTCGCT-1,4459.0,2034
CACCTGTTCCAACTGG-1,3714.0,1859
CACCTGTTCTGCAACG-1,2482.0,1316
CACGCAATCGATATTG-1,3207.0,1626
CACGCTAAGGTCCTGA-1,3151.0,1605
CACTAAGGTGGAGCAA-1,3944.0,1731
CACTAGCCAATAATCC-1,7966.0,3176
CACTAGCCATAAAGCA-1,2307.0,1298
CACTGACCAATTTAGC-1,7214.0,2889
CACTTAAAGTCATTTC-1,1767.0,1157
CACTTTGTCAGCTAAC-1,11181.0,3596
CAGAACCGTCACAGCG-1,3204.0,1668
CAGAACCGTGCTTAGA-1,5265.0,2511
CAGAATCTCAAGCTTA-1,3847.0,1553
CAGAATCTCGCTTCTA-1,5037.0,2335
CAGATTCAGCGGGCAA-1,28228.0,5793
CAGATTCAGGAGTAAT-1,3243.0,1771
CAGCAAGCACTTAGGC-1,5574.0,2418
CAGCATGTCTACCTAT-1,5515.0,2402
CAGCATTAGTCGCTAG-1,2239.0,1214
CAGCCAATCATTGTTC-1,4379.0,1864
CAGCCAATCCTGCGAA-1,2656.0,1335
CAGCCTAAGCCTGTGA-1,1193.0,880
CAGCCTAAGGTCCACA-1,3158.0,1597
CAGCCTTTCTAATCCT-1,6440.0,2665
CAGCTAAGTCCAAGAC-1,2005.0,1001
CAGCTAAGTTGAAGCC-1,4820.0,2189
CAGCTCAAGAGGAGGA-1,3784.0,1792
CAGCTCAAGCTCGCTT-1,3223.0,1676
CAGGAAGGTCCTTCTC-1,4065.0,1950
CAGGAAGGTCGAAGTC-1,2330.0,1277
CAGGAAGGTTCAAGCA-1,1918.0,1100
CAGGACACAAAGGCCA-1,6251.0,2696
CAGGACACATTTAAGC-1,3709.0,1860
CAGGACCTCCGTCCAT-1,7595.0,2958
CAGGCTATCCGCAAGC-1,3597.0,1743
CAGGGTGAGCATGTCG-1,4481.0,2346
CAGGGTGAGTGAGAGC-1,3995.0,1941
CAGGTCCAGAGAGCCG-1,7233.0,2851
CAGGTCCAGGTCGAGG-1,2394.0,1367
CAGGTGGAGCAGCTCA-1,3435.0,1519
CAGGTGGAGGAGGCAT-1,4205.0,1755
CAGGTGGAGGATTTGC-1,2911.0,1612
CAGGTTTAGTATTGTG-1,3078.0,1498
CATAACGGTTGCAATG-1,2395.0,1315
CATAAGCTCATTACAG-1,2756.0,1495
CATAAGCTCTACTAAG-1,3795.0,1941
CATAGACTCATGAGCT-1,3638.0,1695
CATAGACTCCATTACT-1,2548.0,1410
CATAGACTCCTACCTA-1,2833.0,1638
CATAGCTAGCTATTAG-1,5601.0,2363
CATAGCTAGGAGGACT-1,10022.0,3439
CATAGGCGTCATCCTG-1,2887.0,1508
CATAGGCGTCCGGTTC-1,1981.0,1104
CATAGGCGTCCGTGAG-1,2963.0,1573
CATAGGCGTTACTTCA-1,4691.0,1896
CATAGGTTCTGTTGCC-1,4008.0,1690
CATAGTCAGCTCAAAC-1,6700.0,2738
CATAGTCAGGAGGTTA-1,6561.0,2780
CATATCGCAAATTCGT-1,7250.0,2836
CATATCGCACTAAGTT-1,11848.0,3912
CATATCGCACTTCATC-1,4951.0,2400
CATATCGCAGTAATAG-1,3532.0,1682
CATCAATCAGCCTTGG-1,4299.0,1693
CATCACACAACAGGAT-1,6232.0,2636
CATCACACATGCTCCC-1,3216.0,1743
CATCAGCCAACAGGAT-1,6966.0,2842
CATCATAAGTACTGGT-1,6090.0,2195
CATCATAAGTAGCCAT-1,7851.0,3110
CATCATGCACTGACCG-1,5058.0,2416
CATCATGCACTTCATC-1,6916.0,2941
CATCATGCATGCTCCC-1,2134.0,1341
CATCCTCAGACTTATG-1,5570.0,2329
CATCCTCAGAGCCGGA-1,3773.0,1861
CATCCTGGTACGGGTT-1,4399.0,2029
CATCCTGGTATTCGCT-1,10685.0,3348
CATCCTGGTCACGAAC-1,4086.0,1819
CATCCTGGTTACTTGC-1,3326.0,1740
CATCCTTCAAGCCAGA-1,4773.0,1877
CATCCTTCACCCACAG-1,13502.0,4175
CATCGCTTCTTAGTCT-1,11161.0,3733
CATGCAAGTAGGTGTC-1,7700.0,2987
CATGCATAGGGTGGAT-1,3637.0,1693
CATGCGCAGGAGTCGG-1,9006.0,3173
CATGCGCAGGCGCTTA-1,5147.0,2272
CATGGATTCAAGCTTA-1,5079.0,2263
CATGGATTCATAACCA-1,1998.0,1109
CATGGATTCCCTCATA-1,4281.0,1958
CATTATCTCAATCTCT-1,5359.0,2226
CATTATCTCAGTTCCC-1,3556.0,1729
CATTATCTCGTTAGCG-1,4596.0,2012
CATTCATTCGCATTAA-1,13982.0,4366
CATTCCTCACACAATT-1,2593.0,1392
CATTGCGAGCATGTCG-1,6671.0,2634
CATTGCGAGTAACGGA-1,3920.0,1872
CATTGTAAGGACCGCT-1,4419.0,1837
CATTGTAAGGCAGGTG-1,5971.0,2683
CATTGTAAGTAACGGA-1,3509.0,1783
CATTTGTTCTAAGTGC-1,3604.0,1780
CCAAACCCAAACGCGA-1,5268.0,2091
CCAAACCCAATATACC-1,3313.0,1768
CCAAACCCACCTGTAA-1,3115.0,1619
CCAAACCCATAGACTT-1,5017.0,2162
CCAAACTAGACAAGTG-1,4352.0,2089
CCAAACTAGGGTTAGA-1,2902.0,1535
CCAAATCAGATAACCC-1,5055.0,2068
CCAAATCAGGTCCGTA-1,3967.0,1755
CCAACATAGCACCACA-1,1557.0,1091
CCAACATAGGCCCAGT-1,4051.0,1569
CCAACCAAGCGCTAAT-1,8841.0,3305
CCAACCAAGTCGCTAG-1,5244.0,2326
CCAACCCGTGCAATGC-1,2249.0,1184
CCAACCCGTGTGAGGA-1,2622.0,1315
CCAAGGCTCCATTACT-1,5685.0,2579
CCAAGGCTCGCGCTAA-1,3303.0,1671
CCAAGTTAGTAACCAC-1,6128.0,2669
CCACAATAGCCTGAGC-1,8812.0,3464
CCACACAAGAGGCTAA-1,4231.0,1715
CCACAGGGTTAGCGTA-1,5524.0,2261
CCACATTGTATGTGGC-1,3613.0,1925
CCACATTGTCAATAGT-1,4247.0,1977
CCACTTGGTGGTTCTT-1,3856.0,1903
CCACTTGGTTTACCGT-1,2014.0,1080
CCAGACTCAGTAGGTG-1,2763.0,1458
CCAGACTCAGTTATCG-1,3292.0,1632
CCAGACTCATAGCGGA-1,3807.0,1731
CCAGACTCATTGCGAC-1,11152.0,3630
CCAGCCTGTAGGTTGC-1,3465.0,1704
CCAGCCTGTTCACCCA-1,4673.0,2060
CCAGCCTGTTTAGCGA-1,9468.0,3374
CCAGCTAAGAGGAAGG-1,8454.0,3028
CCAGCTAAGCCGCTTT-1,2621.0,1546
CCAGCTGCAAAGCTAA-1,4860.0,2315
CCAGCTGCACCAACCG-1,5260.0,2034
CCAGGAACAAACTAAG-1,3976.0,1864
CCAGGAACATAATCAC-1,5437.0,2029
CCAGGAACATTGTGCA-1,6566.0,2710
CCAGGATGTGGTGAGA-1,2323.0,1169
CCAGGATGTTGGTTAG-1,5745.0,2556
CCAGTTTGTAGTCAAT-1,6378.0,2604
CCATAAATCACGCATG-1,4153.0,2189
CCATAAATCCCTCATA-1,3187.0,1570
CCATAAGGTCTAACCT-1,3158.0,1551
CCATAAGGTTTGTCTA-1,3771.0,1763
CCATAATCAGCGCTTG-1,5383.0,2419
CCATAGCCAATAAGCA-1,4375.0,2210
CCATAGCCAATATGGA-1,4181.0,1881
CCATAGCCAATTGACT-1,3066.0,1608
CCATATTTCCTCCTAA-1,7531.0,2941
CCATCACTCGGTTTGG-1,5360.0,2288
CCATCACTCTTCAATC-1,9577.0,3665
CCATCATGTAACCACA-1,4115.0,1940
CCATCATGTGCTTAGA-1,7185.0,2953
CCATTATTCTAACTGA-1,7372.0,2376
CCCAAACCAGAAATGC-1,6645.0,2642
CCCAAACCAGGACCTT-1,6046.0,2562
CCCAAACCAGGATTAA-1,8903.0,3078
CCCAAATAGTGAGCGG-1,3828.0,1520
CCCAACCGTCCTAAGA-1,2450.0,1361
CCCAGCACAATCATGT-1,4004.0,1941
CCCAGTTTCCTCATCA-1,3324.0,1816
CCCAGTTTCTGTTGCC-1,2517.0,1463
CCCAGTTTCTTGGACG-1,3880.0,1846
CCCATAACAGGAACCA-1,4545.0,1954
CCCGCAACAGTTGCGT-1,3172.0,1398
CCCGTAAAGTTAGAGG-1,3723.0,1728
CCCGTTGTCAACAAGG-1,4599.0,2075
CCCTCACCAACACCTA-1,4730.0,2028
CCCTCACCAAGACTCC-1,3250.0,1583
CCCTCACCAATAACCT-1,6068.0,2558
CCCTCACCACTAAGTT-1,3536.0,1684
CCCTCACCAGGCTAGA-1,4561.0,2043
CCCTCAGTCATTTGTC-1,8257.0,2875
CCCTCAGTCGGTTTGG-1,4075.0,1775
CCCTCATAGCTATTAG-1,5201.0,2344
CCCTCATAGTGACCTG-1,3820.0,1812
CCCTGTTAGCTGTCAG-1,2943.0,1496
CCCTGTTAGTCGCAAT-1,3571.0,1811
CCCTTAATCGATCAGT-1,4288.0,2206
CCGATGCAGCGAGTAA-1,9984.0,3645
CCGCAAATCATGCAAC-1,863.0,680
CCGCAAATCTCGCCCA-1,858.0,655
CCGCAAGGTAATCCCT-1,3563.0,1528
CCGCAAGGTTCAAGCA-1,2603.0,1322
CCGCACACACTTCACT-1,5298.0,2262
CCGCACACAGTTTCTC-1,4219.0,2088
CCGCACACATGAGCAG-1,5207.0,2177
CCGCACACATGTTTGG-1,4513.0,2068
CCGCCAACAACCCTCC-1,3728.0,1942
CCGCTAAAGCTGGAAA-1,3936.0,1817
CCGCTAGCATGCTATG-1,2425.0,1301
CCGCTTAGTATCTGGA-1,4420.0,2046
CCGGTAGGTAATGACT-1,2953.0,1637
CCGGTAGGTACTAAAC-1,5060.0,1927
CCGGTAGGTCGTTACT-1,2516.0,1307
CCGGTTAAGGAAGTAT-1,2432.0,1369
CCGGTTAAGGCCTAAT-1,9531.0,3523
CCGGTTAAGTCAGGCC-1,5644.0,2274
CCGGTTAAGTTTGGTA-1,2058.0,1167
CCGTTACTCATCCTGC-1,5558.0,2278
CCGTTACTCTAGCGAT-1,2559.0,1400
CCGTTATGTGCTTAGA-1,1125.0,852
CCGTTGCGTTAGAGCC-1,5240.0,2063
CCGTTGCGTTTGTCTA-1,3164.0,1598
CCGTTTGGTCCTTAGT-1,7305.0,2861
CCGTTTGGTGCTTTAC-1,3453.0,1627
CCTAAAGGTACGGGTT-1,3544.0,1830
CCTAAGCCAGTAGGTG-1,3582.0,1484
CCTAAGCCATAAGTTC-1,4703.0,2161
CCTAAGCCATTGTGCA-1,2918.0,1521
CCTAAGGTCCTGGCTT-1,3109.0,1388
CCTAATCGTGTAACCA-1,8500.0,3117
CCTAATCGTTAGGCTA-1,3135.0,1395
CCTACTGGTCAAGTGC-1,3860.0,1863
CCTACTGGTTAATGCG-1,4859.0,2353
CCTACTTCACAAGCCT-1,3210.0,1646
CCTACTTCACAGAAAC-1,7152.0,2941
CCTACTTCAGGAACCA-1,5966.0,2391
CCTACTTCATAAGCAA-1,2491.0,1355
CCTAGTTGTGGGAACA-1,3678.0,1741
CCTATAGCAATTAGCT-1,5964.0,2495
CCTATATTCCTCACAC-1,1019.0,781
CCTATATTCTAACCAA-1,3910.0,1860
CCTATTGTCCCTCAAC-1,5004.0,2161
CCTATTTAGCTTCTCA-1,2709.0,1446
CCTATTTAGTTACTTC-1,11238.0,3702
CCTCAAACATCGTTCT-1,3651.0,1806
CCTCAATGTTGGATAT-1,2564.0,1429
CCTCAGTTCCGGAACC-1,3367.0,1664
CCTCCTCTCGTGCTAG-1,4620.0,1988
CCTCCTGAGGCGAATA-1,7538.0,3082
CCTCCTGAGTTCCTCA-1,3059.0,1710
CCTCCTGAGTTGGCCA-1,3305.0,1680
CCTGAATAGGGTGAAC-1,6818.0,2752
CCTGACTTCCAGGTCA-1,7936.0,2987
CCTGAGTCAGGCCAAA-1,4846.0,2034
CCTGATGAGGGACGCA-1,4090.0,1913
CCTGCTCCAGTTATCG-1,4076.0,1950
CCTGCTCCATAGCGGA-1,4639.0,2095
CCTGGATCACAACCTA-1,1629.0,956
CCTGGATCAGTAGGTG-1,3438.0,1513
CCTGGATCAGTTTACG-1,3884.0,1594
CCTGTAACAATTAACC-1,3931.0,1915
CCTGTAACAGGTTAAA-1,4265.0,1794
CCTGTTGGTCACAGCG-1,3291.0,1633
CCTTAACGTGTTGCTT-1,4576.0,2238
CCTTAACGTTACAACG-1,12335.0,3819
CCTTAGTGTCACTCGC-1,7074.0,2963
CCTTAGTGTCCTAGTT-1,4511.0,1956
CCTTAGTGTCTATCGT-1,3419.0,1703
CCTTAGTGTGTGTCCC-1,3697.0,1649
CCTTATGTCACACAGT-1,4218.0,2024
CCTTCGGTCACAGACT-1,7481.0,3038
CCTTCGTAGCTTACTT-1,5842.0,2422
CCTTGCGTCACAGGAA-1,1614.0,977
CCTTTAGTCGATTATG-1,2780.0,1489
CCTTTAGTCTAGCTAA-1,3965.0,1938
CCTTTAGTCTGTTCAT-1,5318.0,2249
CGAAATGAGGGCCATC-1,5407.0,2365
CGAAATGAGGTTAGCT-1,4900.0,2178
CGAAATGAGTGAACCT-1,4736.0,2036
CGAACAAAGGAACACA-1,3670.0,1542
CGAACAAAGTCATTTC-1,3500.0,1579
CGAAGCCTCAAAGGCA-1,2954.0,1643
CGAAGGCCAACCTAAT-1,4678.0,2154
CGAATATGTGTGAGGA-1,8804.0,3100
CGAATATGTTCATTTG-1,9872.0,3585
CGAATCTAGGACCAGG-1,6625.0,2704
CGAATCTAGGATGATG-1,2395.0,1365
CGACAAGCATAATGTC-1,2693.0,1441
CGACAAGCATTAAGTC-1,3004.0,1429
CGAGCGAAGAGAGGCT-1,2387.0,1213
CGAGCGAAGTACCGCA-1,2604.0,1266
CGAGCTGGTAACCACA-1,3442.0,1595
CGAGGCAAGTCACCAG-1,3288.0,1664
CGAGGTGAGGTCAAAG-1,7337.0,2799
CGAGGTGAGTCACTAA-1,2100.0,1082
CGAGTCGGTATTCGCT-1,7737.0,3078
CGAGTCGGTGGCTTCC-1,2080.0,1159
CGATGTCCAAAGCGCA-1,2951.0,1558
CGATGTCCAACTAGCC-1,5455.0,2143
CGATGTCCAAGCTACC-1,4106.0,1835
CGATGTCCAATTAGCT-1,3182.0,1642
CGATGTCCAGGCTTGT-1,3402.0,1773
CGATGTCCAGGTTAAA-1,4989.0,2174
CGATTCCTCAGCACCA-1,10018.0,3554
CGATTCCTCTTGATGA-1,7634.0,3095
CGATTTGCATAGACTT-1,3605.0,1755
CGCAAATTCTAATCCT-1,2791.0,1483
CGCAATAGTGCCTCAC-1,3698.0,1795
CGCAATCCAATATACC-1,4890.0,2067
CGCAATGTCCCATAGG-1,4157.0,1475
CGCAATTAGCTTAGCG-1,3355.0,1746
CGCACAATCCCTCAGT-1,9291.0,3573
CGCACCACACCTGGTG-1,5557.0,2675
CGCACCACATCGTTCT-1,3543.0,1770
CGCATATAGTTATGTG-1,3306.0,1687
CGCATGATCCCTGGTT-1,3610.0,1715
CGCATGATCGTTATCT-1,10261.0,3469
CGCATGATCTTAGTGA-1,3615.0,1820
CGCATTACAGCCAGAA-1,5116.0,2287
CGCATTACAGGTCCTG-1,3765.0,1832
CGCATTACAGTTGCGT-1,3726.0,1856
CGCATTACATCTAGCA-1,3456.0,1775
CGCATTACATTGTGAT-1,3405.0,1635
CGCCAAATCATGACCG-1,3579.0,1791
CGCCACACAACTAGAA-1,3686.0,1703
CGCCACACACAATGTT-1,3869.0,1417
CGCCTGTGTGCTAGAC-1,3296.0,1639
CGCCTGTGTGGTTCTT-1,12272.0,3975
CGCGATTCAGGCTTGT-1,3135.0,1601
CGCGGATTCGTTTCGC-1,4110.0,2102
CGCTAACCAATTGCGC-1,5099.0,2214
CGCTAACCATAACGGG-1,3867.0,1887
CGCTAACCATAATGTC-1,5989.0,2377
CGCTAATAGCGCTAAT-1,2326.0,1237
CGCTAATAGTGAGGTA-1,5478.0,2100
CGCTAATAGTTTGCGG-1,98.0,64
CGCTACTTCGTTACAA-1,3057.0,1527
CGCTACTTCTAAGTCA-1,3997.0,1857
CGCTCAGCACAAAGCG-1,3376.0,1664
CGCTCAGCATAAGCAA-1,6619.0,2585
CGCTCCATCACCGGTA-1,3314.0,1738
CGCTGTGCAATCGCAC-1,5129.0,2315
CGCTTAACACTTGTTC-1,10449.0,3628
CGCTTACTCCTGAGTG-1,5700.0,2340
CGCTTCTAGGCTATGT-1,1793.0,1096
CGCTTCTAGTCATTGA-1,4551.0,2056
CGGAATCGTGAGCAAG-1,2526.0,1411
CGGACAACACCCTCAC-1,11070.0,3436
CGGACCTAGCTAATTG-1,3171.0,1663
CGGACCTAGCTTACTT-1,3204.0,1669
CGGACCTAGGATGATG-1,7012.0,3048
CGGAGCAAGAGAGCCG-1,2998.0,1460
CGGATAAAGCCATCAG-1,2660.0,1461
CGGATAAAGTTGGATC-1,8909.0,3182
CGGATTAGTTGTTGCT-1,2992.0,1373
CGGATTAGTTTCCTCC-1,6167.0,2606
CGGCAATGTCCACAAA-1,3484.0,1666
CGGCAATGTGTGCAAC-1,2792.0,1438
CGGCCATAGGCAGGTG-1,3333.0,1651
CGGCTCACATGAATCT-1,3573.0,1691
CGGGACAAGACAGGTA-1,4499.0,1983
CGGGACAAGCCTAACG-1,2098.0,1178
CGGGACAAGCTCGCTT-1,3873.0,1661
CGGGCTTAGCGATAAG-1,5550.0,2431
CGGGCTTAGCTCATAA-1,2871.0,1600
CGGGCTTAGTAGCGGG-1,3071.0,1594
CGGGTATGTATTCGCT-1,3954.0,1927
CGGGTATGTCTTTGAC-1,5367.0,2149
CGGGTATGTTACTTCA-1,1432.0,869
CGGGTCTAGCAACATC-1,2018.0,1078
CGGGTCTAGGCAAGTA-1,4874.0,2213
CGGGTCTAGGTCTTGG-1,2521.0,1390
CGGTAACGTGATTTGG-1,2376.0,1351
CGGTAACGTTCCTCCT-1,5140.0,2300
CGGTAACGTTTAGCGA-1,6774.0,2746
CGGTGAACAAGTTATC-1,3660.0,1745
CGGTGAACACCGGTAT-1,5686.0,2468
CGGTGAGAGCGAAGTA-1,5946.0,2538
CGGTGAGAGCTAAAGG-1,5863.0,2407
CGGTTATAGGACAACA-1,5306.0,2187
CGGTTCCGTATTGCAG-1,4718.0,2182
CGGTTCCGTGCTTACT-1,3132.0,1621
CGGTTGGGTCACCAAA-1,3931.0,1940
CGGTTTCTCCTAATAG-1,3556.0,1712
CGGTTTGAGCATCCAG-1,3412.0,1645
CGGTTTGAGGCTCATG-1,3434.0,1662
CGTAACCCAAGGAATC-1,3577.0,1576
CGTAACCCAAGGTGCA-1,6057.0,2381
CGTAACCCAAGTAAGC-1,2460.0,1301
CGTAATGGTCCGTAGG-1,3089.0,1533
CGTAATGGTCTCACTG-1,6213.0,2445
CGTAATGGTGGTTAGC-1,4661.0,1851
CGTACGGGTAGTAAGA-1,2817.0,1383
CGTACGGGTTCCGCAC-1,4304.0,1761
CGTAGCGGTAATGGAA-1,2848.0,1422
CGTATTGCACTGACCG-1,7265.0,2759
CGTATTGCAGGCGATA-1,5509.0,2444
CGTCAATAGTCCTTCA-1,8841.0,3310
CGTGCACAGTCCTGAG-1,3755.0,1958
CGTGCTGCAACACCTA-1,2477.0,1444
CGTGCTGCAACGTGCT-1,6574.0,2599
CGTGCTGCAAGCCACT-1,4246.0,1651
CGTGCTGCAGGATTAA-1,1884.0,1167
CGTGCTGCATCCGTAA-1,3977.0,1774
CGTGCTGCATGTGGGA-1,1839.0,1085
CGTGCTTTCCACAATA-1,1940.0,1007
CGTGCTTTCGGTAACT-1,4754.0,2242
CGTTAAATCACAGACT-1,12047.0,3884
CGTTAAATCCACCTGT-1,2914.0,1586
CGTTAACAGCTTAGCG-1,3145.0,1497
CGTTAGGTCATTAGTG-1,10105.0,3442
CGTTAGGTCCCTCGCA-1,4490.0,1947
CGTTAGTAGGCCCAGT-1,3264.0,1738
CGTTGCGCAAGTCGCT-1,3426.0,1630
CGTTTCTCAGCTAACC-1,6986.0,2956
CGTTTCTCATACTCCT-1,4675.0,2120
CGTTTGGAGTCATCCC-1,1127.0,871
CGTTTGTGTCAATGTG-1,12731.0,3836
CGTTTGTGTTTGCAGA-1,3433.0,1654
CTAAAGCTCAATGAGG-1,2930.0,1646
CTAAAGCTCCTCCCTC-1,5217.0,2234
CTAAAGCTCGGTTAGT-1,7788.0,2971
CTAAATGTCAATCATG-1,3055.0,1530
CTAAATGTCTATTGTC-1,3925.0,1720
CTAACCACACAAAGCG-1,434.0,77
CTAACCACAGCTTAAT-1,3229.0,1621
CTAACCTGTTCCGCAC-1,6566.0,2728
CTAACCTGTTGGTGAC-1,3201.0,1633
CTAAGGTTCCCATAGG-1,488.0,391
CTAAGGTTCCTGCGAA-1,4997.0,2168
CTAAGGTTCGGCCATA-1,3052.0,1516
CTAAGGTTCTATTGTC-1,2896.0,1553
CTAAGTCAGGCTTAAC-1,4147.0,1884
CTAAGTCAGGTCATTA-1,3119.0,1495
CTAAGTCAGTCTATGA-1,4996.0,1877
CTAATCCGTCATAGAT-1,3223.0,1527
CTAATCCGTCGTAATG-1,3576.0,1791
CTAATCGCAGCTAACC-1,5777.0,2491
CTAATCTTCGTTAAGC-1,3172.0,1533
CTAATGTCAAGGTAAC-1,3161.0,1701
CTAATGTCAGTGAACG-1,3842.0,1945
CTAATTGAGCTTTGGG-1,2186.0,1234
CTAATTGAGTATGTGC-1,3891.0,1917
CTACCTCAGGTAAGGC-1,5132.0,2466
CTACGAAGTGTGAGAG-1,3036.0,1489
CTACTTAGTTATTGCC-1,2250.0,1210
CTACTTAGTTTATGGG-1,8727.0,3538
CTAGCTGAGTTTGGGT-1,4833.0,1983
CTAGCTTGTATTTGGG-1,4466.0,1934
CTAGCTTGTCTTGCTG-1,4434.0,2031
CTAGCTTGTTGAGGTC-1,705.0,444
CTAGGACGTCATCATC-1,3708.0,1748
CTAGGCGGTTACCGGG-1,3947.0,1894
CTAGTAATCAATACGC-1,3694.0,1800
CTAGTAATCGGTTAGT-1,4890.0,2075
CTAGTAATCGTTTCGC-1,616.0,478
CTAGTAGGTCAGGAAG-1,1700.0,930
CTAGTCGAGCAAGATG-1,5405.0,2333
CTAGTGAGTCCACAAA-1,7795.0,2984
CTAGTGAGTGATGATT-1,7942.0,3027
CTAGTGAGTTTGTGGA-1,2231.0,1187
CTAGTTGCAAACTGTT-1,3544.0,1849
CTATGATCAGTAGGTG-1,3591.0,1833
CTATGGCCAGATTCAT-1,1287.0,946
CTATTCAGTCGTAATG-1,3536.0,1703
CTATTGAAGTCACTAA-1,4085.0,1990
CTATTGAAGTTATGTG-1,5063.0,1878
CTCAATAAGCATTATG-1,3771.0,1799
CTCACAACATTATGAC-1,3213.0,1649
CTCACTCAGCGAGCGA-1,4046.0,1800
CTCACTCAGTAGGCGG-1,3662.0,1669
CTCAGGATCAGGTCCA-1,2069.0,1183
CTCAGGATCGAGGTGG-1,4154.0,1944
CTCATGACAAATTGCT-1,6932.0,2771
CTCATTAGTCGACTAA-1,4392.0,1832
CTCATTAGTGGGTACT-1,1725.0,982
CTCATTTAGCCTGAGC-1,1504.0,843
CTCCAAACAATAGTCT-1,5518.0,2513
CTCCAAACATTGTGAT-1,2749.0,1484
CTCCCTGAGCGAAGTA-1,2462.0,1472
CTCCCTGAGGCGGATG-1,2943.0,1550
CTCCGGACACAACCTA-1,3359.0,1645
CTCCGTCCAAACCCTA-1,2773.0,1408
CTCCGTCCAATTAGCT-1,6488.0,2567
CTCCGTCCAGTGAACG-1,3432.0,1868
CTCCTAATCGAGGAGT-1,4952.0,2163
CTCCTAATCTAAGTGC-1,5920.0,2435
CTCCTCACACATACTG-1,9572.0,3313
CTCCTGAGTGTTCCCA-1,4457.0,1945
CTCGACAAGACTCGCA-1,1218.0,725
CTCGACAAGATGGACA-1,6067.0,2656
CTCGCTAGTACAATGT-1,4568.0,1842
CTCGCTCCACCAGCAT-1,4171.0,1979
CTCGCTCCATCGCTTT-1,2138.0,1202
CTCGTTATCAAATCGC-1,3383.0,1684
CTCTAGCTCAATGTGC-1,3917.0,2137
CTCTATGTCAACAAGG-1,1803.0,994
CTCTATGTCGCAACAT-1,5912.0,2400
CTCTATGTCGTGCTTC-1,3328.0,1508
CTCTCACAGTTAGAGG-1,3637.0,1767
CTCTGTTCAGGCTTGT-1,1928.0,1075
CTCTGTTCATTCCTCG-1,6056.0,2530
CTCTTGATCCCGTTGT-1,3578.0,1702
CTGAATATCCTCAGTC-1,2470.0,1353
CTGAATATCGGCTAGC-1,5113.0,2319
CTGAATATCTATCGCC-1,2874.0,1308
CTGACCAAGGTGCGGA-1,4693.0,2154
CTGACCAAGTGCTGTG-1,3535.0,1841
CTGATCACAACCCTCC-1,5736.0,2543
CTGCAATAGGCATGAA-1,2636.0,1436
CTGCTACTCAGAAACG-1,3871.0,1770
CTGCTCCCAGGGAGCT-1,4807.0,2240
CTGGACCAGACAGGCG-1,4689.0,2130
CTGGACCAGCATGGTT-1,7754.0,3129
CTGGCTAAGAAAGGAA-1,1118.0,585
CTGGCTAAGCGCAATT-1,2186.0,1245
CTGGCTAAGCTATATG-1,6411.0,2507
CTGGCTTTCAGAAACG-1,2451.0,1292
CTGGTAAGTCAATAGT-1,3089.0,1604
CTGGTAAGTGCTTACT-1,2150.0,1146
CTGGTCAAGAGGAAGG-1,2184.0,1261
CTGGTCAAGGCACAGG-1,4796.0,2050
CTGGTTACAACTAGCC-1,5173.0,2327
CTGGTTACAAGGTGGC-1,2847.0,1459
CTGTACCTCTCGCCCA-1,3085.0,1670
CTGTATTTCACAAGCT-1,3446.0,1652
CTGTATTTCTTGGATA-1,4490.0,1753
CTGTGTGAGCGCCTAA-1,6241.0,2483
CTGTGTGAGCTTTGGG-1,5295.0,2190
CTGTTAAAGGAAACTG-1,3824.0,1726
CTGTTCATCAGTTCCC-1,5319.0,2349
CTGTTGGAGCATGTTA-1,3727.0,1761
CTGTTGGAGCCGCAGT-1,3051.0,1640
CTGTTGGAGCTCGCTT-1,2498.0,1381
CTGTTGGAGGCTACAT-1,3988.0,1789
CTTAACAAGGAACACA-1,428.0,297
CTTAAGGGTTCCTGTG-1,10629.0,3577
CTTAAGGGTTGGTTCT-1,7522.0,3199
CTTAATGAGAGGAAGG-1,7522.0,3002
CTTACCGGTAAGCTCA-1,3048.0,1549
CTTACTAGTCATGCAA-1,9382.0,3468
CTTACTAGTTCCGGGA-1,4608.0,2108
CTTAGGAGTTACAAAC-1,3812.0,2010
CTTAGTTTCGATTTAG-1,3880.0,1903
CTTATTGGTCGACTAA-1,4604.0,1964
CTTCAATTCAGCATTA-1,6385.0,2705
CTTCACTCACACTAAT-1,3030.0,1686
CTTCATCCAACAGGTG-1,3697.0,1887
CTTCATCCATCACAGC-1,5568.0,2260
CTTCGCGTCAGCAAGA-1,2658.0,1343
CTTCGCGTCATGCGTG-1,1850.0,1003
CTTCGCGTCCGTTATT-1,4160.0,2010
CTTCTAAGTTGTTGGA-1,7541.0,2981
CTTCTCAAGGAGGACT-1,2481.0,1265
CTTCTCAAGGATCACT-1,2446.0,1333
CTTGAACAGCCACAAT-1,4427.0,1906
CTTGAACAGCTAAGTC-1,3444.0,1781
CTTGAACAGCTGTACG-1,4752.0,2247
CTTGAACAGGCAGGTG-1,2067.0,1054
CTTGAATCATTCCTCG-1,5471.0,2130
CTTGACGAGGTAAGCA-1,4911.0,2118
CTTGACGAGTCACTCC-1,2866.0,1580
CTTGCAACACAACAGG-1,2963.0,1374
CTTGCAACACAGACTC-1,5168.0,2104
CTTGCATGTAGGTTGC-1,4180.0,2059
CTTGCATGTCAAGTGC-1,7705.0,2930
CTTGCGCGTCCGGTTC-1,812.0,626
CTTGCGCGTTAACGGC-1,2519.0,1414
CTTGCGCGTTCCTCCT-1,7332.0,2739
CTTGCTCAGGACACTT-1,2758.0,1420
CTTGGACCAAACTGCC-1,4033.0,1985
CTTGGACCACCAACCG-1,4498.0,2175
CTTGTAAAGAGAGGAG-1,6957.0,2873
CTTGTAAAGCGAGGTG-1,2813.0,1519
CTTGTCCAGACAAGTG-1,3548.0,1902
CTTGTTCCAAGGTGGC-1,2273.0,1203
CTTGTTCCACAGCCAT-1,11203.0,3742
CTTTAGGCAAGGCCAA-1,3952.0,1946
CTTTAGGCACAGGGAC-1,2746.0,1400
CTTTAGTTCATGCATA-1,4374.0,1875
CTTTAGTTCATTTGTC-1,3090.0,1509
CTTTATCAGACAGGCG-1,3209.0,1642
CTTTATCAGAGGAAGG-1,5866.0,2294
CTTTATCAGGGATTAG-1,2614.0,1397
CTTTATGGTAAGCACC-1,4185.0,1806
CTTTATGGTGCATCGG-1,8973.0,3245
CTTTATGGTTGTCCAT-1,4540.0,1956
CTTTATGGTTTCGCCA-1,3749.0,1859
CTTTCTTGTACCGTTT-1,9500.0,3451
CTTTCTTGTCCAAATG-1,7561.0,3118
CTTTGAGCAAGTCGCT-1,3948.0,1890
CTTTGAGCACCTCGCT-1,10291.0,3459
CTTTGGTGTACCTTAC-1,3823.0,1892
CTTTGGTGTCGCATAA-1,5384.0,2143
CTTTGGTGTCGTTATC-1,3873.0,2029
CTTTGTCCAAGCCAGA-1,5026.0,2199
GAAACCCGTATTTGGG-1,3797.0,1757
GAAACCCGTGACCTGG-1,2035.0,1173
GAAACTGAGCTAGAAG-1,6416.0,2802
GAACACAAGGATCACT-1,793.0,600
GAACCGCTCAGCATTA-1,24507.0,4417
GAACCTGTCATGTGGT-1,2601.0,1428
GAACCTGTCCAAGTTA-1,4960.0,1885
GAACGAATCATTGCGG-1,2425.0,1205
GAAGCTAAGGACCGCT-1,3291.0,1624
GAAGCTAAGTCTGGGC-1,6745.0,2743
GAAGCTAAGTTAGAGG-1,3477.0,1730
GAAGGAACAGAAATTG-1,3096.0,1497
GAAGGATGTCTTGCAT-1,6542.0,2719
GAAGGATGTTCCATTA-1,2026.0,1230
GAAGGCTAGAACAAGT-1,3701.0,1794
GAAGGCTAGGCAATAG-1,4189.0,1933
GAAGGCTAGTGAGCAA-1,2486.0,1294
GAAGTAAGTCGTAATG-1,4872.0,2131
GAAGTAAGTCTTTGAC-1,637.0,498
GAAGTATAGGAAACTG-1,3068.0,1605
GAAGTCAAGACCATAC-1,2901.0,1594
GAATTTGTCACAGCCA-1,4841.0,2065
GACAATACAGCAAGAT-1,9405.0,3440
GACAATACAGGTTAAA-1,6273.0,2560
GACAATACATACCCGG-1,2294.0,1213
GACACCGGTGGGTACT-1,467.0,374
GACATAGAGGCATTGT-1,2850.0,1429
GACATTATCACGCCAA-1,5492.0,2277
GACATTATCCATAATG-1,5611.0,2302
GACATTATCTCTAGCC-1,4850.0,2177
GACCGAACAACTCGCG-1,2980.0,1512
GACCGAACAGAAACGT-1,2005.0,1160
GACCGAACAGCCAGTT-1,4137.0,1837
GACCGAACATGTTGGC-1,3411.0,1775
GACCTAAGTTTGTTGC-1,3489.0,1712
GACCTAGTCCTGATGG-1,2096.0,1171
GACCTCAAGGGACTAA-1,7342.0,2914
GACCTGATCATCCTCA-1,12573.0,4015
GACCTGCAGCGGATAA-1,4720.0,2218
GACCTGCAGGAACCAA-1,2819.0,1457
GACCTTTGTTTCCACG-1,7518.0,2812
GACGCAACAATGCGCT-1,1825.0,1069
GACGCAACAATTAACC-1,3945.0,1544
GACTAATGTTATTGCC-1,4171.0,1955
GACTATTCACGTAATT-1,7850.0,2925
GACTATTCAGTGAACG-1,3142.0,1781
GACTCACCACCACAAC-1,5969.0,2503
GACTCACCATTAAGTC-1,2374.0,1367
GACTTACAGCTACTGG-1,4806.0,2087
GACTTACAGTGGCGGA-1,10312.0,3459
GACTTAGGTACTTCAC-1,7933.0,3085
GACTTAGGTGCTTACT-1,4286.0,2099
GACTTAGGTTGTTGTC-1,4856.0,2269
GACTTAGGTTTAAAGC-1,3931.0,1800
GACTTGGTCATTAGGC-1,2770.0,1449
GACTTGGTCCTGAGTG-1,4270.0,1817
GAGAAACGTAGCCTAA-1,2920.0,1473
GAGATAAGTTCACCCA-1,5341.0,2500
GAGCAAATCATTGCAA-1,5246.0,1993
GAGCAAGGTAGACAAA-1,6913.0,2852
GAGCAAGGTTGTTCAC-1,3376.0,1596
GAGCATGCAGATAGAC-1,3592.0,1767
GAGCCACTCCTTGCGT-1,5095.0,2184
GAGCCACTCGCAACAT-1,3661.0,1856
GAGCCTTCAATGCCCG-1,1193.0,622
GAGCCTTCAGCCTGCA-1,4658.0,2048
GAGCCTTCATTGTCCT-1,2446.0,1361
GAGCGAAGTGACATAT-1,3585.0,1410
GAGCGAAGTGTTGTGA-1,3040.0,1529
GAGCGATAGTTATGGC-1,5101.0,2200
GAGCGGTCAAGGGTTG-1,4247.0,1882
GAGCGGTCAATCCTAG-1,2438.0,1284
GAGCGGTCACCCTCAC-1,2250.0,1173
GAGCTAGCACACCAAC-1,2556.0,1445
GAGCTAGCAGCTCATA-1,3522.0,1752
GAGCTGCTCACGCCAA-1,2695.0,1516
GAGCTGCTCATAACTG-1,4309.0,2106
GAGCTGCTCATGCCTC-1,3034.0,1552
GAGCTGCTCCATAAGC-1,2674.0,1361
GAGCTGCTCCTGTTCA-1,2359.0,1377
GAGCTTGTCACATTGA-1,1712.0,895
GAGCTTGTCACGCGGT-1,1612.0,1021
GAGCTTGTCCCTGGTT-1,3244.0,1720
GAGCTTGTCCTCCTAA-1,5521.0,2342
GAGCTTGTCCTGAATA-1,3460.0,1725
GAGCTTGTCGAGCAAA-1,3794.0,1942
GAGGACTAGCTAAAGG-1,2929.0,1537
GAGGAGGCATGCTATG-1,2824.0,1521
GAGGCTTGTATTGAGT-1,3397.0,1635
GAGGGAGCAAGGGTTG-1,2002.0,959
GAGGGAGCAGCATGTC-1,4115.0,1691
GAGGGAGCATTATGGT-1,5842.0,2686
GAGGTACAGGACCGCT-1,3302.0,1695
GAGGTAGGTAGGTTAT-1,3424.0,1693
GAGGTGAGTAAGCACC-1,2825.0,1655
GAGGTGAGTAGCCTAA-1,9059.0,3245
GAGGTGAGTAGGTTAT-1,5080.0,2283
GAGGTGAGTGTGTGGT-1,3526.0,1711
GAGGTGAGTGTTTCAC-1,3029.0,1542
GAGGTTAAGAGGAGTC-1,2586.0,1364
GAGTAACCAGATAGAC-1,4867.0,2108
GAGTAACCATGAGCAG-1,4920.0,2276
GAGTCAAAGCGGATAA-1,2090.0,1128
GAGTGATCAATAACGA-1,399.0,228
GAGTGATCAATGCCTA-1,3612.0,1692
GAGTTACTCGCACAAT-1,2863.0,1526
GAGTTACTCTTGCTAT-1,3535.0,1528
GAGTTGCGTGAGAAAC-1,6376.0,2808
GAGTTGCGTGTCCTGC-1,3965.0,1737
GATAAAGGTTTATGGG-1,5022.0,2244
GATAACGAGCTTAGCG-1,2926.0,1545
GATAACGAGTCAATTG-1,5541.0,2487
GATAACGAGTTAGCTA-1,3624.0,1750
GATAAGCCAAGACTCC-1,3914.0,1903
GATAAGCCAATGCGCT-1,3908.0,2001
GATAATCGTACAAAGA-1,3523.0,1793
GATAGACCACTCAACA-1,5020.0,2182
GATAGACCACTTCATC-1,1841.0,1117
GATCAAGAGCTTACTT-1,3667.0,1528
GATCACTAGGACCTCA-1,2500.0,1392
GATCAGGCAAGTTATC-1,1920.0,1018
GATCAGTTCAATCATG-1,3771.0,1800
GATCAGTTCGGTCAAT-1,4065.0,1949
GATCAGTTCTCTAGCC-1,3441.0,1607
GATCCGTCAGTTAAAG-1,4565.0,1885
GATCGAGCAATTTAGC-1,3575.0,1657
GATCGCTCATTAGCCA-1,6149.0,2071
GATGCAGCAAGGATTA-1,2923.0,1694
GATGCAGCACGTTACA-1,3782.0,1896
GATGCATTCCTGATTT-1,5575.0,2188
GATGCTTAGGAGCACG-1,3389.0,1599
GATGGCTGTACGATTG-1,3427.0,1738
GATGGCTGTAGCTGGT-1,2965.0,1270
GATGGCTGTCCGCTGT-1,5879.0,2402
GATGGCTGTGCTAGAC-1,4093.0,1875
GATTAAGCAATGAATG-1,3083.0,1489
GATTAAGCATATAACC-1,2182.0,933
GATTACGGTTGGATCA-1,3175.0,1699
GATTACTCAATATGGA-1,4417.0,2087
GATTACTCAATTGAAG-1,4017.0,1809
GATTACTCAGGAACTG-1,4271.0,1890
GATTACTCAGTTAAAG-1,3478.0,1870
GATTAGCTCCTTAATC-1,11217.0,4113
GATTAGCTCTAAGTGC-1,4244.0,1980
GATTATGTCAAACACC-1,4444.0,2087
GATTATGTCAGCACCA-1,4131.0,1991
GATTATGTCCTAGTCC-1,4900.0,2211
GATTATGTCCTCACTA-1,3789.0,1730
GATTATGTCCTGAGTG-1,2900.0,1456
GATTATGTCGGCCAGT-1,6861.0,2862
GATTCAATCGCTTCTA-1,3265.0,1679
GATTCAATCTGTAATG-1,4656.0,2062
GATTCATCAATTTAGC-1,2550.0,1394
GATTCATCAGCAAGTG-1,4168.0,2174
GATTCATCATAATCGT-1,3052.0,1570
GATTCCTGTTATCCTA-1,2605.0,1200
GATTGATGTGCGCATG-1,1578.0,905
GATTGCAGTGAGGTGA-1,3291.0,1658
GATTGGCGTACCAGGT-1,3231.0,1640
GATTGGCGTGTTAGCA-1,3638.0,1759
GATTGGTTCATGCTCC-1,3019.0,1541
GATTGGTTCCATCAGG-1,5460.0,2277
GATTGGTTCCCGAAGC-1,3358.0,1628
GATTGTTCAGGCATGA-1,5593.0,2175
GATTGTTCATTGCGTA-1,4157.0,1874
GCAAACAAGCAAACCT-1,3992.0,1866
GCAAACAAGGCGTAAA-1,4328.0,1985
GCAAACAAGGCTACAT-1,4364.0,1964
GCAAACTTCACTCAAA-1,7615.0,2925
GCAAACTTCAGGATGA-1,3880.0,1714
GCAACAGCAGCATGTC-1,2255.0,1287
GCAAGCCTCTAATCAG-1,5966.0,2507
GCAAGCCTCTCGCCTG-1,3022.0,1633
GCAAGCCTCTGTAAGC-1,2823.0,1521
GCAAGTGCAAAGGCCA-1,3239.0,1617
GCAAGTGCAGGAACTG-1,5597.0,2092
GCAATAGAGATTGAGG-1,4508.0,2139
GCAATATGTAGGTTGC-1,6332.0,2639
GCAATATGTCTTGCTG-1,6732.0,2686
GCAATATGTGATGAGG-1,4940.0,2103
GCAATATGTTGGCGTG-1,1998.0,1063
GCAATCTAGGAAACTG-1,5392.0,1892
GCAATCTAGTCGCTAG-1,9959.0,3870
GCAATCTAGTGTGATC-1,3728.0,1762
GCAATCTAGTTAGGCT-1,4017.0,1844
GCAATGAAGTAGCGGG-1,2501.0,1474
GCAATGTTCATGACCG-1,7942.0,3186
GCAATGTTCCTGGTCT-1,3252.0,1669
GCAATGTTCGCTATAA-1,4112.0,1932
GCACCTAAGGTGAAAT-1,3999.0,1866
GCACGAACAGACAAAC-1,4524.0,1774
GCACGAACAGGAACCA-1,2333.0,1251
GCACGCTAGGAAACTG-1,6667.0,2771
GCACGGTTCCTTAAGA-1,4139.0,1813
GCACTAAGTAACCAGC-1,2935.0,1502
GCACTAAGTTCATCTA-1,3297.0,1591
GCACTTACAGCAGGTA-1,2753.0,1478
GCAGCTATCTGTTGCC-1,5770.0,2375
GCAGGAAGTCCCGAAG-1,2717.0,1476
GCAGGATAGAAAGGAA-1,3933.0,1590
GCAGGATAGTTAGGCT-1,2217.0,1249
GCAGGCAAGCAGGTTT-1,5915.0,2528
GCAGGCAAGGACCTGC-1,4988.0,1928
GCAGGCTTCCCTCAAC-1,4503.0,2161
GCAGGCTTCTTAAGTG-1,3133.0,1717
GCAGGTGAGGAATAAC-1,2750.0,1462
GCAGGTTGTGACATGC-1,9385.0,3342
GCATATATCGCTAGTG-1,5900.0,2634
GCATGAAAGCGAGGTG-1,2518.0,1327
GCATGAAAGCGCCTTT-1,4628.0,1934
GCATGAAAGGCAATAG-1,4902.0,1964
GCATTAGGTATGGTGC-1,6709.0,2776
GCATTAGGTATTCGTC-1,3847.0,1795
GCATTAGGTTAGCCAA-1,3777.0,1701
GCCAACATCCGGCTAA-1,6962.0,2651
GCCAACATCTCGCCCA-1,2907.0,1527
GCCAATAGTGGTTAGC-1,5479.0,2539
GCCAATTAGGCAAGTA-1,2850.0,1416
GCCACAATCCGGTATG-1,2654.0,1455
GCCACACAGGTCCTGA-1,2015.0,1172
GCCACACAGTCAGGCC-1,4971.0,2138
GCCACTAAGGAACCGG-1,3748.0,1791
GCCAGGAAGGAACCGG-1,5807.0,2445
GCCAGGTTCCAAACAC-1,5090.0,1962
GCCAGGTTCCTAGTTT-1,3391.0,1694
GCCAGGTTCGAGGAAC-1,3826.0,1588
GCCAGGTTCGTCAAGT-1,6722.0,2785
GCCATTACAGCCTAAC-1,5307.0,2043
GCCCAAATCCTTGTTG-1,3685.0,1612
GCCCAAATCGTGCTAG-1,2339.0,1314
GCCCATAAGCCGCAGT-1,3411.0,1640
GCCCGTTGTTCGGGAT-1,3587.0,1428
GCCCTCATCCGCCTCA-1,3574.0,1712
GCCGTGAGTAGTTACG-1,11114.0,3481
GCCTAATAGTGGCGGA-1,3483.0,1757
GCCTATTGTCATTGTC-1,2846.0,1573
GCCTATTGTTATCCGT-1,4885.0,2170
GCCTCGACACGAATCC-1,5681.0,2444
GCCTCGACAGTGAACG-1,6313.0,2735
GCCTGACAGTTTCCTG-1,2679.0,1450
GCCTGTGCAGGCGAGT-1,3611.0,1798
GCCTTAACACAATGTT-1,9978.0,3468
GCCTTAACACTTAGGC-1,4884.0,1991
GCCTTAACAGCATGAG-1,2745.0,1463
GCCTTAACAGGCGAGT-1,9641.0,3405
GCCTTACTCACTAAGC-1,3082.0,1631
GCCTTACTCTTGCTAT-1,4379.0,2114
GCCTTAGAGCTGCACA-1,9026.0,3375
GCCTTAGAGTTATGGC-1,3583.0,1840
GCCTTGCGTACAAAGA-1,1610.0,966
GCCTTGCGTCATAACG-1,2860.0,1477
GCCTTGCGTCATTGTC-1,1576.0,806
GCCTTGCGTTAAGCTG-1,3087.0,1744
GCCTTGCGTTGCCTCA-1,3769.0,1956
GCCTTGCGTTTACTTG-1,3524.0,1665
GCCTTTATCATGACCG-1,5773.0,2210
GCCTTTATCTCGCCTG-1,3474.0,1705
GCCTTTGGTCAATAGT-1,393.0,343
GCGAAGCCAACAGGTG-1,4032.0,1909
GCGAAGTAGCAAGATG-1,3413.0,1753
GCGAAGTAGGGTGAAC-1,3854.0,1815
GCGAGTGAGGGATTAG-1,1743.0,959
GCGATTAGTTCCTGTG-1,4203.0,2016
GCGCAAACATAAGCAA-1,2206.0,1196
GCGCAAACATAATTGC-1,2968.0,1570
GCGCAAACATAGCTGC-1,2864.0,1526
GCGCGATTCAATCTCT-1,2871.0,1537
GCGCGATTCATAGACC-1,2966.0,1127
GCGCTAGGTCAAAGGG-1,3532.0,1729
GCGCTAGGTTCCATTA-1,10349.0,3648
GCGCTAGGTTTGCGCC-1,3320.0,1606
GCGCTTAAGCTCCCTG-1,4465.0,2069
GCGCTTGCACAAAGCG-1,2587.0,1274
GCGCTTGCATTAGCCA-1,2781.0,1389
GCGGAACCAAGCTTTG-1,5897.0,2665
GCGGAACCACAAAGGT-1,3467.0,1765
GCGGAACCAGCTCAAC-1,2213.0,1221
GCGGAACCAGTTATCG-1,3792.0,1816
GCGGAACCATCACAGC-1,4312.0,1828
GCGGATACAAGGGTTG-1,5470.0,2580
GCGGGTTTCCCTGTTA-1,4521.0,1956
GCGGTTATCACCTGTC-1,3042.0,1522
GCGGTTATCCTAATAG-1,5776.0,2334
GCGTGCTAGCCTGATG-1,2732.0,1224
GCGTTTCTCATGCTTT-1,7578.0,3061
GCTAACAGTAAATTGC-1,3833.0,1667
GCTAACAGTGGATTAT-1,4492.0,1982
GCTAACAGTGGTTCCC-1,5106.0,2269
GCTAACAGTTTAACCC-1,6358.0,2529
GCTAACCCAAGGAATC-1,3393.0,1756
GCTAACCCAGTGAACG-1,2384.0,1268
GCTAAGAAGGAAGCTA-1,3982.0,1863
GCTAAGAAGGTCCGTA-1,3175.0,1628
GCTAAGCGTTAAGCGC-1,2685.0,1349
GCTAAGTTCATTACTC-1,6119.0,2520
GCTAGCTCATAAACCT-1,3595.0,1731
GCTAGCTCATCCATCT-1,5763.0,2100
GCTAGTGTCAAACACC-1,5717.0,2188
GCTATAGGTGACCTGG-1,2702.0,1397
GCTATAGGTGATTACG-1,5308.0,2214
GCTATAGGTTTCCACG-1,9356.0,3284
GCTATAGGTTTCCGGC-1,5181.0,2127
GCTATCCTCAAATCGC-1,4529.0,1860
GCTATCCTCATCACTT-1,6290.0,2762
GCTATCCTCCGCACAA-1,2901.0,1488
GCTATTGCAACCCTAA-1,4960.0,2075
GCTCAACCATTTGCTC-1,2449.0,1341
GCTCACAAGCTCGCTT-1,4052.0,1886
GCTCACAAGGTAAGCA-1,4218.0,1881
GCTCATTGTAGTTAAC-1,2169.0,1145
GCTCCTTAGCTTTGTT-1,4621.0,2122
GCTCGATCAGTCTAAT-1,3534.0,1748
GCTCTGGCAGGATTAA-1,3389.0,1636
GCTCTGGCAGTAGGTG-1,2949.0,1568
GCTCTGTTCCATAATG-1,2963.0,1430
GCTCTGTTCTGTTGCC-1,3985.0,1866
GCTCTGTTCTTAGCGG-1,1873.0,1029
GCTGACCAGTCCTGAG-1,4929.0,2211
GCTGAGGAGCACCACA-1,3950.0,1896
GCTGAGGAGGCTTAGT-1,2927.0,1555
GCTGCACAGTCATTAG-1,3711.0,1872
GCTGCACAGTTTGCGG-1,4601.0,2144
GCTGGATGTGCATTAG-1,6566.0,2767
GCTGTAAGTAAACAAG-1,2885.0,1542
GCTGTAAGTCTATCGT-1,3330.0,1555
GCTGTACCAGTAAAGC-1,1115.0,713
GCTGTGCAGAGGAGTC-1,3012.0,1483
GCTGTGCAGCTAATCA-1,4001.0,1743
GCTGTGCAGCTGTCAG-1,2175.0,1155
GCTTAAATCCTTTACG-1,5809.0,2303
GCTTACCTCCGGTTGA-1,3537.0,1778
GCTTACCTCGAGGAAC-1,4577.0,2081
GCTTAGTAGCGAGCGA-1,2607.0,1444
GCTTAGTAGGTTTGCG-1,2625.0,1143
GCTTAGTAGTCACCTC-1,2513.0,1276
GCTTATCGTTCCGGGA-1,3101.0,1696
GCTTCGCGTCAGGCAT-1,7109.0,2838
GCTTCGCGTGATTACG-1,3402.0,1704
GCTTCGCGTGCTTACT-1,5429.0,2469
GCTTGACCAGCATGGA-1,6333.0,2634
GCTTGACCAGGATAAC-1,3887.0,1831
GCTTGACCAGGCGATA-1,2963.0,1497
GCTTGTTGTACCGAAC-1,3523.0,1755
GCTTTACGTCTAACCT-1,10198.0,3723
GCTTTACGTGGTTATG-1,2783.0,1506
GCTTTACGTTACAACG-1,6820.0,2827
GCTTTATTCGGCCAGT-1,3351.0,1662
GCTTTCATCATGCAAC-1,3759.0,1940
GCTTTGTGTCCTAATC-1,5120.0,2141
GCTTTGTGTGTAACCA-1,4040.0,2134
GCTTTGTGTTCACCCA-1,2439.0,1452
GCTTTGTGTTTCGCGC-1,2547.0,1391
GGAAACTCAAGCCAGA-1,3646.0,1722
GGAAACTCACCAAAGG-1,4688.0,2130
GGAAACTCAGGCTTCG-1,6448.0,2478
GGAAACTCAGGTTCAC-1,5739.0,2646
GGAACCACAAGGTATA-1,6273.0,2672
GGAACCACAATTGAGA-1,2202.0,1187
GGAACCACACTAGCGT-1,3184.0,1563
GGAACCACAGTAGGTG-1,3909.0,1732
GGAACCTGTAGTCAAT-1,3690.0,1628
GGAAGCTAGGCAAGTA-1,2819.0,1464
GGAAGCTAGTTTAACG-1,576.0,475
GGAATCTTCCCATAAA-1,3194.0,1794
GGACAGCCATAATGAG-1,2116.0,1248
GGACAGCCATGTTGTG-1,4273.0,1822
GGACCTCAGGAGTCTT-1,5934.0,2612
GGACCTCAGTAGAGGC-1,10241.0,3557
GGACCTCAGTTAGAGG-1,5329.0,2126
GGACCTCAGTTCCCAC-1,3878.0,1845
GGACGAAGTGCGCATG-1,2356.0,1242
GGACGAAGTGTGTCCC-1,8042.0,3066
GGACGAAGTTGAGCCG-1,4624.0,2250
GGACGGATCCTAAATG-1,9698.0,3421
GGACGGATCCTCAGTC-1,2738.0,1475
GGAGCAAGTATTGGTG-1,4770.0,2104
GGAGCATAGAGGGACT-1,5021.0,2205
GGAGGTTAGACTAAGG-1,3159.0,1584
GGAGGTTAGACTTATG-1,3498.0,1762
GGAGGTTAGGCTCATG-1,3261.0,1389
GGAGTCTGTAGCTGGT-1,3294.0,1662
GGAGTCTGTTATCCGT-1,5057.0,2335
GGATAACCAAGATTCT-1,4495.0,1994
GGATAACCAATTAGGA-1,6531.0,2668
GGATAACCACTTCACT-1,4508.0,1929
GGATGAATCATGAGCT-1,1894.0,1033
GGATGAATCGTTAACA-1,4642.0,2202
GGATGGCCACACTAAT-1,5681.0,2612
GGATTATGTAAGCTTG-1,4027.0,1919
GGATTATGTTGTTCAC-1,3693.0,1769
GGATTCAGTTACTTCA-1,2188.0,1236
GGATTGCGTGTTTCAC-1,98.0,74
GGATTTATCACCGGTA-1,2147.0,1177
GGCAAATCAAGCCAGA-1,10063.0,3433
GGCAAATCAGGATTAA-1,5140.0,2402
GGCAAATCAGGCTACT-1,2116.0,1142
GGCAAATCATAATCGT-1,4215.0,1724
GGCAAATCATTAAGTC-1,4558.0,2007
GGCAAGCCAGTTATCG-1,2691.0,1388
GGCATGGAGCACAGAA-1,6019.0,2622
GGCATGGAGCAGCTCA-1,3555.0,1721
GGCATTAGTCCCGAAG-1,3045.0,1643
GGCATTGTCACTAAGC-1,3631.0,1813
GGCCAACTCCCTGACT-1,9262.0,3370
GGCCAACTCCGCAACA-1,1636.0,1124
GGCCATCAGCGATAAG-1,2635.0,1461
GGCCGTTAGCACTAGT-1,841.0,485
GGCCTAATCACGCCAA-1,2560.0,1375
GGCCTAATCATTGTCT-1,3494.0,1747
GGCCTCTGTCACGAAC-1,5802.0,2726
GGCCTTAAGGATAAAC-1,2775.0,1400
GGCGGTAAGGTCCTAG-1,3425.0,1635
GGCGGTTTCACCTGCT-1,5465.0,2440
GGCGGTTTCCTTTACG-1,3143.0,1594
GGCGTTATCCAGGAAA-1,5148.0,2445
GGCGTTATCGAGGTGG-1,3933.0,1880
GGCTAGACAAACGGGC-1,6027.0,2676
GGCTAGACACCTAATG-1,3018.0,1535
GGCTAGTGTACGCGCA-1,3743.0,1809
GGCTAGTGTCCAAGAC-1,4558.0,2093
GGCTAGTGTTGTTCAC-1,2903.0,1512
GGCTAGTGTTTAAAGC-1,3148.0,1680
GGCTATGTCTCCTCAA-1,8801.0,3316
GGCTATTAGCAGCTCA-1,2974.0,1441
GGCTATTAGGACTTAC-1,1972.0,1134
GGCTCAATCATCCTAT-1,2704.0,1495
GGCTCAATCATGCGTG-1,5951.0,2732
GGCTCAATCGTTAACA-1,4495.0,2203
GGCTCACAGCTACTGG-1,4374.0,2061
GGCTCACAGTTGTCCC-1,3613.0,1760
GGCTCACAGTTTCCTG-1,1325.0,771
GGCTGAGAGACCATAC-1,2545.0,1489
GGCTGAGAGGTCAAAG-1,3432.0,1776
GGCTGTCAGGCTAGAA-1,3910.0,1878
GGCTTCAAGAGAAGGG-1,3986.0,1757
GGGAGTAGTGCTTACT-1,2768.0,1488
GGGATAATCCAGGTCA-1,2671.0,1378
GGGATAATCCCGTTGT-1,2883.0,1427
GGGATTAAGGCTTAGT-1,2811.0,1534
GGGATTAAGGGACGCA-1,3379.0,1496
GGGCAATAGACTCGCA-1,2919.0,1580
GGGCAATAGGGACTAA-1,2300.0,1235
GGGCATGAGACAAGTG-1,3573.0,1732
GGGCATTGTTGGTTAG-1,5303.0,2509
GGGCCTAGTAAGGTCC-1,4556.0,1954
GGGCCTAGTAGGTGTC-1,3302.0,1599
GGGCGAATCGAAGCGG-1,1612.0,824
GGGCGAATCGGGATTT-1,2545.0,1415
GGGCTAACAACCTGGT-1,3811.0,1814
GGGCTAACACCTAATG-1,3246.0,1617
GGGTATTTCAGTTCCC-1,5123.0,2114
GGGTATTTCGCTAAGT-1,2992.0,1666
GGGTATTTCGGCTATG-1,7495.0,2935
GGGTCAACACAGAAAC-1,2808.0,1452
GGGTGAAGTACTTAGG-1,3235.0,1702
GGGTGAAGTCACAAAT-1,2165.0,1323
GGGTGTTGTTACTTGC-1,3113.0,1491
GGGTGTTGTTAGCTGA-1,3780.0,1934
GGGTGTTGTTTCCACG-1,7852.0,3264
GGGTTACGTAACTACG-1,7084.0,2783
GGGTTACGTGAGGTGA-1,5126.0,2357
GGGTTACGTGATGAGG-1,2256.0,1059
GGGTTATTCCGGTTAG-1,3491.0,1662
GGGTTATTCGACAAAG-1,2525.0,1153
GGGTTTCCACAACAAA-1,3165.0,1722
GGGTTTGTCATCCTCA-1,10067.0,3671
GGTAAACCATTGTCCT-1,4434.0,2135
GGTAACCGTAATGGCC-1,2451.0,1184
GGTAACTTCACCGGTA-1,4942.0,1994
GGTAACTTCTTGAGCG-1,3150.0,1571
GGTAAGGGTGACATAT-1,4459.0,1811
GGTAATTGTTCCGGGA-1,2982.0,1601
GGTACCGGTCATTACC-1,6185.0,2773
GGTACTAGTAAGTCGC-1,6305.0,2485
GGTACTAGTATTCGCT-1,1709.0,970
GGTACTAGTATTTGCC-1,4940.0,2305
GGTACTAGTCGCAATA-1,3116.0,1515
GGTACTAGTGTTGCAA-1,6808.0,2773
GGTACTAGTTCCATTA-1,7129.0,2999
GGTAGGAGTCACTCGC-1,3150.0,1454
GGTAGGAGTGATGAGG-1,2710.0,1433
GGTAGGAGTGTTAGCA-1,2821.0,1448
GGTAGGAGTTAACAGT-1,2189.0,1227
GGTAGGAGTTCCGGCT-1,3443.0,1703
GGTATTGGTGGCTTCC-1,3756.0,1807
GGTATTTCAGGCGATA-1,2782.0,1445
GGTCAAGCAGAGGGAG-1,4920.0,2265
GGTCAAGCAGGACACA-1,1954.0,1117
GGTCAAGCAGGTTTGC-1,18932.0,3323
GGTCAATTCCTAAGAC-1,3167.0,1648
GGTCAATTCGTCCTTA-1,4791.0,2083
GGTCAGGAGCGAGTAA-1,1667.0,928
GGTCAGGAGGGTGAAC-1,2384.0,1297
GGTCATTAGGTGCGGA-1,5246.0,2397
GGTCATTAGTCGCTAG-1,3516.0,1373
GGTCATTAGTGAGAGC-1,2827.0,1541
GGTCCATCAACAGCCT-1,3681.0,1922
GGTCCGTAGGAAGCTA-1,3007.0,1591
GGTCCGTAGTGAACAG-1,4075.0,1831
GGTCGGTTCACTTTAC-1,3396.0,1485
GGTCGGTTCATCAGTA-1,2938.0,1462
GGTCTTGAGGCCGGAA-1,2992.0,1572
GGTCTTGAGGGATGCG-1,2699.0,1418
GGTCTTTGTAACGAGG-1,3353.0,1501
GGTCTTTGTTGGTGAC-1,2682.0,1443
GGTGAGGTCATTACGA-1,3224.0,1547
GGTGAGGTCGGTTTCC-1,3404.0,1854
GGTGAGTAGCGAGTAA-1,2868.0,1482
GGTGATTTCCTCATGC-1,8985.0,3261
GGTGATTTCGGTCATG-1,8000.0,2971
GGTGCTGGTCCTAATC-1,3722.0,1775
GGTGCTTCAAACCTAT-1,1938.0,1103
GGTGCTTCAAATATCC-1,3177.0,1617
GGTGCTTCACCGGCTA-1,3285.0,1724
GGTGCTTCACCGTTCC-1,9372.0,3217
GGTGCTTCATTATGCG-1,4851.0,2167
GGTGTGACACCGGTAT-1,9892.0,3587
GGTGTGACACTTCACT-1,2118.0,1062
GGTGTTGTCCTTGCAC-1,9191.0,3295
GGTGTTGTCGAAGCGG-1,5109.0,2204
GGTGTTGTCGAGGAGT-1,3676.0,1749
GGTTAATGTGGATTAT-1,7295.0,2701
GGTTACCCAACAGGTG-1,2524.0,1426
GGTTACCCAACGTGCT-1,3587.0,1797
GGTTACCCACAGCCAT-1,7309.0,2818
GGTTACCCATAGACCC-1,3551.0,1760
GGTTACTAGTCACTAA-1,7549.0,2898
GGTTAGCGTGAGACTC-1,2804.0,1534
GGTTATATCTAACCTT-1,6527.0,2885
GGTTATGGTGTCCAAA-1,3605.0,1769
GGTTATGGTTCATCTA-1,4055.0,1902
GGTTCCCGTGCTCACC-1,1133.0,717
GGTTCTTGTAGGTTTG-1,2429.0,1376
GGTTGACGTCCGTGAG-1,2372.0,1280
GGTTGAGCAATTTGGT-1,2368.0,1329
GGTTGCATCTTTGAGA-1,3341.0,1731
GGTTGCGGTCAAGTAT-1,2319.0,1128
GGTTGCGGTTGCTGGG-1,3391.0,1608
GGTTGCTCAAACAACA-1,7526.0,2976
GGTTGCTCAGGACACA-1,2267.0,1259
GGTTGGTGTCTCAGCC-1,4549.0,2140
GGTTGGTGTTTCGCGC-1,7902.0,3124
GGTTTAATCCTTAATC-1,3218.0,1735
GGTTTAATCCTTCGTA-1,3717.0,1790
GGTTTCCTCACATTGA-1,6801.0,2656
GGTTTCCTCGCACACA-1,5588.0,2438
GGTTTCTGTAAGGTCC-1,3830.0,1862
GTAAAGCCACCAAAGG-1,1567.0,946
GTAAGCAAGTGCACGC-1,2978.0,1481
GTAAGCGCAGGACCTT-1,3212.0,1621
GTAAGCTTCATTGCGG-1,683.0,211
GTAAGGTCAAGGGTTG-1,3472.0,1652
GTAAGGTCAATTAGGA-1,3058.0,1641
GTAATAGCAAATATCC-1,5299.0,2118
GTAATAGCAACTGGCT-1,5653.0,2516
GTAATAGCAGGAAGCC-1,2978.0,1596
GTACACCCAGTCTATG-1,3258.0,1764
GTACCTTGTATTGTCC-1,3304.0,1538
GTACTAGGTATCTGGA-1,3878.0,1887
GTACTAGGTGCTTTAC-1,2882.0,1542
GTACTAGGTTTATGGG-1,5853.0,2304
GTACTGGTCACTAGGT-1,6115.0,2516
GTACTTAAGAGGAGTC-1,4754.0,1877
GTACTTCGTAATGGAA-1,4772.0,1948
GTAGCCATCCGTTAAA-1,5874.0,1974
GTAGCCATCTAATCAG-1,2358.0,1288
GTAGCGCTCACAGCCA-1,5483.0,2675
GTAGGAGGTAATGGCC-1,3600.0,1813
GTAGGAGGTGCTGGTG-1,2031.0,1149
GTAGGAGGTGGGAACA-1,12159.0,4303
GTAGGAGGTTGGTTCT-1,9821.0,3506
GTAGGATCAGCTCATA-1,4000.0,1946
GTAGGATCATGTTGCA-1,3471.0,1789
GTAGGATCATTAGGCC-1,3448.0,1701
GTAGGCGAGTAACAGG-1,3601.0,1730
GTAGTTTCAAAGCCTC-1,3625.0,1578
GTATCGCCAGCCTGCA-1,5183.0,2118
GTATGTTCACCTCGCT-1,6932.0,2949
GTATTCAAGCCTGTGA-1,6391.0,2625
GTATTCAAGTTTGGGT-1,3920.0,1927
GTATTGATCCCGAAGC-1,2920.0,1517
GTCAAACTCATGCAAC-1,3755.0,1782
GTCAAACTCCGGTTGA-1,2042.0,1064
GTCAATATCCCATAAA-1,2984.0,1157
GTCAATATCTAGCGAT-1,2170.0,1185
GTCAGGCTCGCAGGCT-1,1987.0,994
GTCATCACACATAGCC-1,3307.0,1765
GTCATCCTCACTTCAT-1,2523.0,1348
GTCATCCTCCTCACAC-1,6557.0,2647
GTCATTAAGCGGGCAA-1,5592.0,2632
GTCATTAAGGCGCTTA-1,3754.0,1927
GTCATTAAGTTAGACC-1,5662.0,2503
GTCCAAGTCAGCACCA-1,3899.0,1862
GTCCGTAAGTTACCGG-1,2606.0,1382
GTCCGTAAGTTCCCGT-1,4110.0,1927
GTCCTCAGTTAGTGAT-1,3962.0,2031
GTCCTCCCAAGGATTA-1,2359.0,1370
GTCCTCCCAATAACGA-1,4249.0,1954
GTCCTCCCAATGCCCG-1,3726.0,1867
GTCCTCCCACAGAAAC-1,3130.0,1574
GTCCTCCCACCTGCTC-1,3882.0,1918
GTCCTCCCACTCAACA-1,2956.0,1518
GTCGAAGCATTTGCTC-1,5787.0,2501
GTCGAGGAGCGCAATT-1,2244.0,1218
GTCGAGGAGGCGGGTA-1,7458.0,2916
GTCGAGGAGTTTCCTG-1,3374.0,1687
GTCGCAATCATCAGTA-1,3608.0,1659
GTCGCAATCATGCTCC-1,4395.0,2079
GTCGGTTCAATTTGGT-1,2415.0,1339
GTCTAACAGTAACGAG-1,3245.0,1725
GTCTAATCATGTTGGC-1,6387.0,2519
GTCTAGCCAGCTCAAC-1,4178.0,1782
GTCTAGCCAGTTTACG-1,2121.0,1075
GTCTATCGTAAACAAG-1,5915.0,2583
GTCTATCGTGATCAGC-1,5478.0,2465
GTCTATGCAACTAACT-1,4387.0,1979
GTCTATGCATAATGAG-1,5548.0,2493
GTCTATGCATAGCGAG-1,3168.0,1614
GTCTTGCTCCTCAGTC-1,4585.0,2089
GTCTTGCTCGTAATCA-1,2984.0,1434
GTCTTTAGTCACAGCG-1,1955.0,1105
GTCTTTGTCATTGTCT-1,7791.0,2838
GTCTTTGTCCTAATTC-1,2678.0,1464
GTCTTTGTCGGTTACG-1,3019.0,1369
GTGAACAAGCTTAGCG-1,3203.0,1607
GTGAATCTCCGGTATG-1,4101.0,1835
GTGATGAAGGAGGACT-1,2702.0,1378
GTGATGAAGGATAAAC-1,3127.0,1649
GTGCAAGCACTAAGTT-1,1776.0,1036
GTGCAAGCAGCCGCTA-1,5641.0,2507
GTGCAAGCATTCCTGT-1,7508.0,3126
GTGCCTTTCAATTACG-1,4092.0,2066
GTGCCTTTCCTGATGG-1,5844.0,2336
GTGCGCAGTAAGCTCA-1,2159.0,1077
GTGCGCAGTGGTTAGC-1,4925.0,2117
GTGCGCAGTTCCTCCT-1,3482.0,1562
GTGCGCAGTTTGCAGA-1,2481.0,1512
GTGCGGTTCAATCTCT-1,1990.0,1108
GTGCGGTTCTCACACC-1,3133.0,1627
GTGCTCCGTCGCAATA-1,3328.0,1738
GTGCTCCGTGCAACTA-1,3782.0,1803
GTGCTCCGTTACCTGT-1,3792.0,1782
GTGCTGATCGTTTCCA-1,3291.0,1616
GTGCTGGGTACCTTAC-1,3433.0,1617
GTGCTGGGTCCCGAAG-1,3392.0,1756
GTGCTGGGTCGCGCAA-1,3125.0,1717
GTGCTTACAGTAATAG-1,2869.0,1507
GTGCTTCTCATGTTTC-1,15120.0,4394
GTGCTTCTCATTACAG-1,2612.0,1329
GTGCTTCTCTGCAACG-1,4335.0,1945
GTGGACACAATCCCTT-1,3530.0,1791
GTGGACACAATCGCAC-1,4272.0,1692
GTGGACACACGGTACT-1,2654.0,1555
GTGGACACATAATCCG-1,5145.0,1941
GTGGATGCAACCCTAA-1,4278.0,1752
GTGGATGCAGTTAAAG-1,3726.0,1817
GTGTAACTCCTGAGTG-1,4297.0,2051
GTGTCCAAGGAAACTG-1,2366.0,1182
GTGTCCAAGTTATCCT-1,3063.0,1635
GTGTGAGCAAACAACA-1,1970.0,1193
GTGTGAGCAACACTTG-1,2379.0,1208
GTGTGAGCAGCACGTT-1,3689.0,1769
GTGTGCGGTAACCACA-1,4858.0,2278
GTGTGCGGTATTGTCC-1,3877.0,1920
GTGTGCGGTCGCAAAC-1,648.0,545
GTGTGTTAGAAGCTAG-1,3574.0,1725
GTGTGTTAGGTGTCCA-1,6728.0,2935
GTGTGTTAGTTAGAGG-1,2304.0,1279
GTGTTACAGCCTCTGT-1,4102.0,1959
GTGTTACAGTCGCTAG-1,5557.0,2319
GTGTTACAGTTACCGG-1,2844.0,1485
GTGTTCCTCGTGCTTC-1,5545.0,2426
GTGTTCCTCTATCGCC-1,2515.0,1333
GTTAACCAGGGACCTC-1,4140.0,1967
GTTAACGGTACGGTAC-1,3584.0,1786
GTTAACGGTCCGGTTC-1,5462.0,2352
GTTAACGGTCCTAAGA-1,2223.0,1188
GTTAAGCTCTTGCAAA-1,5355.0,2476
GTTAAGTGTTGGTTAG-1,2835.0,1548
GTTAATGTCATTATGG-1,2618.0,1460
GTTAATGTCGTTAACA-1,3691.0,1772
GTTACAGGTCATAAGT-1,6712.0,2676
GTTACAGGTGCTAGAC-1,7617.0,3038
GTTACAGGTTGGTGAC-1,3139.0,1516
GTTACTAAGCTTGCTC-1,6982.0,2892
GTTACTAAGGCTTAAC-1,5627.0,2248
GTTACTCGTACCGGAT-1,2077.0,1125
GTTACTCGTCAGTAAT-1,2620.0,1560
GTTACTCGTTAGGACC-1,4146.0,1865
GTTCATTTCTCATCAT-1,2562.0,1389
GTTCCCAGTAATCCCT-1,3125.0,1553
GTTCCCAGTCCAAGAC-1,5175.0,2182
GTTCCTTCAAGCTAAA-1,3770.0,1935
GTTCCTTCAATCATGT-1,8224.0,3217
GTTCCTTCAGGCATCT-1,2329.0,1247
GTTCGCTTCGCTTCTA-1,2895.0,1485
GTTCTTAGTGTTGCTT-1,5663.0,2457
GTTCTTAGTTGTTGCT-1,7235.0,2869
GTTCTTGTCATTTAGG-1,4805.0,2098
GTTGCATAGCCATCAG-1,5209.0,2178
GTTGCCCGTTTACCGT-1,4373.0,1879
GTTGCGGGTATGTGGC-1,5981.0,2742
GTTGCGGGTCCTGATT-1,2951.0,1556
GTTGCTGAGCTCAAAC-1,2304.0,1413
GTTGCTGAGCTTTGGG-1,3167.0,1800
GTTGCTGAGTAAGTGG-1,4416.0,1961
GTTGGCCAGGGTGGAT-1,2696.0,1379
GTTGGCGGTGCTGTAA-1,3768.0,1838
GTTGGCGGTGGAAGGC-1,3080.0,1513
GTTGTTGCACATTAAC-1,6656.0,2615
GTTGTTGCACGAACAG-1,4722.0,1818
GTTTAACCAAGCGAGC-1,2307.0,1238
GTTTAACCAGTCTATG-1,1914.0,1286
GTTTAACCATCATGGC-1,3012.0,1509
GTTTAACCATGCAACC-1,2597.0,1571
GTTTAACCATTTGCTC-1,7045.0,2898
GTTTACCGTTAAGCTG-1,3067.0,1535
GTTTACCGTTTAAAGC-1,4412.0,1930
GTTTAGCAGGTTTGAC-1,5305.0,2188
GTTTATCTCGCTCCAT-1,4673.0,2022
GTTTCAGCATGAATAG-1,4537.0,1984
GTTTCCTCAATGAGGT-1,5482.0,2401
GTTTCTAGTGGAGCAA-1,3605.0,1657
GTTTGCTGTATCTGGA-1,7678.0,3086
GTTTGCTGTTGCAATG-1,3009.0,1646
GTTTGTAAGGCCAATT-1,6536.0,2692
GTTTGTCGTTGAGGTC-1,3565.0,1958
GTTTGTTTCCGGTATG-1,5612.0,2485
TAAAGCCTCAATGAGG-1,5791.0,2019
TAAAGCCTCGTGCCTT-1,2901.0,1191
TAACAAGCAGCTACGT-1,2539.0,1235
TAACCAGGTACTTAGG-1,5234.0,2321
TAACCGGTCATGCTTT-1,3175.0,1545
TAACCGGTCATTAGTG-1,3213.0,1670
TAACCGGTCTGTGCAG-1,647.0,319
TAACCTAAGGATCACT-1,17066.0,4593
TAACCTAAGTAGCGGG-1,5038.0,2219
TAAGCCAGTAAGCACC-1,5608.0,2388
TAAGCCAGTACAAAGA-1,4278.0,1925
TAAGCCTAGACAGGCG-1,3204.0,1552
TAAGCTGGTTAATGCG-1,4021.0,1747
TAAGCTGGTTAGGATT-1,3542.0,1715
TAAGCTGGTTATCGAG-1,9890.0,3577
TAAGGACCACCTGGTG-1,10721.0,3527
TAAGGACCATAGCGGA-1,5269.0,2356
TAAGGCTTCACGCATG-1,8712.0,3335
TAAGGCTTCAGGGCCT-1,2325.0,1276
TAAGGCTTCATAATCG-1,3724.0,2006
TAAGGCTTCGGCTATG-1,4474.0,2208
TAAGGCTTCTTGCATT-1,6400.0,2745
TAAGTAGCATTATGCG-1,2827.0,1387
TAATCCGCAAACGCGA-1,3926.0,1913
TAATGCATCCGCAACA-1,4200.0,1901
TAATGCATCCGCCTAT-1,3497.0,1859
TAATGGACATAGGCGA-1,6391.0,2688
TAATGGTGTAGCAGCT-1,3795.0,1782
TAATGGTGTGTGTCCC-1,8041.0,2992
TAATTGCCAAATGCCC-1,1516.0,1057
TAATTGCCAAGGTACG-1,4185.0,1876
TAATTGCCACCTGCTC-1,4472.0,2065
TACAAGCTCGAGCAAA-1,5000.0,2094
TACAATGTCATCAGTA-1,4598.0,2049
TACAATGTCGAAGTAG-1,4363.0,1991
TACAGCTAGCTCCTTA-1,4876.0,1981
TACATCAAGGGCTTAT-1,2616.0,1390
TACATCAAGGTACCGC-1,3370.0,1664
TACCCGGCAATGCCTA-1,2471.0,1332
TACCCGGCACTTAACG-1,3098.0,1473
TACCGAAGTTGCCTCA-1,1088.0,469
TACCGAAGTTGGGTTA-1,4375.0,1659
TACCGCAAGACTCGCA-1,4531.0,1838
TACCGCAAGGCGAAAC-1,2556.0,1312
TACCGTTGTGATTTGG-1,2479.0,1385
TACCGTTGTGTAATAC-1,4392.0,1889
TACCTCATCCGCAACA-1,5166.0,2217
TACCTGCTCCCTTGCG-1,5413.0,1859
TACCTTAGTTCAAGCA-1,3470.0,1686
TACCTTAGTTGCGGAT-1,3270.0,1646
TACCTTTAGGACAACA-1,3018.0,1710
TACCTTTAGGCTGTGC-1,5233.0,2328
TACCTTTAGGTGAAAT-1,4483.0,1876
TACCTTTAGGTGTCCA-1,4355.0,2140
TACCTTTAGTCTTGAA-1,3198.0,1505
TACGCACCATGTTTGG-1,5144.0,2203
TACGGATTCTAACCTT-1,2930.0,1522
TACGGTTAGCTTAACA-1,5430.0,2431
TACGTAATCAAATCGC-1,2597.0,1281
TACGTAATCCTGCGAA-1,5004.0,2056
TACGTACAGTTAGTGC-1,7620.0,2753
TACGTACAGTTAGTTG-1,3738.0,1698
TACTAAGTCCAATAGC-1,5640.0,2391
TACTAAGTCTTTAAGG-1,10948.0,3711
TACTCGCTCCTCCATA-1,2602.0,1498
TACTGAGGTTAATGCG-1,4167.0,1857
TACTGCACAAACTAAG-1,2731.0,1545
TACTGCACAGCAACCT-1,6938.0,2694
TACTGGCCAGCTTAAT-1,5517.0,2331
TACTGGCCATAATGTC-1,3117.0,1600
TACTGGCCATCAGTAT-1,3447.0,1784
TACTTGTTCATGGTTA-1,3366.0,1651
TACTTGTTCCGCCTAT-1,3561.0,1539
TAGAGCCGTGATTACG-1,1965.0,1136
TAGCAGGCAAGGTACG-1,5288.0,2378
TAGCAGGCAAGTTATC-1,5212.0,2273
TAGCAGGCATAATCAC-1,4022.0,1751
TAGCAGGCATAGACTT-1,7910.0,2960
TAGCATATCCGGTATG-1,4752.0,2123
TAGCATATCGGTTAGT-1,7073.0,2320
TAGCCGGGTCAGGAAG-1,6079.0,2469
TAGCCTCTCGTAACGT-1,4372.0,1971
TAGCCTCTCGTGCCTT-1,238.0,192
TAGCCTGAGGAGCACG-1,4877.0,2052
TAGCCTTGTCATAACG-1,6386.0,2609
TAGCGCGGTACGCGCA-1,2963.0,1576
TAGCGCGGTTGCCTCA-1,3126.0,1521
TAGCGGACAGGACCTT-1,8141.0,3309
TAGCGGCTCAGCAAGA-1,1847.0,1068
TAGCGGCTCATTCATC-1,2398.0,1135
TAGCGGCTCCGCCAAA-1,8626.0,3278
TAGCGGCTCTCCATGC-1,4264.0,2131
TAGCTAATCACGTTAA-1,3863.0,1830
TAGCTAATCATGCGTG-1,3232.0,1709
TAGCTAATCTCCATAT-1,8357.0,3273
TAGCTAGGTACGCGCA-1,4726.0,2422
TAGCTAGGTTGCAATG-1,6202.0,2397
TAGCTTAAGGCGCTAC-1,2382.0,1290
TAGCTTAAGGTCCAAT-1,4034.0,1970
TAGCTTGCAAGGAATC-1,5835.0,2531
TAGCTTGCATCAATCG-1,3728.0,1608
TAGGAACCAGCAGGTA-1,2787.0,1462
TAGGAGGGTTACAACG-1,2076.0,1160
TAGGAGGGTTATCGAG-1,3881.0,1581
TAGGAGTCATCGCTCC-1,3829.0,1896
TAGGAGTCATTGTGGC-1,2500.0,1374
TAGGCTGTCAATGAGG-1,6769.0,2821
TAGGCTGTCAATTGGC-1,3952.0,1898
TAGGCTGTCGAGCTAT-1,4498.0,2070
TAGGCTTAGAGAGGAG-1,1864.0,1073
TAGGCTTAGGAAACTG-1,3212.0,1712
TAGGCTTAGGTGAGAC-1,2716.0,1468
TAGGGTTTCAGGTCCA-1,1971.0,1088
TAGGGTTTCGCATCCT-1,1995.0,967
TAGGTTATCTTGAGCG-1,3295.0,1508
TAGTAACGTGTGTGGT-1,4087.0,1839
TAGTAACGTTCACCAT-1,1661.0,1020
TAGTAACGTTGTTGTC-1,2022.0,1082
TAGTAAGCATCCCGCT-1,5377.0,2142
TAGTACGGTGGATTGC-1,3877.0,1811
TAGTACGGTTAAGCCA-1,6702.0,2309
TAGTAGGAGAACCTGT-1,2886.0,1438
TAGTCAATCGTTCACC-1,4320.0,1946
TAGTGGCGTCTATCGT-1,3807.0,2014
TAGTGGCGTGTCCAGG-1,1529.0,923
TAGTGTGGTCGACTCC-1,3375.0,1675
TAGTGTGGTTGTAAAC-1,2810.0,1514
TAGTTGTCAATGAATG-1,2717.0,1406
TAGTTGTCACCGGTAT-1,7244.0,2757
TAGTTTGAGCACAGAA-1,1794.0,1079
TATAACCCACTTACAG-1,3634.0,1877
TATAACCCATTAAAGG-1,3364.0,1773
TATAGCCAGCTTAGTA-1,3081.0,1565
TATAGGTGTACTGAAT-1,4509.0,2233
TATATCCTCATTAGCA-1,4895.0,2048
TATCACAAGCAAGGGT-1,5600.0,2644
TATCACAAGTTTGCGG-1,3799.0,1886
TATCACGCAAGGTACG-1,3531.0,1531
TATCCAGCACAAAGCG-1,510.0,160
TATCGAGGTTGTAAAC-1,5744.0,2057
TATCGAGGTTTATCTG-1,2599.0,1501
TATCGCACAAGTGAAC-1,6484.0,2782
TATCGCGAGGATCACT-1,2616.0,1409
TATGAAGCAATAATCC-1,5684.0,2583
TATGACTCACTTAACG-1,4046.0,1681
TATGACTCAGGATTAA-1,6395.0,2442
TATGACTCAGTTTGTG-1,4452.0,1855
TATGCATCAACTGGCT-1,7858.0,3007
TATGCATCATGTTTGG-1,4058.0,1782
TATGGATGTGCTTTAC-1,5033.0,2190
TATGGATGTGGACCTG-1,3107.0,1808
TATGGCCCAAATTCGT-1,5246.0,2161
TATGGCCCATAGCGGA-1,9300.0,3267
TATGGGCGTCACCTAT-1,2163.0,1215
TATGGGCGTGGACATC-1,2671.0,1327
TATGGGCGTTACCTGT-1,2219.0,1140
TATGGGCGTTAGCTGA-1,3219.0,1605
TATGGGCGTTCCGCAC-1,4123.0,1912
TATGGTCAGTGAGCAA-1,5763.0,2424
TATGTGATCCACCTTA-1,4124.0,2012
TATGTGATCCTAGTCC-1,6439.0,2585
TATGTGATCGGTAACT-1,3845.0,1733
TATTAGCCAATTGACT-1,4553.0,1840
TATTAGCCAGCAAATA-1,3175.0,1656
TATTAGCCATGTTGTG-1,825.0,632
TATTAGCCATTGTGTG-1,3034.0,1644
TATTAGGTCCCGTTGT-1,5146.0,2186
TATTAGGTCGCTAGTG-1,2379.0,1388
TATTCGTTCTTGCAAA-1,5340.0,2069
TATTGACCAGGCATGA-1,4969.0,2227
TATTGACCAGGCTAGA-1,8877.0,3168
TATTGACCATGAGTTT-1,5615.0,2611
TATTTGCTCACAGGAA-1,5845.0,2107
TATTTGCTCCTAACGG-1,3347.0,1513
TATTTGCTCGTTCACC-1,2900.0,1374
TATTTGCTCTAAATCG-1,3337.0,1592
TATTTGCTCTGTGCAG-1,4737.0,2098
TATTTGGAGTTTGGTA-1,3175.0,1488
TCAACAATCATCGTTT-1,846.0,533
TCAACAATCCAAGTTA-1,5044.0,2160
TCAACAATCTACTAAG-1,3691.0,1845
TCAAGAACATGACTAT-1,3583.0,1662
TCAAGAACATTGTGAT-1,3771.0,1792
TCAAGACTCTCCATAT-1,2705.0,1395
TCAAGCTAGCATTAGC-1,4521.0,1946
TCAAGCTAGTTAGGCT-1,3367.0,1513
TCAAGGAAGCACTAAC-1,5575.0,2612
TCAAGGAAGTCACTCC-1,6811.0,2698
TCAAGGAAGTTATTCC-1,4308.0,1935
TCAAGGTTCCCTCTAA-1,11326.0,3982
TCAAGTATCAGCAAGA-1,2884.0,1372
TCAAGTATCCTGCGAA-1,4014.0,1881
TCAATCGCAATATACC-1,2317.0,1280
TCAATCGCATACCCGG-1,10779.0,3944
TCAATCGCATGCTTAG-1,5092.0,1992
TCAATCGCATTGCAGC-1,3356.0,1535
TCACATAAGCCTGTTC-1,3124.0,1626
TCACATAAGTTCCCGT-1,15166.0,4592
TCACCGGCAACTAGAA-1,5038.0,2272
TCACCGGCACGGTTTA-1,1694.0,988
TCACCTGGTGTTTGCT-1,4894.0,2261
TCACGGATCCGGCTAA-1,5282.0,1922
TCACTGACATTATCCC-1,6703.0,2616
TCAGCAAGTAATCACG-1,3313.0,1788
TCAGCCTTCACGAATC-1,2949.0,1582
TCAGCCTTCCACAATA-1,1936.0,1051
TCAGCCTTCCCTGACT-1,8654.0,3243
TCAGCCTTCGAGGTGG-1,4006.0,1898
TCAGCCTTCTTTAAGG-1,3400.0,1658
TCAGCGATCCTTGCAC-1,4925.0,2198
TCAGGAGCAACCCTAA-1,2275.0,1252
TCAGGAGCAATCCTGA-1,8476.0,3278
TCAGGAGCATGGCCCA-1,5434.0,2248
TCAGGTCCACAGGAAT-1,5684.0,2436
TCAGGTCCATCTTGAG-1,5374.0,2203
TCAGGTTAGCTAATCA-1,3407.0,1787
TCAGGTTAGCTATATG-1,5582.0,2464
TCAGTGAGTAATGACT-1,4889.0,1982
TCAGTGAGTTAATGAC-1,5830.0,2426
TCATAACCAAGCCACT-1,12419.0,3981
TCATAACCAAGCCAGA-1,9413.0,3033
TCATACTTCATTTGTC-1,3770.0,1740
TCATACTTCTAACCAA-1,5088.0,2307
TCATACTTCTCTAGCC-1,4500.0,2075
TCATCCATCAGCCAAT-1,4163.0,2017
TCATCCATCCCGTTGT-1,3859.0,1857
TCATCCATCTTGCAAA-1,8705.0,3162
TCATGCCTCACAGCCA-1,7871.0,3149
TCATGCCTCGTGCTTC-1,2338.0,1415
TCATGTTTCATAGCCG-1,5410.0,2246
TCATTACTCCCTCAGT-1,2924.0,1625
TCATTACTCTGCAAGT-1,8582.0,3432
TCATTACTCTTAGTGA-1,6265.0,2132
TCATTGCGTAATCGTG-1,3402.0,1779
TCATTGCGTTAGCAGC-1,3151.0,1507
TCATTTGGTAATTAGC-1,7466.0,2838
TCATTTGGTCACAGCG-1,3604.0,1710
TCCACAACAGTTTACG-1,2188.0,1120
TCCAGCAAGGCTGTCA-1,5724.0,2485
TCCAGGTCAAGGTCCT-1,2743.0,1552
TCCATAAAGATTGAGG-1,3464.0,1623
TCCATCATCCAATTAG-1,6251.0,2613
TCCATGCTCATGCGTG-1,2993.0,1568
TCCATGCTCGGGATTT-1,5607.0,2559
TCCATGCTCTCAATGA-1,4390.0,1770
TCCCGGACAGCTACGT-1,1789.0,988
TCCCGTTAGGGACCTC-1,4952.0,2300
TCCCTCACAAATACCT-1,3176.0,1676
TCCCTCACAAGTGTTT-1,2999.0,1501
TCCCTCACAATAATGG-1,4198.0,1827
TCCCTCACATGAATCT-1,7922.0,3109
TCCCTGGTCTAATCAG-1,5657.0,2210
TCCGCCATCACTAATG-1,5054.0,2208
TCCGCCATCTGTTGCC-1,7930.0,3069
TCCGGAATCATGCTAA-1,2583.0,1452
TCCGGTAAGCTGTACG-1,3562.0,1734
TCCGGTTTCGAGGTGG-1,8369.0,3224
TCCTAGTGTGGAAACG-1,7149.0,2854
TCCTCAATCGACCTGA-1,4008.0,1755
TCCTCAATCGGGCCAT-1,3836.0,1869
TCCTCAATCTTCAATC-1,8832.0,3229
TCCTCACAGACAACGA-1,6902.0,2742
TCCTCACAGATACTTG-1,1805.0,1081
TCCTCACAGCCTGGTA-1,4679.0,2043
TCCTCACAGTGCTGTG-1,2384.0,1233
TCCTCACAGTTGGATC-1,3991.0,1989
TCCTCTAAGCTGTCAG-1,3364.0,1669
TCCTCTAAGGGATTAG-1,3322.0,1648
TCCTCTAAGGGTGGAT-1,2096.0,1161
TCCTGTTCAGCAACCT-1,4472.0,1909
TCCTTAGTCCCGAAGC-1,8120.0,3148
TCCTTAGTCCGGTATG-1,3886.0,1760
TCCTTAGTCTCCTCTT-1,4739.0,1900
TCCTTCAAGGCCTTAG-1,3016.0,1435
TCCTTGCAGGTCTTGG-1,3959.0,1917
TCCTTGCAGTACCGCA-1,4763.0,2018
TCCTTGCAGTTCCCAC-1,7736.0,3002
TCCTTTACAGCACCAT-1,5247.0,2193
TCCTTTACAGTAAGTA-1,3329.0,1676
TCGACAAGTAATAACC-1,2709.0,1329
TCGATTAAGGTCCTGA-1,2558.0,1453
TCGCATTGTACGTTTC-1,3885.0,1797
TCGCATTGTCTAACAG-1,2122.0,1174
TCGCATTGTGTTGTAG-1,5830.0,2559
TCGCCCATCCCATAGG-1,1359.0,807
TCGCCCATCCTAGTTT-1,4487.0,1937
TCGCCCATCGGGACCT-1,6132.0,2422
TCGCGAGGTACAAAGA-1,4255.0,2046
TCGCGAGGTATTGGTG-1,3432.0,1580
TCGCGCACACCATATG-1,1816.0,1067
TCGCGCACACTCAACA-1,2860.0,1682
TCGCGCACAGCAAGTG-1,4354.0,2111
TCGCGCACATAGCTTG-1,4519.0,2282
TCGCGCACATGTTGGC-1,1103.0,813
TCGGTAAGTATTGTCC-1,4552.0,2085
TCGGTAAGTCGCAAAC-1,3886.0,1495
TCGGTTACAATGAATG-1,4722.0,1987
TCGGTTTGTAATCACG-1,3762.0,1806
TCGTAATCAGCCTAAC-1,2759.0,1444
TCGTAATCATGCATAT-1,269.0,109
TCGTCAACAAAGCTAA-1,1816.0,938
TCGTCAACAAGGGTTG-1,5874.0,2531
TCGTCAACAGCAAATA-1,2286.0,1217
TCGTGCTTCCCGAACA-1,4454.0,2131
TCGTTACGTGCAACTA-1,4432.0,1748
TCGTTAGCAGCTAATT-1,3252.0,1504
TCGTTAGCAGGCCTTG-1,2535.0,1482
TCGTTAGCATGAATAG-1,3111.0,1589
TCGTTATTCACCGGTA-1,4460.0,1810
TCGTTTCCAGCTTAAT-1,3868.0,1650
TCTAACCGTCACCTAT-1,3905.0,1822
TCTAACCGTTTAACGG-1,3382.0,1572
TCTAACCGTTTCGCCA-1,4761.0,1876
TCTACCTCAATGCGCT-1,5802.0,2363
TCTACCTCAGTCTAGC-1,12397.0,4229
TCTACCTCATGACTAT-1,9240.0,3546
TCTAGCACACAAAGGT-1,1123.0,855
TCTAGCACAGGGAGGA-1,6022.0,2598
TCTAGCACATTATGGT-1,7638.0,3036
TCTAGCCTCACCGGTA-1,6204.0,2555
TCTAGCGAGATAGACG-1,3065.0,1461
TCTAGCGAGGAGTAAT-1,2748.0,1671
TCTATGTTCATTGCAA-1,3883.0,1893
TCTCAAGCAAGGTCGA-1,1404.0,542
TCTCAAGCACGTGCTG-1,2935.0,1501
TCTCAAGCATTAGGTT-1,2897.0,1632
TCTCAATTCATGCCTC-1,8020.0,3081
TCTCACCAGAGGCTAA-1,3034.0,1495
TCTCACCAGCCATCAG-1,4178.0,1986
TCTCACCAGTAATCCA-1,3372.0,1719
TCTCACCAGTATTGCA-1,3842.0,1923
TCTCACCAGTGAACGA-1,3253.0,1641
TCTCCTCGTGATGAGG-1,2669.0,1311
TCTCCTCGTTAACAGT-1,5725.0,2122
TCTCGCCCAAACTGTT-1,5506.0,2655
TCTCGCCCAATTGAGA-1,4253.0,1904
TCTCGCCCACCTCAGG-1,2746.0,1517
TCTGGCTTCGGTTTGG-1,2527.0,1329
TCTGTGACATTAGGTT-1,5101.0,2269
TCTTCAAGTGTTGTGA-1,3948.0,1855
TCTTGACGTGAGCACT-1,2576.0,1341
TCTTGACGTTGTTGTC-1,944.0,732
TCTTGTCCAATAACGA-1,2183.0,1239
TCTTTGTAGTCATTTC-1,4120.0,1885
TGAAACTGTGACATAT-1,28075.0,6794
TGAACAACACCAGGTT-1,2811.0,1470
TGAACAGAGTATTGGC-1,2962.0,1491
TGAAGCAAGCTTCTCA-1,2868.0,1495
TGAAGGATCCGGTTGA-1,2720.0,1490
TGAAGTGAGCACAGAA-1,3721.0,1847
TGACTCCTCCTTCGTA-1,5701.0,2173
TGACTCCTCTTAGTCT-1,3158.0,1602
TGACTTAAGAGAGGAG-1,2411.0,1232
TGACTTAAGGTCCTGA-1,2878.0,1566
TGACTTCGTACTTCAC-1,4260.0,2218
TGAGAACCAAGCCAGA-1,3560.0,1858
TGAGAACCAGGATAAC-1,5019.0,2156
TGAGAACCAGTAAGTA-1,711.0,567
TGAGCACGTTAGAGGG-1,2251.0,1254
TGAGCCGGTAGGTTTG-1,766.0,375
TGAGCCGGTCCCGAAG-1,5690.0,2541
TGAGCCGGTTGTCATC-1,3142.0,1633
TGAGCTTAGCTTAGCG-1,2440.0,1403
TGAGGAGGTGACATAT-1,3518.0,1680
TGAGGGAGTCAATACG-1,2462.0,1268
TGAGGTGCACAGGATG-1,3162.0,1544
TGAGGTGCAGGAACAT-1,2794.0,1368
TGAGTGAAGCAAGGTA-1,4268.0,1828
TGAGTGAAGTTCCTGC-1,2122.0,1233
TGAGTTTCAAATACCT-1,2685.0,1305
TGAGTTTCAGGTTACC-1,3790.0,1692
TGAGTTTCATAGCGGA-1,2050.0,1096
TGATCAATCATCCTGC-1,4763.0,2192
TGATCAATCCCGTTAC-1,1910.0,1078
TGATCAATCGAGCTAT-1,735.0,573
TGATCAATCTTAGTCT-1,3064.0,1509
TGATCACAGGAAACTG-1,3387.0,1567
TGATCACAGTAATCCA-1,3862.0,1896
TGATCAGGTACGTTTC-1,3560.0,1793
TGATCAGGTATTGTGG-1,5244.0,2272
TGATCCTGTGTAACCA-1,2800.0,1326
TGATCGAGTAGACAAA-1,3054.0,1418
TGATCGAGTGGATGTC-1,3230.0,1613
TGATGAACAAGGTACG-1,4552.0,2346
TGATGAACAGCCTGCA-1,3583.0,1685
TGATGACTCCTTCGTA-1,3531.0,1780
TGATGATGTAGCTAAT-1,5492.0,2462
TGATGATGTATTGTGG-1,7316.0,3022
TGATGATGTCTTTGAC-1,4636.0,2119
TGATTAGTCAGCACGC-1,2391.0,1251
TGATTAGTCATAACCA-1,4146.0,1825
TGATTAGTCGGGACTC-1,3334.0,1536
TGATTAGTCTACCTGC-1,5060.0,1969
TGATTCAAGGGATGAC-1,709.0,558
TGCAAGCGTTACTAGG-1,2647.0,1491
TGCAATATCCTCATGC-1,4231.0,1876
TGCACTTGTCTTGCAT-1,5781.0,2416
TGCACTTGTTAGAGGG-1,2702.0,1417
TGCAGGCTCCTAAGTA-1,4007.0,1809
TGCATCCTCTTTGTAC-1,4175.0,2104
TGCATTAAGATAACCC-1,5490.0,2605
TGCCATTGTCCGTAGG-1,4331.0,1877
TGCCATTGTTGCATCT-1,9502.0,3471
TGCCGGTAGCGAGGTG-1,1745.0,1004
TGCCGGTAGCTGAGGG-1,3648.0,1521
TGCCGGTAGGATCCGC-1,5884.0,2585
TGCGATTAGCCTAATA-1,3278.0,1579
TGCGCAGGTCAAACTG-1,4593.0,2107
TGCGGTTCATTATGGT-1,4757.0,2145
TGCTAGCCAAGGTATA-1,4129.0,1986
TGCTATGCAACTAGAA-1,3126.0,1538
TGCTATGCATAGGCGA-1,5720.0,2441
TGCTATGCATGATTGT-1,11270.0,3384
TGCTCAACAGCTCATA-1,7831.0,3060
TGCTCACTCCCTGGAA-1,3723.0,1953
TGCTCACTCGCAGGCT-1,1938.0,1098
TGCTCCGTCAGCTAAC-1,3979.0,1914
TGCTCTCAGCAATAGG-1,2318.0,1386
TGCTTAAAGTGAGCAA-1,3635.0,1720
TGCTTCATCCTTCGTA-1,7504.0,2944
TGCTTCATCGCTAGAT-1,2677.0,1436
TGCTTTAGTGTTAAAC-1,8598.0,3029
TGCTTTAGTTTCCGGC-1,3073.0,1386
TGGAACAAGTTCCTGC-1,2710.0,1435
TGGACAAAGGTCCACA-1,9387.0,3091
TGGACAAAGTGGCGGA-1,3609.0,1543
TGGACCGGTGCTCACC-1,6420.0,2555
TGGACCGGTGTGCAAC-1,3884.0,1651
TGGACCGGTTGCGGAT-1,2662.0,1484
TGGACGGAGTAACGAG-1,1570.0,969
TGGACGGAGTTACCGG-1,5904.0,2619
TGGACTAGTCACCTAT-1,3537.0,1652
TGGATTCAGCCTGAGC-1,2849.0,1443
TGGATTCAGGCATTAC-1,3855.0,1884
TGGATTGGTAGACAAA-1,3401.0,1435
TGGATTGGTCCACAAA-1,2716.0,1400
TGGCCAATCTAACTGA-1,2457.0,1542
TGGCCATCAAACCTTG-1,3581.0,1762
TGGCCATCACCATATG-1,3076.0,1607
TGGCCATCACCGGCTA-1,2378.0,1270
TGGCCATCATTGCGAC-1,9359.0,3366
TGGCCTGCAACAGGTG-1,2247.0,1130
TGGCCTTTCTCACTCA-1,4566.0,1905
TGGCCTTTCTTGAGGT-1,3414.0,1654
TGGCGGTTCCGCCTAT-1,5783.0,2541
TGGCTAAGTTGGTTCT-1,5428.0,2229
TGGCTTTGTCACCTAT-1,4719.0,2119
TGGCTTTGTTTATGGG-1,3810.0,1810
TGGGCATGTAATGGAA-1,3663.0,1663
TGGGCATGTCTTTGAC-1,4210.0,1989
TGGGCATGTGAGCACT-1,2790.0,1482
TGGGCCTAGCCGCTTT-1,3327.0,1560
TGGTCAGTCGTTAGTA-1,2485.0,1330
TGGTCAGTCGTTTCTG-1,1816.0,959
TGGTCATAGCACGTTG-1,3060.0,1553
TGGTCATAGCGGGCAA-1,5309.0,2395
TGGTCATAGTTATTCC-1,2173.0,1194
TGGTCCTTCAGGATGA-1,3256.0,1815
TGGTGATTCCGTTATT-1,3867.0,1951
TGGTGCATCGTCATTT-1,2868.0,1501
TGGTTAATCAAGCGCC-1,2493.0,1270
TGGTTAATCAGCACCA-1,8268.0,2972
TGGTTAATCCGGTTGA-1,3130.0,1611
TGGTTAATCCGTCCAT-1,1338.0,925
TGGTTAATCCTAAGAC-1,3572.0,1601
TGGTTCTGTTCCTGTG-1,7035.0,2785
TGTAAAGCAAGCTAAA-1,2317.0,1268
TGTAAAGCAATTGAGA-1,3660.0,1713
TGTAAAGCAGCTCATA-1,6554.0,2761
TGTAACTCACCAGGTT-1,1832.0,1131
TGTAAGCTCCAAGTGT-1,604.0,478
TGTAAGTGTCAAGTAT-1,2335.0,1307
TGTAAGTGTCCTTAGT-1,2779.0,1531
TGTAAGTGTTCGCTTG-1,1066.0,709
TGTAATGTCACAGCCA-1,3754.0,1901
TGTATCCGTTCACCCA-1,4443.0,1606
TGTATCGCAGTACCGT-1,4116.0,1738
TGTCAATCAAGCCACT-1,3582.0,1594
TGTCAATCATCGTTCT-1,4635.0,2053
TGTCAATCATGTCAAT-1,6506.0,2576
TGTCATAAGGTCATTA-1,7529.0,2812
TGTCATAAGGTCCACA-1,4495.0,1909
TGTCATAAGGTTTGCG-1,5011.0,2175
TGTCCTGGTAGGTTGC-1,4076.0,1912
TGTCCTGGTTCGCGCT-1,5378.0,2290
TGTCCTTCAAAGCGCA-1,4821.0,2249
TGTCCTTCAAGTGAAC-1,3221.0,1542
TGTCCTTCAATAGTCT-1,5428.0,2350
TGTGCACCAATATACC-1,3650.0,1719
TGTGCACCATTGTGTG-1,4468.0,2051
TGTGCGCAGTAAGTGG-1,5933.0,2236
TGTGCGGGTGATGAGG-1,2614.0,1464
TGTGCTGAGCGCTCAA-1,3637.0,1695
TGTGGCCAGCGAGTAA-1,19141.0,5793
TGTGTTAAGAACCTGT-1,2281.0,1280
TGTGTTAAGGAATAAC-1,5193.0,2379
TGTGTTAAGGGATTAG-1,5456.0,2277
TGTGTTAAGTAAGGGC-1,4067.0,1605
TGTTACTTCGCTAGAT-1,2041.0,1220
TGTTATGAGCTCAATA-1,4350.0,2073
TGTTCATTCCAAATCA-1,5153.0,2375
TGTTGCACAATTGAGA-1,4764.0,1959
TGTTGCACAGCCAGAA-1,2648.0,1403
TGTTGCACAGTTTACG-1,4328.0,1968
TGTTGCACATTATGGT-1,3819.0,1856
TGTTGGCCATCTTGAG-1,2677.0,1417
TGTTGTAAGGCATGTT-1,3639.0,1668
TGTTGTAAGTAACCAC-1,2716.0,1341
TGTTGTGCAAGGATTA-1,4339.0,2063
TGTTGTGCACCTGCCT-1,3375.0,1696
TGTTGTGCATTGTGTG-1,750.0,498
TGTTGTTTCATAACGC-1,2594.0,1472
TGTTGTTTCATTTAGG-1,2716.0,1519
TGTTTGTTCTACCTGC-1,5563.0,2504
TTAAAGGCATAACGGG-1,3760.0,1757
TTAAGCCAGACAACGA-1,2601.0,1494
TTAAGCCAGCTATGAC-1,6918.0,2819
TTAAGGACACCAAAGG-1,4182.0,2044
TTAAGGACAGGTTCAC-1,4745.0,2018
TTAAGGACATTGACAT-1,4463.0,1979
TTAAGGTGTGCTAGCG-1,2368.0,1181
TTAAGGTGTTGAGCCG-1,6262.0,2627
TTAATCGAGCCGCTTT-1,4552.0,2013
TTACACCGTATTGTGG-1,3035.0,1610
TTACACCGTTAACGGC-1,4647.0,2014
TTACACCGTTGGTTAG-1,5543.0,2144
TTACAGCAGTGAGCAA-1,2522.0,1215
TTACCGTGTCATCAAG-1,3912.0,1689
TTACCGTGTTAGACCA-1,3288.0,1557
TTACCGTGTTCACCAT-1,2953.0,1615
TTACCTGTCTCACTCA-1,6828.0,2740
TTACCTGTCTTTAGGA-1,4730.0,2040
TTACGTTTCAAACTCA-1,9247.0,3492
TTAGAAGCACTTAGGC-1,3494.0,1742
TTAGACTCACAGGAAT-1,7355.0,2878
TTAGCAGGTGGATTGC-1,4243.0,1919
TTAGCGGTCAGCACCA-1,2421.0,1414
TTAGCTGCAAGCTTAT-1,6430.0,2621
TTAGCTGCACCTCAGG-1,2584.0,1385
TTAGCTGCAGGTTAAA-1,2126.0,1227
TTAGCTGCATTGCGAC-1,7188.0,2743
TTAGGATGTAAGTCGC-1,2716.0,1366
TTAGGATGTCCGTAGG-1,1991.0,1101
TTAGGATGTTCCGGGA-1,2007.0,1057
TTAGGATGTTGCATCT-1,2570.0,1370
TTAGGCCCACTTACAG-1,4533.0,1745
TTAGGCGTCCTAATGA-1,4598.0,1945
TTAGGCTAGCTATTGA-1,5743.0,2489
TTAGTCAAGCCTCTCG-1,6560.0,2722
TTATAGCCAGCTTACA-1,3421.0,1542
TTATAGCCAGGCGATA-1,1895.0,1108
TTATCCGTCCAGGTCA-1,3314.0,1681
TTATCCTAGGCATTAC-1,5163.0,2200
TTATCCTAGGGATTAG-1,2678.0,1479
TTATCCTAGTTAGACC-1,4215.0,1818
TTATGACCAACTAGGG-1,4951.0,2135
TTATGACCATTTAAGC-1,2979.0,1442
TTATGCGCAGTTTACG-1,2035.0,1112
TTATGCGCATTATGGT-1,4536.0,2067
TTATTGCTCAATCATG-1,4273.0,2002
TTATTGCTCATTTAGG-1,4247.0,1980
TTATTGCTCTGCAACG-1,4350.0,2079
TTCAACCGTTACGCAA-1,8625.0,3262
TTCAACCGTTGTTGTC-1,2447.0,1378
TTCACTGTCTCGACCT-1,3639.0,1840
TTCACTGTCTTTGAGA-1,3335.0,1692
TTCAGCACACCGGCTA-1,3188.0,1624
TTCAGCACAGGTTATT-1,4368.0,1785
TTCAGGTAGCTGTCAG-1,4208.0,2046
TTCATTCAGGTCATTA-1,1251.0,906
TTCCACGGTACCGTAA-1,7913.0,2939
TTCCACGGTTAAATGC-1,4193.0,2070
TTCCACGGTTGAGCCG-1,2149.0,1137
TTCCCACAGCGCCTAA-1,2335.0,1278
TTCCCACAGCTAAAGG-1,3039.0,1673
TTCCCACAGGCGAATA-1,4323.0,1825
TTCCCGCCATTAGGTT-1,4944.0,2409
TTCCTCAAGCACAGCC-1,7266.0,3016
TTCCTCAAGTTGGATC-1,8836.0,3214
TTCCTTCTCAGGAAGC-1,3795.0,1956
TTCCTTCTCATTGCGG-1,2945.0,1645
TTCGCAACAACAGCCT-1,3116.0,1575
TTCGGTACACCGGTAT-1,8211.0,3332
TTCGGTACACGAACAG-1,5993.0,2619
TTCGGTACACGGTACT-1,8093.0,2962
TTCGGTACAGCAACCT-1,2933.0,1535
TTCGGTACAGTAATAG-1,3114.0,1618
TTCGTGCTCCTGGTGA-1,2964.0,1514
TTCGTGCTCGCAATCG-1,4084.0,1978
TTCGTTAGTCTTGCTG-1,3500.0,1809
TTCGTTAGTGCACGCA-1,2959.0,1607
TTCTTAGGTAAAGCAA-1,2998.0,1451
TTCTTAGGTACCGAAC-1,6948.0,2707
TTGACATCAAACCTTG-1,2679.0,1319
TTGACATCAACGTGCT-1,8052.0,3237
TTGACATCATAGCTGC-1,4821.0,2037
TTGACGTAGAACCTAC-1,3925.0,1913
TTGACGTAGCAACAAG-1,3084.0,1790
TTGACGTAGGTTAGAG-1,5262.0,2065
TTGACTAAGTAAAGGT-1,5973.0,2388
TTGACTAAGTTTAACG-1,2045.0,1207
TTGAGGCGTAAATTGC-1,3720.0,1853
TTGATGTCAATTGAAG-1,2914.0,1458
TTGATGTCATTAAGTC-1,5124.0,2326
TTGCAAGGTGGGAACA-1,8222.0,3163
TTGCAAGGTTAAGTGT-1,1429.0,933
TTGCAAGGTTGGCCGA-1,2169.0,1220
TTGCAATCAGACAAAC-1,3853.0,1760
TTGCAATCATGGCCTG-1,4924.0,2159
TTGCACACACGGTACT-1,3837.0,1732
TTGCAGCCAATTAACC-1,13499.0,4166
TTGCAGCCACGGTACT-1,10359.0,3116
TTGCAGCCAGCTTAAT-1,7214.0,2978
TTGCATTTCGCCTGTT-1,3332.0,1855
TTGCGAGTCCCTGTTA-1,7638.0,2912
TTGCGAGTCCGTTAAA-1,2861.0,1402
TTGCGAGTCTGGCAAT-1,5103.0,1916
TTGCGTCTCCGTAAAC-1,1264.0,705
TTGCTCTCATAAGTCT-1,2662.0,1428
TTGCTCTCATTAAAGG-1,6570.0,2466
TTGCTTAGTCCTTTAA-1,91.0,73
TTGCTTTAGCTGTACG-1,3523.0,1675
TTGGAGGCAGCCAGAA-1,4136.0,1965
TTGGATATCAGGTTTA-1,7178.0,2959
TTGGATATCCGTTAAA-1,4095.0,1937
TTGGATCAGCGATAAG-1,2009.0,1238
TTGGATTCAATTAAGG-1,4489.0,2065
TTGGCTGAGCGATACT-1,3686.0,1710
TTGGCTTGTACGTTTC-1,3051.0,1595
TTGGCTTGTGTCCAGG-1,3463.0,1630
TTGGCTTGTGTGTGGT-1,8528.0,3104
TTGGGCCAGCGGCTGT-1,1318.0,722
TTGGGCCAGTAACGAG-1,3137.0,1586
TTGGGCGGTCCGTGAG-1,3529.0,1760
TTGGGCGGTCTCAGCC-1,4153.0,1870
TTGGGTTAGTCCTGAG-1,7616.0,3142
TTGGGTTAGTTATCTC-1,2371.0,1280
TTGGTGAGTCAAACTG-1,3188.0,1631
TTGTAAGTCGGGACTC-1,2648.0,1359
TTGTAAGTCGGTTTCC-1,4138.0,1586
TTGTCAAAGCGATAGA-1,9154.0,3338
TTGTCAAAGGAACCGG-1,5342.0,2259
TTGTCAAAGTTGGATC-1,3057.0,1445
TTGTCAAAGTTTGGTA-1,2690.0,1436
TTGTCCCAGCTCAAAC-1,4167.0,1949
TTGTCCGGTGCATTAG-1,1095.0,636
TTGTCCGGTTAGGCTA-1,5279.0,2287
TTGTGCCTCATGGTGT-1,3035.0,1572
TTGTGTGCACTGGCCA-1,3877.0,1879
TTGTGTGCAGCATGGA-1,5071.0,2281
TTGTTCCCACGAATTT-1,3094.0,1537
TTGTTCCCAGCCAGTT-1,8006.0,2899
TTGTTCCCAGGCTTCG-1,5060.0,2206
TTGTTGCGTGTGCAAC-1,1793.0,1027
TTTAACCTCTTGGACG-1,6818.0,2729
TTTAAGGTCATAATCG-1,5255.0,1975
TTTACGAAGACAACAG-1,3588.0,1743
TTTACGAAGCAGGTTT-1,2106.0,1206
TTTAGCAAGGTAGCTT-1,4524.0,1735
TTTAGCTTCCACCTTA-1,5983.0,2530
TTTAGGATCGAAGCGG-1,5093.0,2296
TTTATGGAGTTGTCCC-1,3598.0,1811
TTTCACCCACAGCCAT-1,3760.0,1794
TTTCACCCAGTAGGTG-1,7123.0,3021
TTTCATCAGCCTGGTA-1,3617.0,1893
TTTCCACCACATAACT-1,4485.0,1928
TTTCCGGGTTTAGTCC-1,3867.0,1926
TTTCCTGAGTTGTCCC-1,5367.0,2387
TTTCGTCCAAGACTCC-1,4226.0,1954
TTTCGTCCACAACAAA-1,4947.0,1905
TTTCGTCCAGAGGGAG-1,2743.0,1549
TTTCGTCCATGACTAT-1,5495.0,2316
TTTCGTCCATTCCTGT-1,6742.0,2838
TTTCTCACACTTAGGC-1,8674.0,3305
TTTCTCACATTCCTGT-1,4360.0,2032
TTTCTTGCAGCACGTT-1,6454.0,2606
TTTGACCGTAGTAAGA-1,4771.0,2042
TTTGAGTCAAGGTATA-1,2446.0,1337
TTTGAGTCAGTACCGT-1,4782.0,1987
TTTGCATTCACTCAAA-1,11064.0,3430
TTTGCATTCGTGCCTT-1,2771.0,1498
TTTGCATTCTAAGGTC-1,3049.0,1545
TTTGCGACAATCCTGA-1,4201.0,1966
TTTGCGACATGCATAT-1,4796.0,1774
TTTGCGACATGTCGCG-1,2528.0,1261
TTTGCGGAGCAGGTTT-1,2723.0,1509
TTTGCGGAGCGAAGTA-1,3638.0,1730
TTTGCGGAGGTCGATT-1,5667.0,2309
TTTGGCTGTTTACGTC-1,3286.0,1624
TTTGTGGCATCCGTAA-1,2563.0,1346
TTTGTGGCATTAGCCA-1,1749.0,972
TTTGTGGCATTGCGAC-1,4772.0,2330
TTTGTGTTCCGCCTAT-1,1914.0,1057
TTTGTGTTCCGTGACA-1,2759.0,1513
TTTGTTGGTAGGTTTG-1,5072.0,2055
