,leiden
AAACAGCCAAATATCC-1,7
AAACAGCCAGGAACTG-1,4
AAACAGCCAGGCTTCG-1,0
AAACCAACACCTGCTC-1,6
AAACCAACAGATTCAT-1,5
AAACCAACAGTTGCGT-1,2
AAACCAACATAACGGG-1,1
AAACCAACATAGACCC-1,0
AAACCGCGTGAGGTAG-1,6
AAACGCGCATACCCGG-1,4
AAACGGATCCTAGTAA-1,0
AAACGTACAAATACCT-1,5
AAAGCACCACCCACCT-1,1
AAAGCTTGTGTGTGGT-1,0
AAAGGACGTATTGTGG-1,7
AAAGGACGTCATCCTG-1,0
AAAGGACGTTAAGCCA-1,0
AAAGGACGTTCACCAT-1,6
AAAGGAGCACAAACTT-1,1
AAAGGAGCATAGCTGC-1,0
AAAGGCTCACCGTTCC-1,2
AAAGGCTCACTTCACT-1,6
AAAGGTTAGCAAGGGT-1,4
AAAGGTTAGGGTGGAT-1,2
AAATCCGGTTAGCGTA-1,5
AAATGCCTCCAGGAAA-1,0
AAATGCCTCGCTAAAC-1,0
AACAAAGGTAATGGAA-1,9
AACAAGCCAGGTTCAC-1,0
AACAGATAGAGGCTAA-1,1
AACAGATAGGGTCCAC-1,1
AACAGCAAGGAAGCTA-1,7
AACAGGATCACTAGGT-1,1
AACAGGATCATCACTT-1,0
AACAGGATCTACCTGC-1,7
AACATAGCATAAAGCA-1,1
AACATCATCCGTTATT-1,0
AACATCATCGAGGAAC-1,3
AACATCATCGGCTATG-1,6
AACCCGCAGTAACAGG-1,4
AACCCGCAGTCACTAA-1,1
AACCGGCTCCGTAAAC-1,4
AACCGGCTCGATCAGT-1,0
AACCGGCTCGTTAGCG-1,3
AACCTCCTCCCTCACG-1,4
AACCTTAAGGTCTTGG-1,3
AACCTTGCAATAATCC-1,2
AACCTTGCAGCCTGCA-1,0
AACCTTGCAGGACCTT-1,8
AACGACAAGGACCGCT-1,0
AACGCCCAGTTTGAGC-1,6
AACGGTAAGCTGCACA-1,2
AACTAGTGTAACCAGC-1,0
AACTAGTGTCGTAATG-1,2
AACTAGTGTGTTGCTT-1,2
AACTCACAGCACTAAC-1,4
AACTCACAGCTAATTG-1,2
AACTCACAGGAAGCAC-1,4
AACTCACAGGGCTAAA-1,0
AACTGTTCAAGACTCC-1,0
AACTGTTCAGCGCTTG-1,6
AACTTAGTCCATAATG-1,6
AACTTAGTCGCGCTAA-1,1
AAGAACAGTATTCGTC-1,6
AAGAATCAGGCTACAT-1,3
AAGACATAGTAAGGGC-1,0
AAGACCAAGAGAGGAG-1,5
AAGACCAAGTTGTCTT-1,0
AAGCAAGTCATTGCAA-1,2
AAGCAAGTCGTTTCGC-1,0
AAGCCTCCACAATGCC-1,3
AAGCCTCCACACTAAT-1,1
AAGCCTCCAGACAAAC-1,1
AAGCCTTAGGAATAAC-1,4
AAGCCTTAGGCTAAGA-1,0
AAGCGAATCATGCCTC-1,4
AAGCGAGGTATCTGGA-1,6
AAGCGAGGTCGACTCC-1,3
AAGCGAGGTTACCGGG-1,6
AAGCGAGGTTGCACGG-1,0
AAGCGCTGTATTGCAG-1,1
AAGCGTTTCATTGTCT-1,6
AAGCGTTTCCTGATTT-1,6
AAGCGTTTCGCACACA-1,8
AAGCTAGAGATGGACA-1,1
AAGCTATGTTACTTGC-1,1
AAGCTATGTTTAACCC-1,6
AAGCTCCCAGCAATAA-1,6
AAGCTTGGTCGCAATA-1,2
AAGGATCCAGTCTAGC-1,2
AAGGATGTCTCATCAT-1,2
AAGGATTAGTAGCGCC-1,0
AAGGCCCTCTTGATGA-1,0
AAGGTATAGTAGCGGG-1,5
AAGGTCAAGAATGACG-1,2
AAGGTCAAGCACAGAA-1,3
AAGGTCAAGGTCCGTA-1,0
AAGTAGCCACGGTTTA-1,0
AAGTAGCCAGTTTGGC-1,2
AAGTGAAGTATGTGGC-1,0
AAGTGTTGTGAGACTC-1,0
AAGTGTTGTGCTCCGT-1,1
AAGTGTTGTTGAGGTC-1,8
AAGTGTTGTTTCGCCA-1,1
AAGTGTTGTTTGCAGA-1,0
AAGTTACGTAGCTAGC-1,2
AAGTTAGCACCTCAGG-1,0
AAGTTAGCACTAAGAA-1,3
AAGTTTGTCAAGGACA-1,1
AAGTTTGTCCAATTAG-1,3
AAGTTTGTCTAAGTGC-1,5
AATACCGGTTCCATTA-1,5
AATAGAGGTATTCGTC-1,2
AATAGAGGTGAGGTAG-1,0
AATCAGGAGCGAAGTA-1,3
AATCATCCAATCCTGA-1,0
AATCATGTCATTACTC-1,3
AATCCATCACCTCAGG-1,6
AATCCCTGTGCAATAT-1,3
AATCCCTGTTAGCCAA-1,3
AATCCTAAGATGGAGC-1,0
AATCCTAAGCGGGCAA-1,0
AATCCTAAGTTGGATC-1,2
AATCGCCCACAGCCAT-1,3
AATCTCAAGCACTAGT-1,4
AATGAAGGTAGGTTAT-1,0
AATGCAACAAGGTATA-1,3
AATGCAACACACTAAT-1,0
AATGCAACACCACAAC-1,2
AATGCATGTGTTTCAC-1,4
AATGCGCGTACCGGAT-1,0
AATGGCGCAAGCCACT-1,5
AATGGCGCAGTCTATG-1,0
AATGGCGCATCACTTC-1,2
AATGGCGCATTAGCGC-1,3
AATGTCCAGGTAACGA-1,4
AATTACCCACCTGCCT-1,3
AATTAGGCATTTAAGC-1,4
AATTCGTCACTTAGGC-1,9
AATTCGTCAGCAGGTA-1,2
AATTCGTCAGGCTAAG-1,1
AATTGCCAGGGCTTTG-1,4
AATTGCCAGTACTGGT-1,1
AATTGGACATCGCTCC-1,5
AATTGGGAGCCAGGTC-1,0
AATTGTGTCCATCAGG-1,0
AATTTGGTCCCGAAGC-1,3
ACAAAGGTCCCTGTTA-1,1
ACAACACTCCTGAATA-1,6
ACAACAGAGGTCCTAG-1,1
ACACCTTGTACGTTTC-1,0
ACACCTTGTCATCAAG-1,1
ACACCTTGTCCTAAGA-1,6
ACACGGACAGGCGATA-1,2
ACACGGACATGGTTAT-1,3
ACACTAATCGCCTGTT-1,2
ACACTAATCGTTAGCG-1,7
ACACTTAAGCGCTCAA-1,0
ACACTTGCACTATGGC-1,6
ACAGGAATCAAGCTAC-1,0
ACAGGAATCAATGACC-1,4
ACAGGAATCAATGTCA-1,2
ACAGGAATCCAGGTCA-1,4
ACAGGATCAAAGGCCA-1,1
ACAGGATCAAGCCAGA-1,1
ACAGGATCACCTGCCT-1,5
ACAGGCTGTCAATGTG-1,7
ACATAGCTCATGACCG-1,2
ACATAGCTCTAGCGTG-1,0
ACATCAATCACAGCCA-1,8
ACATCAATCTCAATTC-1,0
ACATCATCACTATGGC-1,0
ACATTGCAGGAATAAC-1,8
ACATTGCAGGCACAGG-1,1
ACCAAACTCTTGGACG-1,4
ACCAAGCGTTGGCGTG-1,0
ACCAATATCCCTGGTT-1,5
ACCAATATCTATGACA-1,1
ACCACACCAAGTAAGC-1,0
ACCACATAGCTGCACA-1,1
ACCACATAGGCTAAGA-1,1
ACCACATAGTTATCCT-1,0
ACCAGCTCATGTCAGC-1,0
ACCAGCTCATGTGGGA-1,8
ACCAGGCTCCAGCACA-1,5
ACCAGGCTCCGGAACC-1,0
ACCAGGGAGCGCTCAA-1,3
ACCAGGGAGGCCAATT-1,1
ACCAGGGAGTAACAGG-1,2
ACCATAATCGCAGGCT-1,5
ACCATAATCTGGTCCT-1,2
ACCATAATCTTAGCGG-1,3
ACCATTAAGCAAGACA-1,3
ACCCAACCACCTGCTC-1,0
ACCCAACCACTAGGTC-1,0
ACCCAACCAGGTTCAC-1,0
ACCCAGGGTACGATTG-1,4
ACCCAGGGTGAACAAA-1,8
ACCCAGGGTGAATCGC-1,4
ACCCAGGGTGCTCCAC-1,3
ACCCAGGGTTATTGCC-1,9
ACCCGCTGTTTAGCTC-1,3
ACCCGTAAGCAGCTAT-1,1
ACCGAAGCAAAGGCCA-1,1
ACCGAAGCACCTCGCT-1,5
ACCGAAGCAGCCAGTT-1,4
ACCGAAGCAGGCCAAA-1,3
ACCGAAGCAGTACCGT-1,1
ACCGCAATCATGTTTC-1,0
ACCGGCTAGCCGCTAA-1,6
ACCGGTTCAAGGTAAC-1,6
ACCGGTTCACCTCAGG-1,2
ACCTAAATCAATCATG-1,7
ACCTAAATCCAGGAAA-1,1
ACCTAAATCCTAAGGT-1,2
ACCTAAGGTGGAAGGC-1,4
ACCTAAGGTTCACCAT-1,0
ACCTACCTCTAACCTT-1,7
ACCTCACTCCCGAAGC-1,3
ACCTCACTCTAGCTTT-1,1
ACCTCACTCTTGCTAT-1,0
ACCTGTTGTAGGTTAT-1,9
ACCTGTTGTTAGGCGT-1,1
ACCTTCCAGGTGAGAC-1,3
ACCTTCCAGTAACGGA-1,1
ACCTTCCAGTCAATCA-1,2
ACCTTGCTCAGCTAAC-1,1
ACCTTGCTCCCTGGTT-1,6
ACCTTGTGTGTTGCTT-1,7
ACGAACAAGGCCTGGT-1,3
ACGAACAAGGTGCGGA-1,4
ACGAACAAGGTTAGCT-1,2
ACGAATCTCGGGCCAT-1,7
ACGACTTAGCCAGTAT-1,0
ACGAGTAAGCACTAAC-1,4
ACGAGTAAGGATAAAC-1,0
ACGATTCAGAACCTGT-1,0
ACGATTCAGCATTTCT-1,0
ACGCACGGTACGGGTT-1,7
ACGCACGGTTAATGAC-1,0
ACGCACGGTTACGCAA-1,1
ACGCCTAAGGAAGCTA-1,3
ACGCCTAAGGCGGGTA-1,7
ACGCCTAAGTCTATGA-1,4
ACGCCTAAGTGAGGGT-1,3
ACGCCTTTCATTTGCT-1,5
ACGCTTGAGCTCATAA-1,0
ACGCTTGAGGTCATTA-1,5
ACGGGAAGTCGCATAA-1,3
ACGGGAAGTTCGGTAA-1,6
ACGGGAAGTTTGAGGC-1,3
ACGGTACGTCGCATAA-1,1
ACGGTTAGTGCATCGG-1,2
ACGGTTAGTGTGCAAC-1,3
ACGGTTTAGCCGCAGT-1,1
ACGTACCCAATGAAGC-1,1
ACGTCAAGTTAATGCG-1,8
ACGTCCAAGCAGCTAT-1,0
ACGTCCTTCAAAGGCA-1,0
ACGTCCTTCCTAATTC-1,3
ACGTCCTTCGCTAGAT-1,5
ACTAAAGCACAGAAAC-1,0
ACTAACCAGCACAGAA-1,0
ACTAACGGTTACGCGG-1,1
ACTAACTCAAGGTGCA-1,2
ACTAACTCAGAGGGAG-1,1
ACTAACTCAGGGAGGA-1,6
ACTAATCCAGGTATTT-1,1
ACTAGGCGTACTGAAT-1,1
ACTATCCGTAGGATTT-1,4
ACTATCCGTTCACTGT-1,1
ACTATGTCACCGGTAT-1,2
ACTATGTCACCTACTT-1,1
ACTATGTCAGTTTGTG-1,4
ACTCAGTAGCTTAACA-1,2
ACTCAGTAGGAAGCAC-1,7
ACTCAGTAGGCATGTT-1,4
ACTCGCGCAAGGAATC-1,6
ACTCGCGCACCTACTT-1,0
ACTCGCGCATAATCGT-1,4
ACTGAAACATAAAGCA-1,2
ACTTACAAGGCATGAA-1,0
ACTTACTTCAGGGCCT-1,4
ACTTACTTCATAGCCG-1,1
ACTTACTTCCTTCAAT-1,0
ACTTACTTCTCCTCAA-1,0
ACTTAGGGTAGGTTTG-1,3
ACTTAGGGTAGTAAGA-1,1
ACTTAGGGTAGTTGGC-1,1
ACTTATCTCAAGGACA-1,7
ACTTATCTCTTACTCG-1,3
ACTTCGCTCCACCCTG-1,1
ACTTCGCTCGTAACGT-1,4
ACTTCGCTCTAAGGTC-1,2
ACTTGAATCCAAGTTA-1,0
ACTTGCACAACCTAAT-1,2
ACTTGTCGTACCGTAA-1,5
AGAAACCCATAATGTC-1,5
AGAAAGGCAATTAGCT-1,6
AGAAAGGCATCCATCT-1,0
AGAACAAGTAGCCTAA-1,1
AGAACAAGTCCTTCAG-1,2
AGAACCAAGCCGGTAC-1,0
AGAACCAAGTAAGAAC-1,2
AGAACCGCACCTAATG-1,1
AGAAGGTGTAACGGGA-1,4
AGAAGGTGTCGCGCAA-1,0
AGAATCTGTACTAAAC-1,6
AGAATCTGTCGCAAAC-1,5
AGACAATAGGCCTTAG-1,5
AGACCCGGTAAGCACC-1,0
AGACTATGTATGGTGC-1,3
AGAGAAGCATAGCTGC-1,5
AGAGATTAGTCATGCG-1,0
AGAGGAACACGAATCC-1,1
AGAGGAACACTTACAG-1,4
AGAGGAACAGCTTAAT-1,1
AGAGGATGTCAGGAAG-1,0
AGAGGATGTTAACAGT-1,0
AGATGAAGTAATAACC-1,1
AGATGAAGTACGTTTC-1,4
AGATGAAGTGTAACCA-1,0
AGATGAAGTGTCCAAA-1,1
AGATGAAGTGTCCAGG-1,5
AGATGAAGTTGGTTCT-1,1
AGATGCTTCCGTCCAT-1,7
AGATGCTTCCTGGTGA-1,2
AGATGCTTCGTTCACC-1,0
AGCAAATAGCCAGTAT-1,3
AGCAAATAGCTATATG-1,0
AGCAAATAGGTGTTAC-1,3
AGCAATTGTAAAGCAA-1,4
AGCAATTGTCAATAGT-1,1
AGCAATTGTGGGTACT-1,1
AGCACAGCAAGGGTTG-1,2
AGCACAGCATACTCCT-1,3
AGCACAGCATTCCTGT-1,2
AGCACTTAGGAACACA-1,0
AGCACTTAGTTAGCCG-1,1
AGCAGGTAGACTTACA-1,4
AGCATCCCAAATACCT-1,5
AGCATTTCAGTAAGTA-1,3
AGCCAGTGTAATGACT-1,8
AGCCGCTAGTTATCCT-1,2
AGCCGGTTCCGGAACC-1,2
AGCCGGTTCCTTCTAG-1,6
AGCCGGTTCTGCAACG-1,2
AGCCTAAGTGCTTACT-1,4
AGCCTAGTCGTCCTTA-1,9
AGCCTAGTCTTTGACT-1,5
AGCCTGGGTAACCAGC-1,1
AGCCTGGGTAGCTGGT-1,0
AGCCTGGGTTAGTTGG-1,3
AGCGATTTCGTTCACC-1,0
AGCGATTTCTGCAACG-1,5
AGCGCCTAGCTTGCTC-1,0
AGCGCTCAGGCTGGCT-1,0
AGCGCTCAGGTCCTAG-1,5
AGCGGACCAATCGCAC-1,1
AGCGGACCAGCTTAGC-1,2
AGCGGATAGTTACTTC-1,4
AGCGTGCTCTAATCTC-1,1
AGCTAAACATTGTGAT-1,0
AGCTAAACATTGTGGC-1,2
AGCTAACTCATGGTGT-1,1
AGCTACGTCCGCTAGA-1,2
AGCTACGTCCGTAAAC-1,9
AGCTAGTTCCGTTATT-1,4
AGCTATATCGCACAAT-1,0
AGCTATATCGGCCAGT-1,0
AGCTATATCGTCAAGT-1,1
AGCTGCTCATGAAATG-1,0
AGCTTCCTCAATGAGG-1,0
AGCTTGGTCAATGACC-1,0
AGCTTGGTCTAATTGG-1,4
AGCTTTAAGTAGGATG-1,2
AGGAAACGTCAAACTG-1,5
AGGAAACGTGGTTATG-1,0
AGGAACGGTTGGTTCT-1,0
AGGACTAAGCGATAAG-1,0
AGGACTAAGGCGGATG-1,0
AGGACTAAGTTGCCTC-1,4
AGGAGCTAGAACCTGT-1,0
AGGAGCTAGATGGAGC-1,2
AGGATCCGTCGTAAAT-1,1
AGGATCCGTTGTCCAT-1,5
AGGATGCAGATAACCC-1,1
AGGATGCAGGCTAATC-1,0
AGGATGTCAAGCTTTG-1,3
AGGCAATCAATACTGT-1,2
AGGCAATCATGAGTTT-1,1
AGGCAGGTCAGCAAGA-1,1
AGGCGGATCGCTAGTG-1,2
AGGCTAAAGTAACTCA-1,2
AGGCTAAAGTATTGTG-1,2
AGGCTAAAGTCTATGA-1,1
AGGCTAGCACAATACT-1,6
AGGCTAGCACCTGTAA-1,3
AGGCTAGCACGTAATT-1,5
AGGCTAGCAGGCCAAA-1,3
AGGGCCTTCACGCATG-1,2
AGGGCCTTCAGGAAGC-1,2
AGGGCCTTCCGTGACA-1,0
AGGGCTACAGAATGAC-1,0
AGGGTTGCAACTGGCT-1,2
AGGGTTGCATGAATAG-1,2
AGGTAACCAGGCTAGA-1,1
AGGTACGCAGCCAGAA-1,8
AGGTACGCATAAGCAA-1,5
AGGTATTGTGCTAGCG-1,7
AGGTCAAAGGCAAGTA-1,4
AGGTCATTCAAACCGT-1,1
AGGTCATTCAAGCTAC-1,6
AGGTCATTCTTGCAAA-1,3
AGGTCCGGTAACCAGC-1,0
AGGTCCGGTTAGCGTA-1,2
AGGTCTTAGCAAGGGT-1,4
AGGTCTTAGCAGCTCA-1,5
AGGTCTTAGTGGACAA-1,4
AGGTGAATCTAATCTC-1,0
AGGTGAGGTCATAACG-1,0
AGGTTAACAGCAAGTG-1,6
AGGTTAACAGGTCCTG-1,3
AGGTTAACATGAGCAG-1,3
AGGTTAGAGTTCCCGT-1,1
AGGTTTATCACTCAAA-1,0
AGGTTTATCTTAGTCT-1,0
AGTAAACAGCAATAGG-1,4
AGTAAACAGCAGGTTT-1,0
AGTAACACAGCTTAAT-1,0
AGTAACACATCGCTTT-1,1
AGTAACCTCTTTGACT-1,0
AGTAACGAGACACCGC-1,0
AGTAACGAGAGAGCCG-1,0
AGTAACGAGATAAAGC-1,6
AGTAACGAGCGCCTTT-1,4
AGTAATGCAACCTGGT-1,1
AGTACGCGTTAACGAT-1,2
AGTACGCGTTGTAACG-1,5
AGTAGCTTCATAGACC-1,0
AGTAGCTTCTCCATAT-1,3
AGTAGCTTCTGTGAGT-1,0
AGTATAGCATTATGAC-1,4
AGTCAAGAGACAACAG-1,2
AGTCAAGAGGCAGGTG-1,0
AGTCAAGAGGGCCACT-1,2
AGTCAAGAGTCATTAG-1,6
AGTCAATGTGCTCACC-1,0
AGTCCTGAGCCTGGTA-1,8
AGTCCTTGTCCTAATC-1,6
AGTCGCATCATGCTAA-1,0
AGTCTTGCAATTATGC-1,5
AGTCTTGCACAAAGAC-1,4
AGTCTTGCATTGTGGC-1,3
AGTGAGTCAGCACGTT-1,3
AGTGAGTCAGTACCGT-1,2
AGTGAGTCATGTTGGC-1,4
AGTGAGTCATTAAAGG-1,4
AGTGCCGGTGGTTATG-1,2
AGTGGACAGCTTACTT-1,3
AGTGGACAGGCGAATA-1,1
AGTGGACAGTCACGAT-1,9
AGTGTGGCATGCATAT-1,3
AGTGTGGCATTGACAT-1,1
AGTGTTTCAGGGAGGA-1,4
AGTTACTCAATGCCTA-1,2
AGTTACTCACTTCATC-1,1
AGTTATGTCCCTGTTA-1,1
AGTTATGTCCTCACAC-1,1
AGTTGCAGTAGCCTAA-1,3
AGTTGCAGTAGGTTTG-1,0
AGTTGCAGTCTTGCAT-1,0
AGTTGCAGTGAGGTAG-1,3
AGTTGCGTCCAACTGG-1,1
AGTTGGCGTACAAAGA-1,4
AGTTGGCGTATCTGGA-1,8
AGTTGGCGTGACATAT-1,0
AGTTGGCGTTAGTTGG-1,1
AGTTGTCAGATGGACA-1,1
AGTTGTCAGTAAACCC-1,4
AGTTTGCAGCTATATG-1,6
ATAACGACAATTATGC-1,2
ATAACGACACATTAAC-1,3
ATAAGCCTCTAGCTTT-1,1
ATAAGCCTCTATCGCC-1,4
ATAAGTCGTGAGGTAG-1,0
ATAAGTCGTTCCTCCT-1,4
ATAAGTCGTTCGGGAT-1,3
ATACCGGTCACGAATC-1,0
ATACCTGCAATCCTGA-1,1
ATACCTGCAATTAGGA-1,1
ATAGATGCACTTACAG-1,1
ATAGATGCATTTGCTC-1,5
ATAGCATGTAACCACA-1,8
ATAGGTACACTGGCCA-1,0
ATATAGGCAGAAACGT-1,6
ATATGCATCAGCTAAC-1,3
ATATGCATCCGCATGA-1,2
ATATGCATCGCAATCG-1,1
ATATGCTCAAGGACCA-1,2
ATATGCTCAATAGCAA-1,5
ATATGCTCACGAACAG-1,4
ATCAAGACACTGACCG-1,8
ATCAAGACAGGAACCA-1,4
ATCAAGCTCCTTCTAG-1,5
ATCAAGCTCGGTCATG-1,9
ATCAATCCAAACCTTG-1,4
ATCAATCCAAGCTTTG-1,1
ATCAATCCAGTAAGTA-1,0
ATCACAATCTACCTCA-1,1
ATCACAATCTCCATAT-1,5
ATCACACAGGCCGGAA-1,1
ATCACCCTCCTAACGG-1,2
ATCACCCTCTATTGTC-1,0
ATCACTAAGATGGACA-1,6
ATCACTAAGCTCAAAC-1,5
ATCAGGTTCACTTCAT-1,1
ATCAGGTTCATTTGTC-1,3
ATCAGGTTCCCTGTTA-1,4
ATCATCAAGCCAGTAT-1,7
ATCATCAAGGGCCACT-1,0
ATCCAACAGCGGCTGT-1,3
ATCCACCTCAGAAACG-1,2
ATCCACCTCGTCAAGT-1,6
ATCCGTGAGACTCGCA-1,1
ATCCGTGAGGTCATTA-1,6
ATCCTCATCTGGTCCT-1,0
ATCCTCATCTGTGAGT-1,6
ATCCTGACAATGCGCT-1,2
ATCCTGACATGTCAAT-1,1
ATCCTTAGTGTCACGG-1,4
ATCGAGGCAACAGGAT-1,3
ATCGGCCAGGTTTGCG-1,2
ATCTATGAGCAAACCT-1,3
ATCTTTGGTTGTTGGA-1,5
ATGAAGCCAGCACCAT-1,5
ATGAAGTAGTAACCAC-1,2
ATGAATGCAAGGTAAC-1,0
ATGACAACACTATGGC-1,3
ATGACAACAGCTCATA-1,0
ATGACCAGTTACTTGC-1,9
ATGACTCAGCACGTTG-1,4
ATGAGCCGTTTCGCGC-1,3
ATGATGGAGCTTCTCA-1,8
ATGCAGGCAAAGGTAC-1,1
ATGCATTCAAGTAAGC-1,7
ATGCATTCACCGGCTA-1,0
ATGCGATTCATGACCG-1,1
ATGCTTAAGCAACATC-1,5
ATGCTTAAGGACCAGG-1,1
ATGCTTAAGGTCTTGG-1,4
ATGGCCCAGACAAACG-1,5
ATGGCTAGTGTGAGAG-1,1
ATGGCTAGTTTGCGCC-1,1
ATGGCTTAGCCGCAAC-1,4
ATGGCTTAGCTCAAAC-1,0
ATGGTCTAGCGAGCGA-1,1
ATGGTGCGTTACCTGT-1,1
ATGGTGCGTTGGTTAG-1,0
ATGGTTATCTCCATGC-1,4
ATGTAACGTTTAGCTC-1,3
ATGTAAGCACCAACCG-1,2
ATGTAAGCAGAGAGCC-1,2
ATGTAAGCAGCTTAGC-1,3
ATGTAAGCATTAGCGC-1,2
ATGTAAGCATTGTGAT-1,8
ATGTCAATCTACCTGC-1,4
ATGTCAATCTTGTCTG-1,1
ATGTCATCAAGGTCCT-1,2
ATGTCATCACCTATAG-1,3
ATGTCCACATAAGTTC-1,2
ATGTTCAAGACTTATG-1,0
ATGTTGTCAGCAACAG-1,1
ATGTTTGAGCCGCTAA-1,4
ATTAACCCAAACAACA-1,2
ATTAACCCACAACAGG-1,0
ATTAACCCATTGTCAG-1,9
ATTACCCGTGGAGCAA-1,2
ATTACCCGTTTACCGT-1,6
ATTACCGCATCATGTG-1,2
ATTACGTCATTAAAGG-1,2
ATTAGCTCAGCAGGTA-1,0
ATTAGCTCATAATCGT-1,0
ATTAGGTGTCTCAGCC-1,1
ATTCAACCACTAGCGT-1,0
ATTCAACCAGGAACAT-1,5
ATTCACTTCCTAACGG-1,0
ATTCACTTCGGTAACT-1,1
ATTCCGGAGCTACTGG-1,1
ATTCCTAGTATTGTGG-1,0
ATTCCTAGTCATAACG-1,1
ATTCCTAGTGCTGTAA-1,4
ATTCCTAGTTGTTGGA-1,5
ATTCCTCCAAGGTGGC-1,0
ATTCGTTTCCAGGAAA-1,5
ATTGAAGCAATAATCC-1,0
ATTGACTCAATCCTGA-1,1
ATTGACTCACTTAGGC-1,1
ATTGACTCATCAGTAT-1,2
ATTGCACAGCCTGTTC-1,0
ATTGCACAGTTAGAGG-1,3
ATTGCAGGTACTGATG-1,5
ATTGCGCCAAATGCCC-1,6
ATTGCTCGTAAGGTCC-1,0
ATTGCTCGTACGCGCA-1,1
ATTGGCTAGTAAGTCC-1,3
ATTGTGATCAATTACG-1,3
ATTGTGATCATGCTCC-1,2
ATTGTGATCGGTCATG-1,2
ATTTAGCCAATCCCTT-1,3
ATTTAGCCAGGGAGGA-1,2
ATTTGCAAGAGAAGGG-1,1
ATTTGCAAGGATTGCT-1,0
ATTTGCGCAGTTTGGC-1,1
ATTTGTGAGTTGTCAA-1,1
CAAACACTCCACCCTG-1,3
CAAACACTCGTAACGT-1,0
CAAACATGTACTTAGG-1,8
CAAACCGTCAAGTGTC-1,3
CAAACCGTCATGAAGG-1,3
CAAACGCGTGGATTAT-1,3
CAAACGCGTTATCGAG-1,0
CAAACGCGTTTGGCTT-1,0
CAAACTGGTCCCGGAA-1,2
CAAAGCGCAGCCAGTT-1,0
CAAAGTGAGTAGGATG-1,6
CAAATCATCAGCAAGA-1,5
CAAATCATCTATGACA-1,0
CAACAATGTCATGCAA-1,0
CAACAGGCAGCATGGA-1,6
CAACCCGCACGCAACT-1,7
CAACCCGCATAATGTC-1,4
CAACCCGCATTCCTCG-1,6
CAACTAATCCTTCGTA-1,4
CAACTAGGTGCTTAGA-1,6
CAAGAACCAGCTAACC-1,4
CAAGACAAGCACAGCC-1,0
CAAGACAAGGTATTGC-1,1
CAAGGCTGTACCGGAT-1,5
CAAGGCTGTGAACAAA-1,1
CAAGGGAGTAACGAGG-1,3
CAAGGGAGTCTCAGCC-1,5
CAAGGGAGTGATCAGC-1,6
CAAGGGAGTTGCAGTA-1,1
CAAGGTAAGTCATTGA-1,3
CAAGGTAAGTGACCTG-1,0
CAAGGTTTCAGTTCCC-1,6
CAAGGTTTCATTACAG-1,3
CAAGGTTTCCCTGACT-1,2
CAAGGTTTCCGCCTAT-1,0
CAAGTAACAGGCGAGT-1,2
CAAGTATGTCGTTATC-1,0
CAAGTATGTGTTAAAC-1,2
CAAGTGAAGCGCAATT-1,2
CAAGTGAAGTTCCTGC-1,8
CAAGTTATCACCTGCT-1,9
CAAGTTATCGCTAGCA-1,0
CAATAAGCAATGCCCG-1,4
CAATAAGCACATACTG-1,1
CAATAAGCACTAGCGT-1,1
CAATAAGCAGCCTTGG-1,1
CAATAAGCAGGTATTT-1,2
CAATAGCTCATAGCCG-1,2
CAATATGTCAAACCTA-1,7
CAATCCCTCACATTGA-1,4
CAATCCCTCCCGCCTA-1,0
CAATCCTGTGCTGTAA-1,0
CAATCGCCACTTCACT-1,1
CAATCGCCATTGTCCT-1,0
CAATCTAAGCTTCCCG-1,2
CAATCTAAGTTTGGGT-1,2
CAATGAACAAGCTAAA-1,0
CAATGAACATAATCCG-1,1
CAATGAACATTTGCTC-1,1
CAATGACTCAAATCGC-1,3
CAATGACTCCGGTTAG-1,6
CAATGACTCGAGCAAA-1,2
CAATGTCAGGAACACA-1,0
CAATGTCAGGCAACAA-1,2
CAATGTCAGGGCCATC-1,0
CAATGTCAGTAGGATG-1,0
CACAAGCGTGATTACG-1,1
CACAAGCGTGTTCCCA-1,0
CACAATATCAATTACG-1,2
CACAGGCTCATCCACC-1,0
CACAGGCTCTATCGCC-1,1
CACAGGCTCTTAGCGG-1,2
CACAGGGAGGAACGGT-1,0
CACAGGGAGGCAACAA-1,3
CACAGGGAGTTATGTG-1,0
CACCAACCAATTGCGC-1,4
CACCAACCAGCATTAT-1,3
CACCGGTAGTGAACGA-1,2
CACCTCAGTCCGGTTC-1,6
CACCTCAGTTTGGGCG-1,1
CACCTGTTCACTCGCT-1,5
CACCTGTTCCAACTGG-1,1
CACCTGTTCTGCAACG-1,0
CACGCAATCGATATTG-1,1
CACGCTAAGGTCCTGA-1,5
CACTAAGGTGGAGCAA-1,1
CACTAGCCAATAATCC-1,0
CACTAGCCATAAAGCA-1,2
CACTGACCAATTTAGC-1,4
CACTTAAAGTCATTTC-1,0
CACTTTGTCAGCTAAC-1,4
CAGAACCGTCACAGCG-1,1
CAGAACCGTGCTTAGA-1,0
CAGAATCTCAAGCTTA-1,1
CAGAATCTCGCTTCTA-1,3
CAGATTCAGCGGGCAA-1,1
CAGATTCAGGAGTAAT-1,0
CAGCAAGCACTTAGGC-1,0
CAGCATGTCTACCTAT-1,0
CAGCATTAGTCGCTAG-1,2
CAGCCAATCATTGTTC-1,0
CAGCCAATCCTGCGAA-1,2
CAGCCTAAGCCTGTGA-1,1
CAGCCTAAGGTCCACA-1,3
CAGCCTTTCTAATCCT-1,4
CAGCTAAGTCCAAGAC-1,2
CAGCTAAGTTGAAGCC-1,8
CAGCTCAAGAGGAGGA-1,5
CAGCTCAAGCTCGCTT-1,0
CAGGAAGGTCCTTCTC-1,0
CAGGAAGGTCGAAGTC-1,5
CAGGAAGGTTCAAGCA-1,6
CAGGACACAAAGGCCA-1,0
CAGGACACATTTAAGC-1,5
CAGGACCTCCGTCCAT-1,0
CAGGCTATCCGCAAGC-1,1
CAGGGTGAGCATGTCG-1,7
CAGGGTGAGTGAGAGC-1,4
CAGGTCCAGAGAGCCG-1,6
CAGGTCCAGGTCGAGG-1,0
CAGGTGGAGCAGCTCA-1,2
CAGGTGGAGGATTTGC-1,7
CAGGTTTAGTATTGTG-1,3
CATAACGGTTGCAATG-1,0
CATAAGCTCATTACAG-1,6
CATAAGCTCTACTAAG-1,3
CATAGACTCATGAGCT-1,5
CATAGACTCCATTACT-1,5
CATAGACTCCTACCTA-1,2
CATAGCTAGCTATTAG-1,0
CATAGCTAGGAGGACT-1,0
CATAGGCGTCATCCTG-1,0
CATAGGCGTCCGGTTC-1,5
CATAGGCGTCCGTGAG-1,0
CATAGGCGTTACTTCA-1,1
CATAGGTTCTGTTGCC-1,2
CATAGTCAGCTCAAAC-1,4
CATAGTCAGGAGGTTA-1,4
CATATCGCAAATTCGT-1,0
CATATCGCACTAAGTT-1,0
CATATCGCACTTCATC-1,7
CATATCGCAGTAATAG-1,3
CATCAATCAGCCTTGG-1,3
CATCACACAACAGGAT-1,8
CATCACACATGCTCCC-1,7
CATCAGCCAACAGGAT-1,4
CATCATAAGTACTGGT-1,6
CATCATAAGTAGCCAT-1,4
CATCATGCACTGACCG-1,4
CATCATGCACTTCATC-1,1
CATCATGCATGCTCCC-1,7
CATCCTCAGACTTATG-1,1
CATCCTCAGAGCCGGA-1,0
CATCCTGGTACGGGTT-1,0
CATCCTGGTATTCGCT-1,0
CATCCTGGTCACGAAC-1,1
CATCCTGGTTACTTGC-1,3
CATCCTTCAAGCCAGA-1,3
CATCCTTCACCCACAG-1,0
CATCGCTTCTTAGTCT-1,4
CATGCAAGTAGGTGTC-1,6
CATGCATAGGGTGGAT-1,3
CATGCGCAGGAGTCGG-1,4
CATGCGCAGGCGCTTA-1,0
CATGGATTCAAGCTTA-1,6
CATGGATTCATAACCA-1,3
CATGGATTCCCTCATA-1,1
CATTATCTCAATCTCT-1,6
CATTATCTCAGTTCCC-1,2
CATTATCTCGTTAGCG-1,1
CATTCATTCGCATTAA-1,0
CATTCCTCACACAATT-1,2
CATTGCGAGCATGTCG-1,4
CATTGCGAGTAACGGA-1,0
CATTGTAAGGACCGCT-1,1
CATTGTAAGGCAGGTG-1,0
CATTGTAAGTAACGGA-1,5
CATTTGTTCTAAGTGC-1,7
CCAAACCCAAACGCGA-1,1
CCAAACCCAATATACC-1,3
CCAAACCCACCTGTAA-1,1
CCAAACCCATAGACTT-1,1
CCAAACTAGACAAGTG-1,0
CCAAACTAGGGTTAGA-1,5
CCAAATCAGGTCCGTA-1,5
CCAACATAGCACCACA-1,0
CCAACATAGGCCCAGT-1,2
CCAACCAAGCGCTAAT-1,4
CCAACCAAGTCGCTAG-1,0
CCAACCCGTGCAATGC-1,2
CCAAGGCTCCATTACT-1,0
CCAAGGCTCGCGCTAA-1,1
CCAAGTTAGTAACCAC-1,0
CCACAATAGCCTGAGC-1,0
CCACACAAGAGGCTAA-1,2
CCACAGGGTTAGCGTA-1,6
CCACATTGTATGTGGC-1,0
CCACATTGTCAATAGT-1,0
CCACTTGGTGGTTCTT-1,1
CCACTTGGTTTACCGT-1,2
CCAGACTCAGTAGGTG-1,1
CCAGACTCAGTTATCG-1,2
CCAGACTCATAGCGGA-1,2
CCAGACTCATTGCGAC-1,0
CCAGCCTGTAGGTTGC-1,2
CCAGCCTGTTCACCCA-1,3
CCAGCCTGTTTAGCGA-1,8
CCAGCTAAGAGGAAGG-1,8
CCAGCTAAGCCGCTTT-1,6
CCAGCTGCAAAGCTAA-1,7
CCAGCTGCACCAACCG-1,3
CCAGGAACAAACTAAG-1,0
CCAGGAACATAATCAC-1,1
CCAGGAACATTGTGCA-1,3
CCAGGATGTGGTGAGA-1,2
CCAGGATGTTGGTTAG-1,4
CCAGTTTGTAGTCAAT-1,0
CCATAAATCACGCATG-1,9
CCATAAATCCCTCATA-1,6
CCATAAGGTCTAACCT-1,3
CCATAAGGTTTGTCTA-1,5
CCATAATCAGCGCTTG-1,1
CCATAGCCAATAAGCA-1,5
CCATAGCCAATATGGA-1,5
CCATAGCCAATTGACT-1,0
CCATATTTCCTCCTAA-1,4
CCATCACTCGGTTTGG-1,1
CCATCACTCTTCAATC-1,1
CCATCATGTAACCACA-1,2
CCATCATGTGCTTAGA-1,4
CCATTATTCTAACTGA-1,3
CCCAAACCAGAAATGC-1,0
CCCAAACCAGGACCTT-1,4
CCCAAACCAGGATTAA-1,4
CCCAAATAGTGAGCGG-1,3
CCCAACCGTCCTAAGA-1,2
CCCAGCACAATCATGT-1,0
CCCAGTTTCCTCATCA-1,7
CCCAGTTTCTGTTGCC-1,5
CCCAGTTTCTTGGACG-1,1
CCCATAACAGGAACCA-1,5
CCCGCAACAGTTGCGT-1,3
CCCGTAAAGTTAGAGG-1,1
CCCGTTGTCAACAAGG-1,4
CCCTCACCAACACCTA-1,1
CCCTCACCAAGACTCC-1,6
CCCTCACCAATAACCT-1,4
CCCTCACCACTAAGTT-1,2
CCCTCACCAGGCTAGA-1,5
CCCTCAGTCATTTGTC-1,1
CCCTCAGTCGGTTTGG-1,1
CCCTCATAGCTATTAG-1,0
CCCTCATAGTGACCTG-1,6
CCCTGTTAGCTGTCAG-1,3
CCCTGTTAGTCGCAAT-1,2
CCCTTAATCGATCAGT-1,7
CCGATGCAGCGAGTAA-1,6
CCGCAAATCATGCAAC-1,0
CCGCAAATCTCGCCCA-1,0
CCGCAAGGTAATCCCT-1,6
CCGCAAGGTTCAAGCA-1,2
CCGCACACACTTCACT-1,0
CCGCACACAGTTTCTC-1,1
CCGCACACATGAGCAG-1,0
CCGCACACATGTTTGG-1,6
CCGCCAACAACCCTCC-1,1
CCGCTAAAGCTGGAAA-1,6
CCGCTAGCATGCTATG-1,3
CCGCTTAGTATCTGGA-1,1
CCGGTAGGTAATGACT-1,2
CCGGTAGGTACTAAAC-1,3
CCGGTAGGTCGTTACT-1,2
CCGGTTAAGGAAGTAT-1,1
CCGGTTAAGGCCTAAT-1,0
CCGGTTAAGTCAGGCC-1,1
CCGGTTAAGTTTGGTA-1,2
CCGTTACTCATCCTGC-1,3
CCGTTACTCTAGCGAT-1,2
CCGTTATGTGCTTAGA-1,0
CCGTTGCGTTAGAGCC-1,1
CCGTTGCGTTTGTCTA-1,5
CCGTTTGGTCCTTAGT-1,4
CCGTTTGGTGCTTTAC-1,1
CCTAAAGGTACGGGTT-1,3
CCTAAGCCAGTAGGTG-1,3
CCTAAGCCATAAGTTC-1,3
CCTAAGCCATTGTGCA-1,3
CCTAAGGTCCTGGCTT-1,1
CCTAATCGTGTAACCA-1,4
CCTAATCGTTAGGCTA-1,3
CCTACTGGTCAAGTGC-1,3
CCTACTGGTTAATGCG-1,0
CCTACTTCACAAGCCT-1,2
CCTACTTCACAGAAAC-1,4
CCTACTTCAGGAACCA-1,2
CCTACTTCATAAGCAA-1,2
CCTAGTTGTGGGAACA-1,1
CCTATAGCAATTAGCT-1,4
CCTATATTCCTCACAC-1,6
CCTATATTCTAACCAA-1,1
CCTATTGTCCCTCAAC-1,1
CCTATTTAGCTTCTCA-1,2
CCTATTTAGTTACTTC-1,4
CCTCAAACATCGTTCT-1,5
CCTCAATGTTGGATAT-1,1
CCTCAGTTCCGGAACC-1,3
CCTCCTCTCGTGCTAG-1,2
CCTCCTGAGGCGAATA-1,8
CCTCCTGAGTTCCTCA-1,7
CCTCCTGAGTTGGCCA-1,0
CCTGAATAGGGTGAAC-1,0
CCTGACTTCCAGGTCA-1,1
CCTGAGTCAGGCCAAA-1,5
CCTGATGAGGGACGCA-1,0
CCTGCTCCAGTTATCG-1,0
CCTGCTCCATAGCGGA-1,7
CCTGGATCACAACCTA-1,7
CCTGGATCAGTAGGTG-1,3
CCTGGATCAGTTTACG-1,3
CCTGTAACAATTAACC-1,5
CCTGTAACAGGTTAAA-1,1
CCTGTTGGTCACAGCG-1,6
CCTTAACGTGTTGCTT-1,7
CCTTAACGTTACAACG-1,2
CCTTAGTGTCACTCGC-1,9
CCTTAGTGTCCTAGTT-1,1
CCTTAGTGTCTATCGT-1,2
CCTTAGTGTGTGTCCC-1,1
CCTTATGTCACACAGT-1,5
CCTTCGGTCACAGACT-1,0
CCTTCGTAGCTTACTT-1,3
CCTTGCGTCACAGGAA-1,3
CCTTTAGTCGATTATG-1,7
CCTTTAGTCTAGCTAA-1,1
CCTTTAGTCTGTTCAT-1,1
CGAAATGAGGGCCATC-1,5
CGAAATGAGGTTAGCT-1,0
CGAAATGAGTGAACCT-1,0
CGAACAAAGGAACACA-1,3
CGAAGCCTCAAAGGCA-1,7
CGAAGGCCAACCTAAT-1,4
CGAATATGTGTGAGGA-1,0
CGAATATGTTCATTTG-1,4
CGAATCTAGGACCAGG-1,4
CGAATCTAGGATGATG-1,7
CGACAAGCATAATGTC-1,1
CGACAAGCATTAAGTC-1,6
CGAGCGAAGAGAGGCT-1,6
CGAGCGAAGTACCGCA-1,0
CGAGCTGGTAACCACA-1,5
CGAGGCAAGTCACCAG-1,2
CGAGGTGAGGTCAAAG-1,8
CGAGGTGAGTCACTAA-1,2
CGAGTCGGTATTCGCT-1,0
CGAGTCGGTGGCTTCC-1,3
CGATGTCCAAAGCGCA-1,5
CGATGTCCAACTAGCC-1,5
CGATGTCCAAGCTACC-1,3
CGATGTCCAATTAGCT-1,0
CGATGTCCAGGCTTGT-1,1
CGATGTCCAGGTTAAA-1,1
CGATTCCTCAGCACCA-1,4
CGATTCCTCTTGATGA-1,0
CGATTTGCATAGACTT-1,1
CGCAAATTCTAATCCT-1,5
CGCAATAGTGCCTCAC-1,5
CGCAATCCAATATACC-1,1
CGCAATGTCCCATAGG-1,3
CGCAATTAGCTTAGCG-1,3
CGCACAATCCCTCAGT-1,1
CGCACCACACCTGGTG-1,7
CGCACCACATCGTTCT-1,0
CGCATATAGTTATGTG-1,1
CGCATGATCCCTGGTT-1,5
CGCATGATCGTTATCT-1,8
CGCATGATCTTAGTGA-1,1
CGCATTACAGCCAGAA-1,0
CGCATTACAGGTCCTG-1,4
CGCATTACAGTTGCGT-1,0
CGCATTACATCTAGCA-1,5
CGCATTACATTGTGAT-1,5
CGCCAAATCATGACCG-1,6
CGCCACACAACTAGAA-1,3
CGCCACACACAATGTT-1,3
CGCCTGTGTGCTAGAC-1,5
CGCCTGTGTGGTTCTT-1,0
CGCGATTCAGGCTTGT-1,4
CGCGGATTCGTTTCGC-1,1
CGCTAACCAATTGCGC-1,0
CGCTAACCATAACGGG-1,1
CGCTAACCATAATGTC-1,0
CGCTAATAGCGCTAAT-1,6
CGCTAATAGTGAGGTA-1,1
CGCTACTTCGTTACAA-1,5
CGCTACTTCTAAGTCA-1,3
CGCTCAGCACAAAGCG-1,3
CGCTCAGCATAAGCAA-1,0
CGCTCCATCACCGGTA-1,7
CGCTGTGCAATCGCAC-1,0
CGCTTAACACTTGTTC-1,4
CGCTTACTCCTGAGTG-1,3
CGCTTCTAGGCTATGT-1,2
CGCTTCTAGTCATTGA-1,0
CGGAATCGTGAGCAAG-1,5
CGGACAACACCCTCAC-1,6
CGGACCTAGCTAATTG-1,6
CGGACCTAGCTTACTT-1,0
CGGACCTAGGATGATG-1,9
CGGAGCAAGAGAGCCG-1,2
CGGATAAAGCCATCAG-1,2
CGGATAAAGTTGGATC-1,4
CGGATTAGTTTCCTCC-1,0
CGGCAATGTCCACAAA-1,1
CGGCAATGTGTGCAAC-1,1
CGGCCATAGGCAGGTG-1,1
CGGCTCACATGAATCT-1,6
CGGGACAAGACAGGTA-1,3
CGGGACAAGCCTAACG-1,6
CGGGACAAGCTCGCTT-1,0
CGGGCTTAGCGATAAG-1,0
CGGGCTTAGCTCATAA-1,2
CGGGCTTAGTAGCGGG-1,1
CGGGTATGTATTCGCT-1,0
CGGGTATGTCTTTGAC-1,1
CGGGTATGTTACTTCA-1,7
CGGGTCTAGCAACATC-1,2
CGGGTCTAGGCAAGTA-1,4
CGGGTCTAGGTCTTGG-1,5
CGGTAACGTGATTTGG-1,3
CGGTAACGTTCCTCCT-1,5
CGGTAACGTTTAGCGA-1,4
CGGTGAACAAGTTATC-1,1
CGGTGAACACCGGTAT-1,4
CGGTGAGAGCGAAGTA-1,0
CGGTGAGAGCTAAAGG-1,4
CGGTTATAGGACAACA-1,0
CGGTTCCGTATTGCAG-1,7
CGGTTCCGTGCTTACT-1,2
CGGTTGGGTCACCAAA-1,0
CGGTTTCTCCTAATAG-1,6
CGGTTTGAGCATCCAG-1,1
CGGTTTGAGGCTCATG-1,1
CGTAACCCAAGGAATC-1,6
CGTAACCCAAGGTGCA-1,6
CGTAACCCAAGTAAGC-1,1
CGTAATGGTCTCACTG-1,1
CGTAATGGTGGTTAGC-1,2
CGTACGGGTAGTAAGA-1,3
CGTACGGGTTCCGCAC-1,1
CGTAGCGGTAATGGAA-1,6
CGTATTGCACTGACCG-1,4
CGTATTGCAGGCGATA-1,6
CGTCAATAGTCCTTCA-1,4
CGTGCACAGTCCTGAG-1,0
CGTGCTGCAACACCTA-1,0
CGTGCTGCAACGTGCT-1,4
CGTGCTGCAAGCCACT-1,3
CGTGCTGCAGGATTAA-1,6
CGTGCTGCATCCGTAA-1,1
CGTGCTGCATGTGGGA-1,2
CGTGCTTTCCACAATA-1,3
CGTGCTTTCGGTAACT-1,2
CGTTAAATCACAGACT-1,4
CGTTAAATCCACCTGT-1,3
CGTTAACAGCTTAGCG-1,3
CGTTAGGTCATTAGTG-1,1
CGTTAGGTCCCTCGCA-1,1
CGTTAGTAGGCCCAGT-1,1
CGTTGCGCAAGTCGCT-1,1
CGTTTCTCAGCTAACC-1,0
CGTTTCTCATACTCCT-1,5
CGTTTGGAGTCATCCC-1,0
CGTTTGTGTCAATGTG-1,8
CGTTTGTGTTTGCAGA-1,6
CTAAAGCTCAATGAGG-1,7
CTAAAGCTCCTCCCTC-1,1
CTAAAGCTCGGTTAGT-1,4
CTAAATGTCAATCATG-1,3
CTAAATGTCTATTGTC-1,2
CTAACCACAGCTTAAT-1,3
CTAACCTGTTCCGCAC-1,0
CTAACCTGTTGGTGAC-1,2
CTAAGGTTCCCATAGG-1,1
CTAAGGTTCCTGCGAA-1,0
CTAAGGTTCGGCCATA-1,5
CTAAGGTTCTATTGTC-1,2
CTAAGTCAGGCTTAAC-1,0
CTAAGTCAGGTCATTA-1,3
CTAAGTCAGTCTATGA-1,3
CTAATCCGTCATAGAT-1,3
CTAATCCGTCGTAATG-1,1
CTAATCGCAGCTAACC-1,0
CTAATCTTCGTTAAGC-1,5
CTAATGTCAAGGTAAC-1,0
CTAATGTCAGTGAACG-1,0
CTAATTGAGCTTTGGG-1,3
CTAATTGAGTATGTGC-1,3
CTACCTCAGGTAAGGC-1,2
CTACGAAGTGTGAGAG-1,0
CTACTTAGTTATTGCC-1,2
CTACTTAGTTTATGGG-1,9
CTAGCTGAGTTTGGGT-1,2
CTAGCTTGTATTTGGG-1,1
CTAGCTTGTCTTGCTG-1,0
CTAGGACGTCATCATC-1,2
CTAGGCGGTTACCGGG-1,0
CTAGTAATCAATACGC-1,0
CTAGTAATCGGTTAGT-1,0
CTAGTAATCGTTTCGC-1,1
CTAGTAGGTCAGGAAG-1,2
CTAGTCGAGCAAGATG-1,1
CTAGTGAGTCCACAAA-1,0
CTAGTGAGTGATGATT-1,4
CTAGTGAGTTTGTGGA-1,1
CTAGTTGCAAACTGTT-1,1
CTATGATCAGTAGGTG-1,0
CTATGGCCAGATTCAT-1,0
CTATTCAGTCGTAATG-1,0
CTATTGAAGTCACTAA-1,5
CTATTGAAGTTATGTG-1,2
CTCAATAAGCATTATG-1,6
CTCACAACATTATGAC-1,3
CTCACTCAGCGAGCGA-1,0
CTCAGGATCAGGTCCA-1,5
CTCAGGATCGAGGTGG-1,0
CTCATGACAAATTGCT-1,0
CTCATTAGTCGACTAA-1,2
CTCATTAGTGGGTACT-1,1
CTCCAAACAATAGTCT-1,4
CTCCAAACATTGTGAT-1,6
CTCCCTGAGCGAAGTA-1,7
CTCCCTGAGGCGGATG-1,5
CTCCGGACACAACCTA-1,3
CTCCGTCCAAACCCTA-1,6
CTCCGTCCAATTAGCT-1,4
CTCCGTCCAGTGAACG-1,0
CTCCTAATCGAGGAGT-1,0
CTCCTAATCTAAGTGC-1,0
CTCCTCACACATACTG-1,4
CTCCTGAGTGTTCCCA-1,1
CTCGACAAGACTCGCA-1,5
CTCGACAAGATGGACA-1,4
CTCGCTAGTACAATGT-1,1
CTCGCTCCACCAGCAT-1,1
CTCGCTCCATCGCTTT-1,2
CTCGTTATCAAATCGC-1,1
CTCTAGCTCAATGTGC-1,7
CTCTATGTCAACAAGG-1,2
CTCTATGTCGCAACAT-1,1
CTCTATGTCGTGCTTC-1,6
CTCTCACAGTTAGAGG-1,0
CTCTGTTCAGGCTTGT-1,1
CTCTGTTCATTCCTCG-1,0
CTCTTGATCCCGTTGT-1,2
CTGAATATCCTCAGTC-1,2
CTGAATATCGGCTAGC-1,0
CTGAATATCTATCGCC-1,2
CTGACCAAGGTGCGGA-1,0
CTGACCAAGTGCTGTG-1,7
CTGATCACAACCCTCC-1,0
CTGCAATAGGCATGAA-1,0
CTGCTACTCAGAAACG-1,2
CTGCTCCCAGGGAGCT-1,6
CTGGACCAGACAGGCG-1,0
CTGGACCAGCATGGTT-1,4
CTGGCTAAGAAAGGAA-1,2
CTGGCTAAGCGCAATT-1,6
CTGGCTAAGCTATATG-1,0
CTGGCTTTCAGAAACG-1,2
CTGGTAAGTCAATAGT-1,3
CTGGTAAGTGCTTACT-1,2
CTGGTCAAGAGGAAGG-1,2
CTGGTCAAGGCACAGG-1,1
CTGGTTACAACTAGCC-1,2
CTGGTTACAAGGTGGC-1,3
CTGTACCTCTCGCCCA-1,7
CTGTATTTCACAAGCT-1,1
CTGTATTTCTTGGATA-1,3
CTGTGTGAGCGCCTAA-1,1
CTGTGTGAGCTTTGGG-1,5
CTGTTCATCAGTTCCC-1,0
CTGTTGGAGCATGTTA-1,6
CTGTTGGAGCCGCAGT-1,6
CTGTTGGAGCTCGCTT-1,2
CTGTTGGAGGCTACAT-1,6
CTTAAGGGTTCCTGTG-1,8
CTTAAGGGTTGGTTCT-1,4
CTTAATGAGAGGAAGG-1,0
CTTACCGGTAAGCTCA-1,1
CTTACTAGTCATGCAA-1,4
CTTACTAGTTCCGGGA-1,0
CTTAGGAGTTACAAAC-1,7
CTTAGTTTCGATTTAG-1,3
CTTATTGGTCGACTAA-1,0
CTTCAATTCAGCATTA-1,4
CTTCACTCACACTAAT-1,3
CTTCATCCAACAGGTG-1,1
CTTCATCCATCACAGC-1,5
CTTCGCGTCAGCAAGA-1,2
CTTCGCGTCATGCGTG-1,2
CTTCGCGTCCGTTATT-1,0
CTTCTAAGTTGTTGGA-1,0
CTTCTCAAGGAGGACT-1,2
CTTCTCAAGGATCACT-1,2
CTTGAACAGCCACAAT-1,1
CTTGAACAGCTAAGTC-1,2
CTTGAACAGCTGTACG-1,8
CTTGAACAGGCAGGTG-1,1
CTTGAATCATTCCTCG-1,1
CTTGACGAGGTAAGCA-1,0
CTTGACGAGTCACTCC-1,3
CTTGCAACACAACAGG-1,2
CTTGCAACACAGACTC-1,3
CTTGCATGTAGGTTGC-1,7
CTTGCATGTCAAGTGC-1,8
CTTGCGCGTCCGGTTC-1,1
CTTGCGCGTTAACGGC-1,1
CTTGCGCGTTCCTCCT-1,0
CTTGCTCAGGACACTT-1,1
CTTGGACCAAACTGCC-1,7
CTTGGACCACCAACCG-1,0
CTTGTAAAGAGAGGAG-1,8
CTTGTAAAGCGAGGTG-1,1
CTTGTCCAGACAAGTG-1,0
CTTGTTCCAAGGTGGC-1,6
CTTGTTCCACAGCCAT-1,8
CTTTAGGCAAGGCCAA-1,6
CTTTAGGCACAGGGAC-1,3
CTTTAGTTCATGCATA-1,3
CTTTAGTTCATTTGTC-1,5
CTTTATCAGACAGGCG-1,5
CTTTATCAGAGGAAGG-1,4
CTTTATCAGGGATTAG-1,2
CTTTATGGTAAGCACC-1,1
CTTTATGGTGCATCGG-1,4
CTTTATGGTTGTCCAT-1,1
CTTTATGGTTTCGCCA-1,7
CTTTCTTGTACCGTTT-1,4
CTTTCTTGTCCAAATG-1,0
CTTTGAGCAAGTCGCT-1,0
CTTTGAGCACCTCGCT-1,8
CTTTGGTGTACCTTAC-1,0
CTTTGGTGTCGCATAA-1,1
CTTTGGTGTCGTTATC-1,9
CTTTGTCCAAGCCAGA-1,0
GAAACCCGTATTTGGG-1,2
GAAACCCGTGACCTGG-1,2
GAAACTGAGCTAGAAG-1,0
GAACACAAGGATCACT-1,0
GAACCGCTCAGCATTA-1,6
GAACCTGTCATGTGGT-1,0
GAACCTGTCCAAGTTA-1,2
GAACGAATCATTGCGG-1,3
GAAGCTAAGGACCGCT-1,0
GAAGCTAAGTCTGGGC-1,1
GAAGCTAAGTTAGAGG-1,5
GAAGGAACAGAAATTG-1,3
GAAGGATGTCTTGCAT-1,4
GAAGGATGTTCCATTA-1,2
GAAGGCTAGAACAAGT-1,3
GAAGGCTAGGCAATAG-1,1
GAAGGCTAGTGAGCAA-1,3
GAAGTAAGTCGTAATG-1,1
GAAGTAAGTCTTTGAC-1,0
GAAGTATAGGAAACTG-1,3
GAAGTCAAGACCATAC-1,5
GAATTTGTCACAGCCA-1,0
GACAATACAGCAAGAT-1,8
GACAATACAGGTTAAA-1,0
GACAATACATACCCGG-1,1
GACACCGGTGGGTACT-1,0
GACATAGAGGCATTGT-1,1
GACATTATCACGCCAA-1,0
GACATTATCCATAATG-1,5
GACATTATCTCTAGCC-1,6
GACCGAACAACTCGCG-1,3
GACCGAACAGAAACGT-1,2
GACCGAACAGCCAGTT-1,1
GACCGAACATGTTGGC-1,7
GACCTAAGTTTGTTGC-1,2
GACCTAGTCCTGATGG-1,2
GACCTCAAGGGACTAA-1,1
GACCTGATCATCCTCA-1,4
GACCTGCAGCGGATAA-1,0
GACCTGCAGGAACCAA-1,2
GACCTTTGTTTCCACG-1,0
GACGCAACAATGCGCT-1,2
GACGCAACAATTAACC-1,2
GACTAATGTTATTGCC-1,3
GACTATTCACGTAATT-1,0
GACTATTCAGTGAACG-1,7
GACTCACCACCACAAC-1,6
GACTCACCATTAAGTC-1,5
GACTTACAGCTACTGG-1,3
GACTTACAGTGGCGGA-1,8
GACTTAGGTACTTCAC-1,4
GACTTAGGTGCTTACT-1,1
GACTTAGGTTGTTGTC-1,4
GACTTAGGTTTAAAGC-1,4
GACTTGGTCATTAGGC-1,3
GACTTGGTCCTGAGTG-1,3
GAGAAACGTAGCCTAA-1,2
GAGATAAGTTCACCCA-1,0
GAGCAAATCATTGCAA-1,3
GAGCAAGGTAGACAAA-1,4
GAGCAAGGTTGTTCAC-1,2
GAGCATGCAGATAGAC-1,7
GAGCCACTCCTTGCGT-1,1
GAGCCACTCGCAACAT-1,5
GAGCCTTCAATGCCCG-1,2
GAGCCTTCAGCCTGCA-1,1
GAGCCTTCATTGTCCT-1,5
GAGCGAAGTGACATAT-1,2
GAGCGAAGTGTTGTGA-1,1
GAGCGATAGTTATGGC-1,0
GAGCGGTCAAGGGTTG-1,0
GAGCGGTCAATCCTAG-1,3
GAGCGGTCACCCTCAC-1,6
GAGCTAGCACACCAAC-1,6
GAGCTAGCAGCTCATA-1,5
GAGCTGCTCACGCCAA-1,2
GAGCTGCTCATAACTG-1,5
GAGCTGCTCATGCCTC-1,0
GAGCTGCTCCATAAGC-1,2
GAGCTGCTCCTGTTCA-1,7
GAGCTTGTCACGCGGT-1,2
GAGCTTGTCCCTGGTT-1,5
GAGCTTGTCCTCCTAA-1,0
GAGCTTGTCCTGAATA-1,3
GAGCTTGTCGAGCAAA-1,5
GAGGACTAGCTAAAGG-1,1
GAGGAGGCATGCTATG-1,0
GAGGCTTGTATTGAGT-1,1
GAGGGAGCAAGGGTTG-1,2
GAGGGAGCAGCATGTC-1,1
GAGGGAGCATTATGGT-1,6
GAGGTACAGGACCGCT-1,4
GAGGTAGGTAGGTTAT-1,3
GAGGTGAGTAAGCACC-1,5
GAGGTGAGTAGCCTAA-1,4
GAGGTGAGTAGGTTAT-1,4
GAGGTGAGTGTGTGGT-1,1
GAGGTGAGTGTTTCAC-1,3
GAGGTTAAGAGGAGTC-1,5
GAGTAACCAGATAGAC-1,0
GAGTAACCATGAGCAG-1,0
GAGTCAAAGCGGATAA-1,2
GAGTGATCAATGCCTA-1,1
GAGTTACTCGCACAAT-1,3
GAGTTGCGTGAGAAAC-1,0
GAGTTGCGTGTCCTGC-1,6
GATAAAGGTTTATGGG-1,0
GATAACGAGCTTAGCG-1,7
GATAACGAGTCAATTG-1,0
GATAACGAGTTAGCTA-1,1
GATAAGCCAAGACTCC-1,1
GATAAGCCAATGCGCT-1,4
GATAATCGTACAAAGA-1,3
GATAGACCACTCAACA-1,4
GATAGACCACTTCATC-1,7
GATCAAGAGCTTACTT-1,2
GATCACTAGGACCTCA-1,6
GATCAGGCAAGTTATC-1,2
GATCAGTTCAATCATG-1,0
GATCAGTTCGGTCAAT-1,6
GATCAGTTCTCTAGCC-1,3
GATCCGTCAGTTAAAG-1,3
GATCGAGCAATTTAGC-1,0
GATCGCTCATTAGCCA-1,3
GATGCAGCAAGGATTA-1,0
GATGCAGCACGTTACA-1,0
GATGCATTCCTGATTT-1,1
GATGCTTAGGAGCACG-1,1
GATGGCTGTACGATTG-1,0
GATGGCTGTAGCTGGT-1,2
GATGGCTGTCCGCTGT-1,0
GATGGCTGTGCTAGAC-1,0
GATTAAGCAATGAATG-1,6
GATTACGGTTGGATCA-1,1
GATTACTCAATATGGA-1,0
GATTACTCAATTGAAG-1,1
GATTACTCAGGAACTG-1,6
GATTACTCAGTTAAAG-1,7
GATTAGCTCCTTAATC-1,0
GATTAGCTCTAAGTGC-1,1
GATTATGTCAAACACC-1,6
GATTATGTCAGCACCA-1,0
GATTATGTCCTAGTCC-1,1
GATTATGTCCTCACTA-1,1
GATTATGTCCTGAGTG-1,1
GATTATGTCGGCCAGT-1,0
GATTCAATCGCTTCTA-1,3
GATTCAATCTGTAATG-1,1
GATTCATCAATTTAGC-1,3
GATTCATCAGCAAGTG-1,0
GATTCATCATAATCGT-1,3
GATTGATGTGCGCATG-1,1
GATTGCAGTGAGGTGA-1,0
GATTGGCGTACCAGGT-1,1
GATTGGCGTGTTAGCA-1,1
GATTGGTTCATGCTCC-1,2
GATTGGTTCCATCAGG-1,0
GATTGGTTCCCGAAGC-1,6
GATTGTTCAGGCATGA-1,1
GATTGTTCATTGCGTA-1,1
GCAAACAAGCAAACCT-1,0
GCAAACAAGGCGTAAA-1,0
GCAAACAAGGCTACAT-1,2
GCAAACTTCACTCAAA-1,4
GCAAACTTCAGGATGA-1,0
GCAACAGCAGCATGTC-1,5
GCAAGCCTCTAATCAG-1,5
GCAAGCCTCTCGCCTG-1,1
GCAAGCCTCTGTAAGC-1,2
GCAAGTGCAAAGGCCA-1,2
GCAAGTGCAGGAACTG-1,1
GCAATAGAGATTGAGG-1,0
GCAATATGTAGGTTGC-1,4
GCAATATGTCTTGCTG-1,0
GCAATATGTGATGAGG-1,4
GCAATATGTTGGCGTG-1,1
GCAATCTAGGAAACTG-1,3
GCAATCTAGTCGCTAG-1,0
GCAATCTAGTGTGATC-1,3
GCAATCTAGTTAGGCT-1,5
GCAATGAAGTAGCGGG-1,7
GCAATGTTCATGACCG-1,4
GCAATGTTCCTGGTCT-1,0
GCAATGTTCGCTATAA-1,6
GCACCTAAGGTGAAAT-1,0
GCACGAACAGACAAAC-1,3
GCACGAACAGGAACCA-1,2
GCACGCTAGGAAACTG-1,0
GCACGGTTCCTTAAGA-1,2
GCACTAAGTAACCAGC-1,1
GCACTAAGTTCATCTA-1,3
GCACTTACAGCAGGTA-1,6
GCAGCTATCTGTTGCC-1,0
GCAGGAAGTCCCGAAG-1,5
GCAGGATAGAAAGGAA-1,3
GCAGGATAGTTAGGCT-1,5
GCAGGCAAGCAGGTTT-1,0
GCAGGCAAGGACCTGC-1,1
GCAGGCTTCCCTCAAC-1,7
GCAGGCTTCTTAAGTG-1,7
GCAGGTGAGGAATAAC-1,2
GCAGGTTGTGACATGC-1,8
GCATATATCGCTAGTG-1,0
GCATGAAAGCGAGGTG-1,1
GCATGAAAGCGCCTTT-1,3
GCATGAAAGGCAATAG-1,1
GCATTAGGTATGGTGC-1,4
GCATTAGGTATTCGTC-1,1
GCATTAGGTTAGCCAA-1,2
GCCAACATCCGGCTAA-1,0
GCCAACATCTCGCCCA-1,2
GCCAATAGTGGTTAGC-1,7
GCCAATTAGGCAAGTA-1,2
GCCACAATCCGGTATG-1,0
GCCACACAGGTCCTGA-1,3
GCCACACAGTCAGGCC-1,6
GCCACTAAGGAACCGG-1,3
GCCAGGAAGGAACCGG-1,4
GCCAGGTTCCAAACAC-1,0
GCCAGGTTCCTAGTTT-1,7
GCCAGGTTCGAGGAAC-1,2
GCCAGGTTCGTCAAGT-1,0
GCCATTACAGCCTAAC-1,1
GCCCAAATCCTTGTTG-1,2
GCCCAAATCGTGCTAG-1,5
GCCCATAAGCCGCAGT-1,1
GCCCGTTGTTCGGGAT-1,1
GCCCTCATCCGCCTCA-1,3
GCCGTGAGTAGTTACG-1,8
GCCTAATAGTGGCGGA-1,0
GCCTATTGTCATTGTC-1,0
GCCTATTGTTATCCGT-1,1
GCCTCGACACGAATCC-1,3
GCCTCGACAGTGAACG-1,0
GCCTGACAGTTTCCTG-1,1
GCCTGTGCAGGCGAGT-1,0
GCCTTAACACAATGTT-1,0
GCCTTAACACTTAGGC-1,1
GCCTTAACAGCATGAG-1,6
GCCTTAACAGGCGAGT-1,4
GCCTTACTCACTAAGC-1,1
GCCTTACTCTTGCTAT-1,7
GCCTTAGAGCTGCACA-1,4
GCCTTAGAGTTATGGC-1,2
GCCTTGCGTACAAAGA-1,2
GCCTTGCGTCATAACG-1,0
GCCTTGCGTCATTGTC-1,2
GCCTTGCGTTAAGCTG-1,7
GCCTTGCGTTGCCTCA-1,0
GCCTTGCGTTTACTTG-1,6
GCCTTTATCATGACCG-1,0
GCCTTTATCTCGCCTG-1,3
GCCTTTGGTCAATAGT-1,2
GCGAAGCCAACAGGTG-1,0
GCGAAGTAGCAAGATG-1,3
GCGAAGTAGGGTGAAC-1,0
GCGAGTGAGGGATTAG-1,2
GCGATTAGTTCCTGTG-1,0
GCGCAAACATAAGCAA-1,3
GCGCAAACATAATTGC-1,2
GCGCAAACATAGCTGC-1,2
GCGCGATTCAATCTCT-1,2
GCGCTAGGTCAAAGGG-1,1
GCGCTAGGTTCCATTA-1,4
GCGCTAGGTTTGCGCC-1,1
GCGCTTAAGCTCCCTG-1,5
GCGCTTGCACAAAGCG-1,2
GCGCTTGCATTAGCCA-1,5
GCGGAACCAAGCTTTG-1,7
GCGGAACCACAAAGGT-1,7
GCGGAACCAGCTCAAC-1,1
GCGGAACCAGTTATCG-1,4
GCGGAACCATCACAGC-1,1
GCGGATACAAGGGTTG-1,0
GCGGGTTTCCCTGTTA-1,0
GCGGTTATCACCTGTC-1,5
GCGGTTATCCTAATAG-1,0
GCGTGCTAGCCTGATG-1,3
GCGTTTCTCATGCTTT-1,8
GCTAACAGTAAATTGC-1,3
GCTAACAGTGGATTAT-1,3
GCTAACAGTGGTTCCC-1,5
GCTAACAGTTTAACCC-1,4
GCTAACCCAAGGAATC-1,4
GCTAACCCAGTGAACG-1,2
GCTAAGAAGGAAGCTA-1,2
GCTAAGAAGGTCCGTA-1,3
GCTAAGCGTTAAGCGC-1,1
GCTAAGTTCATTACTC-1,0
GCTAGCTCATAAACCT-1,2
GCTAGCTCATCCATCT-1,3
GCTATAGGTGACCTGG-1,2
GCTATAGGTGATTACG-1,1
GCTATAGGTTTCCACG-1,4
GCTATAGGTTTCCGGC-1,3
GCTATCCTCAAATCGC-1,4
GCTATCCTCATCACTT-1,0
GCTATCCTCCGCACAA-1,3
GCTATTGCAACCCTAA-1,0
GCTCAACCATTTGCTC-1,3
GCTCACAAGCTCGCTT-1,1
GCTCACAAGGTAAGCA-1,1
GCTCATTGTAGTTAAC-1,2
GCTCCTTAGCTTTGTT-1,0
GCTCGATCAGTCTAAT-1,6
GCTCTGGCAGGATTAA-1,6
GCTCTGGCAGTAGGTG-1,0
GCTCTGTTCCATAATG-1,6
GCTCTGTTCTGTTGCC-1,0
GCTCTGTTCTTAGCGG-1,0
GCTGACCAGTCCTGAG-1,0
GCTGAGGAGCACCACA-1,4
GCTGAGGAGGCTTAGT-1,2
GCTGCACAGTCATTAG-1,5
GCTGCACAGTTTGCGG-1,0
GCTGGATGTGCATTAG-1,0
GCTGTAAGTAAACAAG-1,2
GCTGTACCAGTAAAGC-1,2
GCTGTGCAGAGGAGTC-1,1
GCTGTGCAGCTAATCA-1,1
GCTGTGCAGCTGTCAG-1,2
GCTTAAATCCTTTACG-1,0
GCTTACCTCCGGTTGA-1,0
GCTTACCTCGAGGAAC-1,0
GCTTAGTAGCGAGCGA-1,5
GCTTAGTAGGTTTGCG-1,2
GCTTAGTAGTCACCTC-1,2
GCTTATCGTTCCGGGA-1,2
GCTTCGCGTCAGGCAT-1,4
GCTTCGCGTGATTACG-1,6
GCTTCGCGTGCTTACT-1,1
GCTTGACCAGCATGGA-1,4
GCTTGACCAGGATAAC-1,3
GCTTGACCAGGCGATA-1,2
GCTTGTTGTACCGAAC-1,0
GCTTTACGTCTAACCT-1,0
GCTTTACGTGGTTATG-1,2
GCTTTACGTTACAACG-1,0
GCTTTATTCGGCCAGT-1,6
GCTTTCATCATGCAAC-1,5
GCTTTGTGTCCTAATC-1,0
GCTTTGTGTGTAACCA-1,0
GCTTTGTGTTCACCCA-1,4
GCTTTGTGTTTCGCGC-1,4
GGAAACTCAAGCCAGA-1,4
GGAAACTCACCAAAGG-1,1
GGAAACTCAGGCTTCG-1,4
GGAAACTCAGGTTCAC-1,9
GGAACCACAAGGTATA-1,0
GGAACCACAATTGAGA-1,2
GGAACCACACTAGCGT-1,1
GGAACCACAGTAGGTG-1,3
GGAACCTGTAGTCAAT-1,3
GGAAGCTAGGCAAGTA-1,5
GGAAGCTAGTTTAACG-1,0
GGAATCTTCCCATAAA-1,7
GGACAGCCATAATGAG-1,3
GGACAGCCATGTTGTG-1,3
GGACCTCAGGAGTCTT-1,4
GGACCTCAGTAGAGGC-1,8
GGACCTCAGTTAGAGG-1,1
GGACCTCAGTTCCCAC-1,2
GGACGAAGTGCGCATG-1,2
GGACGAAGTGTGTCCC-1,4
GGACGAAGTTGAGCCG-1,0
GGACGGATCCTAAATG-1,5
GGACGGATCCTCAGTC-1,2
GGAGCAAGTATTGGTG-1,0
GGAGCATAGAGGGACT-1,0
GGAGGTTAGACTAAGG-1,2
GGAGGTTAGACTTATG-1,1
GGAGGTTAGGCTCATG-1,3
GGAGTCTGTAGCTGGT-1,0
GGAGTCTGTTATCCGT-1,5
GGATAACCAAGATTCT-1,1
GGATAACCAATTAGGA-1,0
GGATAACCACTTCACT-1,2
GGATGAATCATGAGCT-1,3
GGATGAATCGTTAACA-1,0
GGATGGCCACACTAAT-1,0
GGATTATGTAAGCTTG-1,6
GGATTATGTTGTTCAC-1,1
GGATTCAGTTACTTCA-1,2
GGATTTATCACCGGTA-1,2
GGCAAATCAAGCCAGA-1,4
GGCAAATCAGGATTAA-1,4
GGCAAATCAGGCTACT-1,1
GGCAAATCATAATCGT-1,1
GGCAAATCATTAAGTC-1,1
GGCAAGCCAGTTATCG-1,0
GGCATGGAGCACAGAA-1,4
GGCATGGAGCAGCTCA-1,1
GGCATTAGTCCCGAAG-1,0
GGCATTGTCACTAAGC-1,3
GGCCAACTCCCTGACT-1,4
GGCCAACTCCGCAACA-1,0
GGCCATCAGCGATAAG-1,0
GGCCGTTAGCACTAGT-1,2
GGCCTAATCACGCCAA-1,2
GGCCTAATCATTGTCT-1,1
GGCCTCTGTCACGAAC-1,9
GGCCTTAAGGATAAAC-1,6
GGCGGTAAGGTCCTAG-1,2
GGCGGTTTCACCTGCT-1,0
GGCGGTTTCCTTTACG-1,2
GGCGTTATCCAGGAAA-1,9
GGCGTTATCGAGGTGG-1,1
GGCTAGACAAACGGGC-1,2
GGCTAGACACCTAATG-1,6
GGCTAGTGTACGCGCA-1,0
GGCTAGTGTCCAAGAC-1,4
GGCTAGTGTTGTTCAC-1,3
GGCTAGTGTTTAAAGC-1,4
GGCTATGTCTCCTCAA-1,4
GGCTATTAGCAGCTCA-1,2
GGCTATTAGGACTTAC-1,2
GGCTCAATCATCCTAT-1,1
GGCTCAATCATGCGTG-1,0
GGCTCAATCGTTAACA-1,5
GGCTCACAGCTACTGG-1,1
GGCTCACAGTTGTCCC-1,3
GGCTGAGAGACCATAC-1,7
GGCTGAGAGGTCAAAG-1,2
GGCTGTCAGGCTAGAA-1,0
GGCTTCAAGAGAAGGG-1,3
GGGAGTAGTGCTTACT-1,6
GGGATAATCCAGGTCA-1,6
GGGATAATCCCGTTGT-1,1
GGGATTAAGGCTTAGT-1,7
GGGATTAAGGGACGCA-1,3
GGGCAATAGACTCGCA-1,2
GGGCAATAGGGACTAA-1,2
GGGCATGAGACAAGTG-1,3
GGGCATTGTTGGTTAG-1,0
GGGCCTAGTAAGGTCC-1,0
GGGCCTAGTAGGTGTC-1,3
GGGCGAATCGAAGCGG-1,3
GGGCGAATCGGGATTT-1,7
GGGCTAACAACCTGGT-1,3
GGGCTAACACCTAATG-1,0
GGGTATTTCAGTTCCC-1,1
GGGTATTTCGCTAAGT-1,1
GGGTATTTCGGCTATG-1,0
GGGTCAACACAGAAAC-1,7
GGGTGAAGTACTTAGG-1,5
GGGTGAAGTCACAAAT-1,6
GGGTGTTGTTACTTGC-1,6
GGGTGTTGTTAGCTGA-1,1
GGGTGTTGTTTCCACG-1,0
GGGTTACGTAACTACG-1,0
GGGTTACGTGAGGTGA-1,4
GGGTTACGTGATGAGG-1,2
GGGTTATTCGACAAAG-1,3
GGGTTTCCACAACAAA-1,0
GGGTTTGTCATCCTCA-1,4
GGTAAACCATTGTCCT-1,2
GGTAACCGTAATGGCC-1,2
GGTAACTTCACCGGTA-1,1
GGTAACTTCTTGAGCG-1,4
GGTAAGGGTGACATAT-1,3
GGTAATTGTTCCGGGA-1,0
GGTACCGGTCATTACC-1,4
GGTACTAGTAAGTCGC-1,0
GGTACTAGTATTCGCT-1,2
GGTACTAGTATTTGCC-1,2
GGTACTAGTCGCAATA-1,3
GGTACTAGTGTTGCAA-1,4
GGTACTAGTTCCATTA-1,4
GGTAGGAGTCACTCGC-1,6
GGTAGGAGTGATGAGG-1,3
GGTAGGAGTGTTAGCA-1,3
GGTAGGAGTTAACAGT-1,2
GGTAGGAGTTCCGGCT-1,2
GGTATTGGTGGCTTCC-1,3
GGTATTTCAGGCGATA-1,2
GGTCAAGCAGAGGGAG-1,0
GGTCAAGCAGGACACA-1,5
GGTCAAGCAGGTTTGC-1,6
GGTCAATTCCTAAGAC-1,0
GGTCAATTCGTCCTTA-1,1
GGTCAGGAGCGAGTAA-1,2
GGTCAGGAGGGTGAAC-1,1
GGTCATTAGGTGCGGA-1,3
GGTCATTAGTCGCTAG-1,2
GGTCATTAGTGAGAGC-1,1
GGTCCATCAACAGCCT-1,0
GGTCCGTAGGAAGCTA-1,1
GGTCGGTTCACTTTAC-1,3
GGTCGGTTCATCAGTA-1,6
GGTCTTGAGGCCGGAA-1,4
GGTCTTGAGGGATGCG-1,1
GGTCTTTGTAACGAGG-1,2
GGTCTTTGTTGGTGAC-1,2
GGTGAGGTCATTACGA-1,3
GGTGAGGTCGGTTTCC-1,0
GGTGAGTAGCGAGTAA-1,1
GGTGATTTCCTCATGC-1,0
GGTGATTTCGGTCATG-1,0
GGTGCTGGTCCTAATC-1,3
GGTGCTTCAAACCTAT-1,5
GGTGCTTCAAATATCC-1,2
GGTGCTTCACCGGCTA-1,0
GGTGCTTCACCGTTCC-1,4
GGTGCTTCATTATGCG-1,0
GGTGTGACACCGGTAT-1,4
GGTGTGACACTTCACT-1,1
GGTGTTGTCCTTGCAC-1,4
GGTGTTGTCGAGGAGT-1,3
GGTTAATGTGGATTAT-1,0
GGTTACCCAACAGGTG-1,5
GGTTACCCAACGTGCT-1,3
GGTTACCCACAGCCAT-1,4
GGTTACCCATAGACCC-1,1
GGTTACTAGTCACTAA-1,0
GGTTAGCGTGAGACTC-1,5
GGTTATATCTAACCTT-1,6
GGTTATGGTGTCCAAA-1,3
GGTTATGGTTCATCTA-1,1
GGTTCCCGTGCTCACC-1,6
GGTTCTTGTAGGTTTG-1,2
GGTTGACGTCCGTGAG-1,1
GGTTGAGCAATTTGGT-1,0
GGTTGCATCTTTGAGA-1,1
GGTTGCGGTCAAGTAT-1,1
GGTTGCGGTTGCTGGG-1,2
GGTTGCTCAAACAACA-1,1
GGTTGCTCAGGACACA-1,2
GGTTGGTGTCTCAGCC-1,0
GGTTGGTGTTTCGCGC-1,8
GGTTTAATCCTTAATC-1,3
GGTTTAATCCTTCGTA-1,1
GGTTTCCTCACATTGA-1,4
GGTTTCCTCGCACACA-1,0
GGTTTCTGTAAGGTCC-1,5
GTAAAGCCACCAAAGG-1,3
GTAAGCAAGTGCACGC-1,0
GTAAGCGCAGGACCTT-1,3
GTAAGGTCAAGGGTTG-1,1
GTAAGGTCAATTAGGA-1,4
GTAATAGCAAATATCC-1,1
GTAATAGCAACTGGCT-1,1
GTAATAGCAGGAAGCC-1,5
GTACACCCAGTCTATG-1,1
GTACTAGGTATCTGGA-1,3
GTACTAGGTGCTTTAC-1,2
GTACTAGGTTTATGGG-1,0
GTACTGGTCACTAGGT-1,0
GTACTTAAGAGGAGTC-1,2
GTACTTCGTAATGGAA-1,3
GTAGCCATCCGTTAAA-1,3
GTAGCCATCTAATCAG-1,2
GTAGCGCTCACAGCCA-1,9
GTAGGAGGTAATGGCC-1,0
GTAGGAGGTGCTGGTG-1,2
GTAGGAGGTGGGAACA-1,4
GTAGGAGGTTGGTTCT-1,4
GTAGGATCAGCTCATA-1,0
GTAGGATCATGTTGCA-1,0
GTAGGATCATTAGGCC-1,2
GTAGGCGAGTAACAGG-1,1
GTAGTTTCAAAGCCTC-1,3
GTATCGCCAGCCTGCA-1,3
GTATGTTCACCTCGCT-1,4
GTATTCAAGCCTGTGA-1,0
GTATTCAAGTTTGGGT-1,1
GTATTGATCCCGAAGC-1,5
GTCAAACTCATGCAAC-1,0
GTCAAACTCCGGTTGA-1,2
GTCAATATCCCATAAA-1,2
GTCAATATCTAGCGAT-1,2
GTCAGGCTCGCAGGCT-1,2
GTCATCACACATAGCC-1,2
GTCATCCTCACTTCAT-1,0
GTCATCCTCCTCACAC-1,4
GTCATTAAGCGGGCAA-1,4
GTCATTAAGGCGCTTA-1,0
GTCATTAAGTTAGACC-1,4
GTCCAAGTCAGCACCA-1,0
GTCCGTAAGTTACCGG-1,2
GTCCGTAAGTTCCCGT-1,3
GTCCTCAGTTAGTGAT-1,1
GTCCTCCCAAGGATTA-1,5
GTCCTCCCAATAACGA-1,0
GTCCTCCCAATGCCCG-1,2
GTCCTCCCACAGAAAC-1,2
GTCCTCCCACCTGCTC-1,1
GTCCTCCCACTCAACA-1,3
GTCGAAGCATTTGCTC-1,4
GTCGAGGAGCGCAATT-1,2
GTCGAGGAGGCGGGTA-1,4
GTCGAGGAGTTTCCTG-1,5
GTCGCAATCATCAGTA-1,3
GTCGCAATCATGCTCC-1,3
GTCGGTTCAATTTGGT-1,1
GTCTAACAGTAACGAG-1,0
GTCTAATCATGTTGGC-1,1
GTCTAGCCAGCTCAAC-1,3
GTCTAGCCAGTTTACG-1,3
GTCTATCGTAAACAAG-1,1
GTCTATCGTGATCAGC-1,4
GTCTATGCAACTAACT-1,1
GTCTATGCATAATGAG-1,4
GTCTATGCATAGCGAG-1,5
GTCTTGCTCCTCAGTC-1,1
GTCTTGCTCGTAATCA-1,2
GTCTTTAGTCACAGCG-1,1
GTCTTTGTCATTGTCT-1,0
GTCTTTGTCCTAATTC-1,5
GTCTTTGTCGGTTACG-1,2
GTGAACAAGCTTAGCG-1,5
GTGAATCTCCGGTATG-1,3
GTGATGAAGGAGGACT-1,3
GTGATGAAGGATAAAC-1,1
GTGCAAGCACTAAGTT-1,2
GTGCAAGCAGCCGCTA-1,4
GTGCAAGCATTCCTGT-1,0
GTGCCTTTCAATTACG-1,1
GTGCCTTTCCTGATGG-1,0
GTGCGCAGTAAGCTCA-1,3
GTGCGCAGTGGTTAGC-1,6
GTGCGCAGTTCCTCCT-1,3
GTGCGCAGTTTGCAGA-1,7
GTGCGGTTCAATCTCT-1,2
GTGCGGTTCTCACACC-1,4
GTGCTCCGTCGCAATA-1,3
GTGCTCCGTGCAACTA-1,3
GTGCTCCGTTACCTGT-1,5
GTGCTGATCGTTTCCA-1,3
GTGCTGGGTACCTTAC-1,3
GTGCTGGGTCCCGAAG-1,0
GTGCTGGGTCGCGCAA-1,4
GTGCTTACAGTAATAG-1,0
GTGCTTCTCATGTTTC-1,8
GTGCTTCTCATTACAG-1,6
GTGCTTCTCTGCAACG-1,2
GTGGACACAATCCCTT-1,5
GTGGACACAATCGCAC-1,2
GTGGACACACGGTACT-1,0
GTGGACACATAATCCG-1,3
GTGGATGCAACCCTAA-1,1
GTGGATGCAGTTAAAG-1,7
GTGTAACTCCTGAGTG-1,1
GTGTCCAAGGAAACTG-1,6
GTGTCCAAGTTATCCT-1,0
GTGTGAGCAAACAACA-1,2
GTGTGAGCAACACTTG-1,2
GTGTGAGCAGCACGTT-1,2
GTGTGCGGTAACCACA-1,3
GTGTGCGGTATTGTCC-1,0
GTGTGCGGTCGCAAAC-1,0
GTGTGTTAGAAGCTAG-1,1
GTGTGTTAGGTGTCCA-1,0
GTGTGTTAGTTAGAGG-1,2
GTGTTACAGCCTCTGT-1,1
GTGTTACAGTCGCTAG-1,6
GTGTTACAGTTACCGG-1,3
GTGTTCCTCGTGCTTC-1,4
GTGTTCCTCTATCGCC-1,6
GTTAACCAGGGACCTC-1,0
GTTAACGGTACGGTAC-1,7
GTTAACGGTCCGGTTC-1,0
GTTAACGGTCCTAAGA-1,2
GTTAAGCTCTTGCAAA-1,0
GTTAAGTGTTGGTTAG-1,6
GTTAATGTCATTATGG-1,2
GTTAATGTCGTTAACA-1,1
GTTACAGGTCATAAGT-1,0
GTTACAGGTGCTAGAC-1,4
GTTACAGGTTGGTGAC-1,1
GTTACTAAGCTTGCTC-1,0
GTTACTAAGGCTTAAC-1,1
GTTACTCGTACCGGAT-1,1
GTTACTCGTCAGTAAT-1,2
GTTACTCGTTAGGACC-1,1
GTTCATTTCTCATCAT-1,1
GTTCCCAGTAATCCCT-1,0
GTTCCCAGTCCAAGAC-1,6
GTTCCTTCAAGCTAAA-1,1
GTTCCTTCAATCATGT-1,4
GTTCCTTCAGGCATCT-1,3
GTTCGCTTCGCTTCTA-1,7
GTTCTTAGTGTTGCTT-1,0
GTTCTTAGTTGTTGCT-1,4
GTTCTTGTCATTTAGG-1,0
GTTGCATAGCCATCAG-1,6
GTTGCCCGTTTACCGT-1,1
GTTGCGGGTATGTGGC-1,9
GTTGCGGGTCCTGATT-1,2
GTTGCTGAGCTCAAAC-1,1
GTTGCTGAGCTTTGGG-1,0
GTTGCTGAGTAAGTGG-1,0
GTTGGCCAGGGTGGAT-1,1
GTTGGCGGTGCTGTAA-1,0
GTTGGCGGTGGAAGGC-1,1
GTTGTTGCACGAACAG-1,2
GTTTAACCAAGCGAGC-1,1
GTTTAACCAGTCTATG-1,9
GTTTAACCATCATGGC-1,3
GTTTAACCATGCAACC-1,2
GTTTAACCATTTGCTC-1,0
GTTTACCGTTAAGCTG-1,0
GTTTACCGTTTAAAGC-1,3
GTTTAGCAGGTTTGAC-1,1
GTTTATCTCGCTCCAT-1,1
GTTTCAGCATGAATAG-1,3
GTTTCCTCAATGAGGT-1,0
GTTTCTAGTGGAGCAA-1,5
GTTTGCTGTATCTGGA-1,4
GTTTGCTGTTGCAATG-1,3
GTTTGTAAGGCCAATT-1,0
GTTTGTCGTTGAGGTC-1,9
GTTTGTTTCCGGTATG-1,4
TAAAGCCTCAATGAGG-1,3
TAAAGCCTCGTGCCTT-1,1
TAACCAGGTACTTAGG-1,0
TAACCGGTCATGCTTT-1,6
TAACCGGTCATTAGTG-1,0
TAACCTAAGGATCACT-1,8
TAACCTAAGTAGCGGG-1,4
TAAGCCAGTAAGCACC-1,0
TAAGCCAGTACAAAGA-1,0
TAAGCCTAGACAGGCG-1,1
TAAGCTGGTTAATGCG-1,3
TAAGCTGGTTAGGATT-1,3
TAAGCTGGTTATCGAG-1,4
TAAGGACCACCTGGTG-1,4
TAAGGACCATAGCGGA-1,4
TAAGGCTTCACGCATG-1,8
TAAGGCTTCAGGGCCT-1,0
TAAGGCTTCATAATCG-1,0
TAAGGCTTCGGCTATG-1,0
TAAGGCTTCTTGCATT-1,4
TAAGTAGCATTATGCG-1,2
TAATCCGCAAACGCGA-1,4
TAATGCATCCGCAACA-1,0
TAATGCATCCGCCTAT-1,5
TAATGGACATAGGCGA-1,0
TAATGGTGTAGCAGCT-1,5
TAATGGTGTGTGTCCC-1,8
TAATTGCCAAATGCCC-1,6
TAATTGCCAAGGTACG-1,6
TAATTGCCACCTGCTC-1,1
TACAATGTCATCAGTA-1,1
TACAATGTCGAAGTAG-1,0
TACAGCTAGCTCCTTA-1,1
TACATCAAGGGCTTAT-1,2
TACATCAAGGTACCGC-1,6
TACCCGGCAATGCCTA-1,2
TACCGAAGTTGGGTTA-1,3
TACCGCAAGACTCGCA-1,1
TACCGCAAGGCGAAAC-1,2
TACCGTTGTGATTTGG-1,2
TACCTCATCCGCAACA-1,2
TACCTGCTCCCTTGCG-1,2
TACCTTAGTTCAAGCA-1,2
TACCTTAGTTGCGGAT-1,0
TACCTTTAGGACAACA-1,7
TACCTTTAGGCTGTGC-1,6
TACCTTTAGGTGAAAT-1,1
TACCTTTAGGTGTCCA-1,4
TACCTTTAGTCTTGAA-1,2
TACGCACCATGTTTGG-1,2
TACGGATTCTAACCTT-1,0
TACGGTTAGCTTAACA-1,3
TACGTAATCAAATCGC-1,5
TACGTAATCCTGCGAA-1,1
TACGTACAGTTAGTGC-1,0
TACGTACAGTTAGTTG-1,3
TACTAAGTCCAATAGC-1,0
TACTAAGTCTTTAAGG-1,8
TACTCGCTCCTCCATA-1,2
TACTGAGGTTAATGCG-1,1
TACTGCACAAACTAAG-1,1
TACTGCACAGCAACCT-1,0
TACTGGCCAGCTTAAT-1,0
TACTGGCCATAATGTC-1,2
TACTGGCCATCAGTAT-1,7
TACTTGTTCCGCCTAT-1,5
TAGAGCCGTGATTACG-1,7
TAGCAGGCAAGGTACG-1,0
TAGCAGGCAAGTTATC-1,0
TAGCAGGCATAATCAC-1,1
TAGCAGGCATAGACTT-1,4
TAGCATATCCGGTATG-1,0
TAGCATATCGGTTAGT-1,3
TAGCCGGGTCAGGAAG-1,6
TAGCCTCTCGTAACGT-1,2
TAGCCTGAGGAGCACG-1,0
TAGCCTTGTCATAACG-1,0
TAGCGCGGTACGCGCA-1,1
TAGCGCGGTTGCCTCA-1,5
TAGCGGACAGGACCTT-1,0
TAGCGGCTCAGCAAGA-1,2
TAGCGGCTCATTCATC-1,2
TAGCGGCTCCGCCAAA-1,8
TAGCGGCTCTCCATGC-1,4
TAGCTAATCACGTTAA-1,3
TAGCTAATCATGCGTG-1,7
TAGCTAATCTCCATAT-1,0
TAGCTAGGTACGCGCA-1,6
TAGCTAGGTTGCAATG-1,4
TAGCTTAAGGCGCTAC-1,3
TAGCTTAAGGTCCAAT-1,1
TAGCTTGCAAGGAATC-1,0
TAGCTTGCATCAATCG-1,1
TAGGAACCAGCAGGTA-1,3
TAGGAGGGTTACAACG-1,2
TAGGAGGGTTATCGAG-1,3
TAGGAGTCATCGCTCC-1,1
TAGGAGTCATTGTGGC-1,0
TAGGCTGTCAATGAGG-1,4
TAGGCTGTCAATTGGC-1,5
TAGGCTGTCGAGCTAT-1,0
TAGGCTTAGAGAGGAG-1,2
TAGGCTTAGGAAACTG-1,5
TAGGCTTAGGTGAGAC-1,7
TAGGGTTTCAGGTCCA-1,1
TAGGGTTTCGCATCCT-1,2
TAGGTTATCTTGAGCG-1,3
TAGTAACGTGTGTGGT-1,1
TAGTAACGTTCACCAT-1,5
TAGTAACGTTGTTGTC-1,2
TAGTAAGCATCCCGCT-1,5
TAGTACGGTGGATTGC-1,1
TAGTACGGTTAAGCCA-1,1
TAGTAGGAGAACCTGT-1,1
TAGTCAATCGTTCACC-1,0
TAGTGGCGTCTATCGT-1,7
TAGTGGCGTGTCCAGG-1,7
TAGTGTGGTCGACTCC-1,3
TAGTGTGGTTGTAAAC-1,2
TAGTTGTCAATGAATG-1,5
TAGTTGTCACCGGTAT-1,8
TAGTTTGAGCACAGAA-1,2
TATAACCCACTTACAG-1,5
TATAACCCATTAAAGG-1,7
TATAGCCAGCTTAGTA-1,3
TATAGGTGTACTGAAT-1,9
TATATCCTCATTAGCA-1,0
TATCACAAGCAAGGGT-1,4
TATCACAAGTTTGCGG-1,0
TATCACGCAAGGTACG-1,2
TATCGAGGTTGTAAAC-1,3
TATCGAGGTTTATCTG-1,1
TATCGCACAAGTGAAC-1,6
TATCGCGAGGATCACT-1,2
TATGAAGCAATAATCC-1,4
TATGACTCACTTAACG-1,2
TATGACTCAGGATTAA-1,4
TATGACTCAGTTTGTG-1,2
TATGCATCAACTGGCT-1,4
TATGCATCATGTTTGG-1,1
TATGGATGTGCTTTAC-1,0
TATGGATGTGGACCTG-1,7
TATGGCCCAAATTCGT-1,1
TATGGCCCATAGCGGA-1,4
TATGGGCGTCACCTAT-1,7
TATGGGCGTGGACATC-1,5
TATGGGCGTTAGCTGA-1,6
TATGGGCGTTCCGCAC-1,1
TATGGTCAGTGAGCAA-1,0
TATGTGATCCACCTTA-1,6
TATGTGATCCTAGTCC-1,1
TATGTGATCGGTAACT-1,6
TATTAGCCAATTGACT-1,1
TATTAGCCAGCAAATA-1,0
TATTAGCCATGTTGTG-1,0
TATTAGCCATTGTGTG-1,5
TATTAGGTCCCGTTGT-1,1
TATTAGGTCGCTAGTG-1,2
TATTCGTTCTTGCAAA-1,1
TATTGACCAGGCATGA-1,0
TATTGACCAGGCTAGA-1,4
TATTGACCATGAGTTT-1,4
TATTTGCTCACAGGAA-1,1
TATTTGCTCCTAACGG-1,2
TATTTGCTCGTTCACC-1,2
TATTTGCTCTAAATCG-1,1
TATTTGCTCTGTGCAG-1,1
TATTTGGAGTTTGGTA-1,6
TCAACAATCATCGTTT-1,7
TCAACAATCCAAGTTA-1,5
TCAACAATCTACTAAG-1,1
TCAAGAACATGACTAT-1,3
TCAAGAACATTGTGAT-1,0
TCAAGACTCTCCATAT-1,2
TCAAGCTAGCATTAGC-1,1
TCAAGCTAGTTAGGCT-1,3
TCAAGGAAGCACTAAC-1,0
TCAAGGAAGTCACTCC-1,0
TCAAGGAAGTTATTCC-1,0
TCAAGGTTCCCTCTAA-1,1
TCAAGTATCAGCAAGA-1,2
TCAAGTATCCTGCGAA-1,5
TCAATCGCAATATACC-1,2
TCAATCGCATACCCGG-1,0
TCAATCGCATGCTTAG-1,3
TCAATCGCATTGCAGC-1,6
TCACATAAGCCTGTTC-1,0
TCACATAAGTTCCCGT-1,8
TCACCGGCAACTAGAA-1,0
TCACCGGCACGGTTTA-1,2
TCACCTGGTGTTTGCT-1,0
TCACGGATCCGGCTAA-1,3
TCACTGACATTATCCC-1,0
TCAGCAAGTAATCACG-1,0
TCAGCCTTCACGAATC-1,3
TCAGCCTTCCACAATA-1,3
TCAGCCTTCCCTGACT-1,4
TCAGCCTTCGAGGTGG-1,5
TCAGCCTTCTTTAAGG-1,6
TCAGCGATCCTTGCAC-1,4
TCAGGAGCAACCCTAA-1,1
TCAGGAGCAATCCTGA-1,0
TCAGGAGCATGGCCCA-1,0
TCAGGTCCACAGGAAT-1,6
TCAGGTCCATCTTGAG-1,6
TCAGGTTAGCTAATCA-1,6
TCAGGTTAGCTATATG-1,0
TCAGTGAGTAATGACT-1,5
TCAGTGAGTTAATGAC-1,4
TCATAACCAAGCCACT-1,1
TCATAACCAAGCCAGA-1,0
TCATACTTCATTTGTC-1,3
TCATACTTCTAACCAA-1,1
TCATACTTCTCTAGCC-1,3
TCATCCATCAGCCAAT-1,5
TCATCCATCCCGTTGT-1,3
TCATCCATCTTGCAAA-1,0
TCATGCCTCACAGCCA-1,1
TCATGCCTCGTGCTTC-1,7
TCATGTTTCATAGCCG-1,5
TCATTACTCCCTCAGT-1,2
TCATTACTCTGCAAGT-1,8
TCATTACTCTTAGTGA-1,2
TCATTGCGTAATCGTG-1,0
TCATTGCGTTAGCAGC-1,2
TCATTTGGTAATTAGC-1,0
TCATTTGGTCACAGCG-1,1
TCCACAACAGTTTACG-1,2
TCCAGCAAGGCTGTCA-1,6
TCCAGGTCAAGGTCCT-1,6
TCCATAAAGATTGAGG-1,6
TCCATCATCCAATTAG-1,4
TCCATGCTCATGCGTG-1,0
TCCATGCTCGGGATTT-1,0
TCCATGCTCTCAATGA-1,3
TCCCGGACAGCTACGT-1,2
TCCCGTTAGGGACCTC-1,7
TCCCTCACAAATACCT-1,1
TCCCTCACAAGTGTTT-1,3
TCCCTCACAATAATGG-1,1
TCCCTCACATGAATCT-1,4
TCCCTGGTCTAATCAG-1,0
TCCGCCATCACTAATG-1,0
TCCGCCATCTGTTGCC-1,0
TCCGGAATCATGCTAA-1,1
TCCGGTAAGCTGTACG-1,0
TCCGGTTTCGAGGTGG-1,4
TCCTAGTGTGGAAACG-1,4
TCCTCAATCGACCTGA-1,2
TCCTCAATCGGGCCAT-1,0
TCCTCAATCTTCAATC-1,4
TCCTCACAGACAACGA-1,1
TCCTCACAGATACTTG-1,1
TCCTCACAGCCTGGTA-1,1
TCCTCACAGTGCTGTG-1,2
TCCTCACAGTTGGATC-1,1
TCCTCTAAGCTGTCAG-1,3
TCCTCTAAGGGATTAG-1,2
TCCTCTAAGGGTGGAT-1,2
TCCTGTTCAGCAACCT-1,3
TCCTTAGTCCCGAAGC-1,0
TCCTTAGTCCGGTATG-1,6
TCCTTAGTCTCCTCTT-1,1
TCCTTCAAGGCCTTAG-1,2
TCCTTGCAGGTCTTGG-1,5
TCCTTGCAGTACCGCA-1,1
TCCTTGCAGTTCCCAC-1,0
TCCTTTACAGCACCAT-1,1
TCCTTTACAGTAAGTA-1,4
TCGACAAGTAATAACC-1,2
TCGATTAAGGTCCTGA-1,2
TCGCATTGTACGTTTC-1,0
TCGCATTGTCTAACAG-1,2
TCGCATTGTGTTGTAG-1,0
TCGCCCATCCCATAGG-1,2
TCGCCCATCCTAGTTT-1,3
TCGCCCATCGGGACCT-1,0
TCGCGAGGTACAAAGA-1,4
TCGCGAGGTATTGGTG-1,3
TCGCGCACACCATATG-1,2
TCGCGCACACTCAACA-1,2
TCGCGCACAGCAAGTG-1,9
TCGCGCACATAGCTTG-1,4
TCGCGCACATGTTGGC-1,0
TCGGTAAGTATTGTCC-1,0
TCGGTAAGTCGCAAAC-1,3
TCGGTTACAATGAATG-1,1
TCGGTTTGTAATCACG-1,5
TCGTAATCAGCCTAAC-1,6
TCGTCAACAAAGCTAA-1,2
TCGTCAACAAGGGTTG-1,0
TCGTCAACAGCAAATA-1,3
TCGTGCTTCCCGAACA-1,4
TCGTTACGTGCAACTA-1,1
TCGTTAGCAGCTAATT-1,3
TCGTTAGCAGGCCTTG-1,0
TCGTTAGCATGAATAG-1,5
TCGTTATTCACCGGTA-1,2
TCGTTTCCAGCTTAAT-1,2
TCTAACCGTCACCTAT-1,1
TCTAACCGTTTAACGG-1,1
TCTAACCGTTTCGCCA-1,1
TCTACCTCAATGCGCT-1,2
TCTACCTCAGTCTAGC-1,6
TCTACCTCATGACTAT-1,4
TCTAGCACACAAAGGT-1,0
TCTAGCACAGGGAGGA-1,0
TCTAGCACATTATGGT-1,8
TCTAGCCTCACCGGTA-1,0
TCTAGCGAGATAGACG-1,2
TCTAGCGAGGAGTAAT-1,7
TCTATGTTCATTGCAA-1,1
TCTCAAGCACGTGCTG-1,5
TCTCAAGCATTAGGTT-1,5
TCTCAATTCATGCCTC-1,0
TCTCACCAGAGGCTAA-1,2
TCTCACCAGCCATCAG-1,5
TCTCACCAGTAATCCA-1,3
TCTCACCAGTATTGCA-1,5
TCTCACCAGTGAACGA-1,3
TCTCCTCGTGATGAGG-1,2
TCTCCTCGTTAACAGT-1,3
TCTCGCCCAAACTGTT-1,9
TCTCGCCCAATTGAGA-1,3
TCTCGCCCACCTCAGG-1,2
TCTGGCTTCGGTTTGG-1,6
TCTGTGACATTAGGTT-1,5
TCTTCAAGTGTTGTGA-1,4
TCTTGACGTGAGCACT-1,6
TCTTGACGTTGTTGTC-1,0
TCTTGTCCAATAACGA-1,6
TCTTTGTAGTCATTTC-1,1
TGAACAACACCAGGTT-1,3
TGAACAGAGTATTGGC-1,6
TGAAGCAAGCTTCTCA-1,1
TGAAGGATCCGGTTGA-1,3
TGAAGTGAGCACAGAA-1,7
TGACTCCTCCTTCGTA-1,3
TGACTCCTCTTAGTCT-1,1
TGACTTAAGAGAGGAG-1,1
TGACTTAAGGTCCTGA-1,7
TGACTTCGTACTTCAC-1,4
TGAGAACCAAGCCAGA-1,0
TGAGAACCAGGATAAC-1,0
TGAGAACCAGTAAGTA-1,0
TGAGCACGTTAGAGGG-1,2
TGAGCCGGTCCCGAAG-1,0
TGAGCCGGTTGTCATC-1,1
TGAGCTTAGCTTAGCG-1,7
TGAGGAGGTGACATAT-1,3
TGAGGGAGTCAATACG-1,3
TGAGGTGCACAGGATG-1,2
TGAGGTGCAGGAACAT-1,6
TGAGTGAAGCAAGGTA-1,6
TGAGTGAAGTTCCTGC-1,7
TGAGTTTCAAATACCT-1,2
TGAGTTTCAGGTTACC-1,3
TGAGTTTCATAGCGGA-1,2
TGATCAATCATCCTGC-1,4
TGATCAATCCCGTTAC-1,2
TGATCAATCGAGCTAT-1,0
TGATCAATCTTAGTCT-1,2
TGATCACAGGAAACTG-1,3
TGATCACAGTAATCCA-1,3
TGATCAGGTACGTTTC-1,0
TGATCAGGTATTGTGG-1,0
TGATCCTGTGTAACCA-1,2
TGATCGAGTAGACAAA-1,6
TGATCGAGTGGATGTC-1,3
TGATGAACAAGGTACG-1,0
TGATGAACAGCCTGCA-1,3
TGATGACTCCTTCGTA-1,5
TGATGATGTAGCTAAT-1,1
TGATGATGTATTGTGG-1,0
TGATGATGTCTTTGAC-1,0
TGATTAGTCAGCACGC-1,2
TGATTAGTCATAACCA-1,1
TGATTAGTCGGGACTC-1,5
TGATTAGTCTACCTGC-1,3
TGATTCAAGGGATGAC-1,0
TGCAAGCGTTACTAGG-1,2
TGCAATATCCTCATGC-1,2
TGCACTTGTCTTGCAT-1,0
TGCACTTGTTAGAGGG-1,2
TGCAGGCTCCTAAGTA-1,0
TGCATCCTCTTTGTAC-1,7
TGCATTAAGATAACCC-1,9
TGCCATTGTCCGTAGG-1,3
TGCCATTGTTGCATCT-1,8
TGCCGGTAGCGAGGTG-1,2
TGCCGGTAGCTGAGGG-1,1
TGCCGGTAGGATCCGC-1,3
TGCGATTAGCCTAATA-1,6
TGCGCAGGTCAAACTG-1,0
TGCGGTTCATTATGGT-1,5
TGCTAGCCAAGGTATA-1,4
TGCTATGCAACTAGAA-1,2
TGCTATGCATAGGCGA-1,0
TGCTATGCATGATTGT-1,0
TGCTCAACAGCTCATA-1,0
TGCTCACTCCCTGGAA-1,2
TGCTCACTCGCAGGCT-1,0
TGCTCCGTCAGCTAAC-1,0
TGCTCTCAGCAATAGG-1,5
TGCTTAAAGTGAGCAA-1,5
TGCTTCATCCTTCGTA-1,4
TGCTTCATCGCTAGAT-1,5
TGCTTTAGTGTTAAAC-1,4
TGCTTTAGTTTCCGGC-1,2
TGGAACAAGTTCCTGC-1,5
TGGACAAAGGTCCACA-1,0
TGGACAAAGTGGCGGA-1,3
TGGACCGGTGCTCACC-1,5
TGGACCGGTGTGCAAC-1,1
TGGACCGGTTGCGGAT-1,7
TGGACGGAGTAACGAG-1,0
TGGACGGAGTTACCGG-1,4
TGGACTAGTCACCTAT-1,3
TGGATTCAGCCTGAGC-1,3
TGGATTCAGGCATTAC-1,5
TGGATTGGTAGACAAA-1,6
TGGATTGGTCCACAAA-1,3
TGGCCAATCTAACTGA-1,1
TGGCCATCAAACCTTG-1,5
TGGCCATCACCATATG-1,5
TGGCCATCACCGGCTA-1,6
TGGCCATCATTGCGAC-1,4
TGGCCTTTCTCACTCA-1,2
TGGCCTTTCTTGAGGT-1,3
TGGCGGTTCCGCCTAT-1,0
TGGCTAAGTTGGTTCT-1,1
TGGCTTTGTCACCTAT-1,0
TGGCTTTGTTTATGGG-1,6
TGGGCATGTAATGGAA-1,1
TGGGCATGTCTTTGAC-1,0
TGGGCATGTGAGCACT-1,6
TGGGCCTAGCCGCTTT-1,1
TGGTCAGTCGTTAGTA-1,3
TGGTCATAGCACGTTG-1,6
TGGTCATAGCGGGCAA-1,3
TGGTCATAGTTATTCC-1,2
TGGTCCTTCAGGATGA-1,7
TGGTGATTCCGTTATT-1,7
TGGTGCATCGTCATTT-1,3
TGGTTAATCAAGCGCC-1,2
TGGTTAATCAGCACCA-1,0
TGGTTAATCCGGTTGA-1,2
TGGTTAATCCGTCCAT-1,0
TGGTTAATCCTAAGAC-1,6
TGGTTCTGTTCCTGTG-1,0
TGTAAAGCAAGCTAAA-1,6
TGTAAAGCAATTGAGA-1,6
TGTAAAGCAGCTCATA-1,4
TGTAACTCACCAGGTT-1,7
TGTAAGCTCCAAGTGT-1,0
TGTAAGTGTCAAGTAT-1,1
TGTAAGTGTCCTTAGT-1,0
TGTAAGTGTTCGCTTG-1,0
TGTAATGTCACAGCCA-1,0
TGTATCCGTTCACCCA-1,3
TGTATCGCAGTACCGT-1,6
TGTCAATCATCGTTCT-1,0
TGTCAATCATGTCAAT-1,1
TGTCATAAGGTCATTA-1,4
TGTCATAAGGTCCACA-1,0
TGTCATAAGGTTTGCG-1,0
TGTCCTGGTAGGTTGC-1,0
TGTCCTGGTTCGCGCT-1,6
TGTCCTTCAAAGCGCA-1,4
TGTCCTTCAAGTGAAC-1,0
TGTCCTTCAATAGTCT-1,0
TGTGCACCAATATACC-1,5
TGTGCACCATTGTGTG-1,4
TGTGCGCAGTAAGTGG-1,1
TGTGCGGGTGATGAGG-1,4
TGTGCTGAGCGCTCAA-1,1
TGTGGCCAGCGAGTAA-1,7
TGTGTTAAGAACCTGT-1,0
TGTGTTAAGGAATAAC-1,4
TGTGTTAAGGGATTAG-1,0
TGTGTTAAGTAAGGGC-1,1
TGTTACTTCGCTAGAT-1,6
TGTTATGAGCTCAATA-1,1
TGTTCATTCCAAATCA-1,0
TGTTGCACAATTGAGA-1,1
TGTTGCACAGCCAGAA-1,3
TGTTGCACAGTTTACG-1,0
TGTTGCACATTATGGT-1,3
TGTTGGCCATCTTGAG-1,3
TGTTGTAAGGCATGTT-1,1
TGTTGTAAGTAACCAC-1,3
TGTTGTGCAAGGATTA-1,4
TGTTGTGCACCTGCCT-1,2
TGTTGTTTCATAACGC-1,7
TGTTGTTTCATTTAGG-1,1
TGTTTGTTCTACCTGC-1,0
TTAAAGGCATAACGGG-1,3
TTAAGCCAGACAACGA-1,2
TTAAGCCAGCTATGAC-1,0
TTAAGGACACCAAAGG-1,5
TTAAGGACAGGTTCAC-1,1
TTAAGGACATTGACAT-1,6
TTAAGGTGTGCTAGCG-1,2
TTAAGGTGTTGAGCCG-1,4
TTAATCGAGCCGCTTT-1,1
TTACACCGTATTGTGG-1,7
TTACACCGTTAACGGC-1,5
TTACACCGTTGGTTAG-1,1
TTACAGCAGTGAGCAA-1,3
TTACCGTGTCATCAAG-1,1
TTACCGTGTTAGACCA-1,1
TTACCGTGTTCACCAT-1,0
TTACCTGTCTCACTCA-1,0
TTACCTGTCTTTAGGA-1,0
TTACGTTTCAAACTCA-1,8
TTAGAAGCACTTAGGC-1,0
TTAGACTCACAGGAAT-1,0
TTAGCAGGTGGATTGC-1,0
TTAGCGGTCAGCACCA-1,2
TTAGCTGCAAGCTTAT-1,0
TTAGCTGCACCTCAGG-1,5
TTAGCTGCAGGTTAAA-1,6
TTAGCTGCATTGCGAC-1,0
TTAGGATGTAAGTCGC-1,5
TTAGGATGTCCGTAGG-1,2
TTAGGATGTTCCGGGA-1,2
TTAGGATGTTGCATCT-1,2
TTAGGCCCACTTACAG-1,2
TTAGGCGTCCTAATGA-1,6
TTAGGCTAGCTATTGA-1,0
TTAGTCAAGCCTCTCG-1,6
TTATAGCCAGCTTACA-1,0
TTATAGCCAGGCGATA-1,2
TTATCCGTCCAGGTCA-1,4
TTATCCTAGGCATTAC-1,1
TTATCCTAGGGATTAG-1,4
TTATCCTAGTTAGACC-1,1
TTATGACCAACTAGGG-1,1
TTATGACCATTTAAGC-1,0
TTATGCGCAGTTTACG-1,2
TTATGCGCATTATGGT-1,1
TTATTGCTCAATCATG-1,1
TTATTGCTCATTTAGG-1,5
TTATTGCTCTGCAACG-1,1
TTCAACCGTTACGCAA-1,0
TTCAACCGTTGTTGTC-1,3
TTCACTGTCTCGACCT-1,3
TTCACTGTCTTTGAGA-1,6
TTCAGCACACCGGCTA-1,0
TTCAGCACAGGTTATT-1,1
TTCAGGTAGCTGTCAG-1,0
TTCATTCAGGTCATTA-1,0
TTCCACGGTACCGTAA-1,0
TTCCACGGTTAAATGC-1,2
TTCCACGGTTGAGCCG-1,2
TTCCCACAGCGCCTAA-1,3
TTCCCACAGCTAAAGG-1,7
TTCCCGCCATTAGGTT-1,9
TTCCTCAAGCACAGCC-1,3
TTCCTCAAGTTGGATC-1,4
TTCCTTCTCAGGAAGC-1,0
TTCCTTCTCATTGCGG-1,2
TTCGCAACAACAGCCT-1,1
TTCGGTACACCGGTAT-1,9
TTCGGTACACGAACAG-1,0
TTCGGTACACGGTACT-1,4
TTCGGTACAGCAACCT-1,3
TTCGGTACAGTAATAG-1,7
TTCGTGCTCCTGGTGA-1,1
TTCGTGCTCGCAATCG-1,0
TTCGTTAGTCTTGCTG-1,5
TTCGTTAGTGCACGCA-1,2
TTCTTAGGTAAAGCAA-1,6
TTCTTAGGTACCGAAC-1,0
TTGACATCAAACCTTG-1,2
TTGACATCAACGTGCT-1,4
TTGACATCATAGCTGC-1,1
TTGACGTAGAACCTAC-1,5
TTGACGTAGCAACAAG-1,7
TTGACGTAGGTTAGAG-1,6
TTGACTAAGTAAAGGT-1,4
TTGACTAAGTTTAACG-1,2
TTGAGGCGTAAATTGC-1,0
TTGATGTCAATTGAAG-1,1
TTGATGTCATTAAGTC-1,3
TTGCAAGGTGGGAACA-1,4
TTGCAAGGTTAAGTGT-1,2
TTGCAAGGTTGGCCGA-1,2
TTGCAATCAGACAAAC-1,2
TTGCAATCATGGCCTG-1,3
TTGCACACACGGTACT-1,3
TTGCAGCCAATTAACC-1,8
TTGCAGCCACGGTACT-1,1
TTGCAGCCAGCTTAAT-1,3
TTGCATTTCGCCTGTT-1,6
TTGCGAGTCCCTGTTA-1,4
TTGCGAGTCCGTTAAA-1,2
TTGCGAGTCTGGCAAT-1,3
TTGCGTCTCCGTAAAC-1,2
TTGCTCTCATAAGTCT-1,6
TTGCTCTCATTAAAGG-1,1
TTGCTTTAGCTGTACG-1,5
TTGGAGGCAGCCAGAA-1,5
TTGGATATCAGGTTTA-1,0
TTGGATATCCGTTAAA-1,2
TTGGATCAGCGATAAG-1,5
TTGGATTCAATTAAGG-1,0
TTGGCTGAGCGATACT-1,0
TTGGCTTGTACGTTTC-1,3
TTGGCTTGTGTCCAGG-1,1
TTGGCTTGTGTGTGGT-1,8
TTGGGCCAGCGGCTGT-1,2
TTGGGCCAGTAACGAG-1,1
TTGGGCGGTCCGTGAG-1,0
TTGGGCGGTCTCAGCC-1,0
TTGGGTTAGTCCTGAG-1,7
TTGGGTTAGTTATCTC-1,2
TTGGTGAGTCAAACTG-1,1
TTGTAAGTCGGGACTC-1,3
TTGTAAGTCGGTTTCC-1,2
TTGTCAAAGCGATAGA-1,8
TTGTCAAAGGAACCGG-1,3
TTGTCAAAGTTGGATC-1,3
TTGTCAAAGTTTGGTA-1,5
TTGTCCCAGCTCAAAC-1,0
TTGTCCGGTTAGGCTA-1,4
TTGTGCCTCATGGTGT-1,5
TTGTGTGCACTGGCCA-1,1
TTGTGTGCAGCATGGA-1,4
TTGTTCCCACGAATTT-1,6
TTGTTCCCAGCCAGTT-1,4
TTGTTCCCAGGCTTCG-1,1
TTGTTGCGTGTGCAAC-1,3
TTTAACCTCTTGGACG-1,0
TTTAAGGTCATAATCG-1,3
TTTACGAAGACAACAG-1,3
TTTACGAAGCAGGTTT-1,6
TTTAGCAAGGTAGCTT-1,2
TTTAGCTTCCACCTTA-1,0
TTTAGGATCGAAGCGG-1,0
TTTATGGAGTTGTCCC-1,0
TTTCACCCACAGCCAT-1,6
TTTCACCCAGTAGGTG-1,0
TTTCATCAGCCTGGTA-1,5
TTTCCACCACATAACT-1,1
TTTCCGGGTTTAGTCC-1,4
TTTCCTGAGTTGTCCC-1,0
TTTCGTCCAAGACTCC-1,0
TTTCGTCCACAACAAA-1,2
TTTCGTCCAGAGGGAG-1,3
TTTCGTCCATGACTAT-1,0
TTTCGTCCATTCCTGT-1,4
TTTCTCACACTTAGGC-1,8
TTTCTCACATTCCTGT-1,1
TTTCTTGCAGCACGTT-1,0
TTTGACCGTAGTAAGA-1,0
TTTGAGTCAAGGTATA-1,2
TTTGAGTCAGTACCGT-1,1
TTTGCATTCACTCAAA-1,0
TTTGCATTCGTGCCTT-1,0
TTTGCATTCTAAGGTC-1,3
TTTGCGACAATCCTGA-1,3
TTTGCGACATGCATAT-1,2
TTTGCGACATGTCGCG-1,3
TTTGCGGAGCAGGTTT-1,5
TTTGCGGAGCGAAGTA-1,0
TTTGCGGAGGTCGATT-1,0
TTTGGCTGTTTACGTC-1,1
TTTGTGGCATCCGTAA-1,6
TTTGTGGCATTAGCCA-1,2
TTTGTGGCATTGCGAC-1,7
TTTGTGTTCCGCCTAT-1,1
TTTGTGTTCCGTGACA-1,7
